qid,video_id,query,source_query,split_memberships,decision,reviewer,notes
neg_000ef094ab72bbbf,06OKE,person is drinking medicine on towel.,person is putting medicine on towel.,A2_alt:val,,,
neg_00298af012c7fde8,OE243,a person is running up the stairs towards a doorway.,a person is walking up the stairs towards a doorway.,A3:test,,,
neg_00333dbdfa8b6ff9,9JZO2,person pouring a glass of water.,person holding a glass of water.,A2_alt:test,,,
neg_005a9c98dc46862f,GV9M4,person put a drink from a glass.,person take a drink from a glass.,A1:val,,,
neg_006467e6e5b4b68e,FQAAB,person they are opening the door.,person they are closing the door.,A1:train;A2_alt:train;A3:train;C1:train;C2_alt:train,,,
neg_006ba24c315cc155,RO9RP,a person opens a closet.,a person opens a refrigerator.,A1:train;A2_alt:train;A3:train;C1:train;C2_alt:train,,,
neg_0072b24486e470b7,1W6ZK,a person walks a door.,a person opens a door.,A3:test,,,
neg_00799f5623232a1d,1AA6Z,person pours some food.,person eats some food.,A2_alt:val,,,
neg_007a6da23243c2d5,OHOFG,person starts pouring food from a plate.,person starts eating food from a plate.,A2_alt:test,,,
neg_009c9ef31503881c,9KDP0,a person walks into the laundry room.,a person runs into the laundry room.,A3:test,,,
neg_00a6e28e6b0f8c47,MT6C2,person close the window.,person open the window.,A1:train;A2_alt:train;A3:train;C1:train;C2_alt:train,,,
neg_00c12dd34b424a03,10LP3,person running through a doorway.,person walking through a doorway.,A3:val,,,
neg_00d5c7536fadee4b,ZDWM7,person putting a sandwich.,person eating a sandwich.,A1:test,,,
neg_00db8887f1346ddc,809QT,person takes a picture from it.,person takes a book from it.,C1:train;C2_alt:train,,,
neg_00ded655948d5fe3,VE5DN,person closes a cabinet.,person opens a cabinet.,A1:train;A2_alt:train;A3:train,,,
neg_00df8f3916b73d4a,OPSF8,a person takes some food.,a person eats some food.,A1:test,,,
neg_00ea0e7ba08bfdd5,0FM93,person walking the door behind them.,person closing the door behind them.,A3:test,,,
neg_0116c163db82428d,YAFX0,person starts taking the clothes.,person starts washing the clothes.,A1:test,,,
neg_0123f49ff5c49869,MIV2M,person sit on the bed.,person sit on the sofa.,A1:train;A2_alt:train;A3:train,,,
neg_0138bc00cd457c12,FK143,person they drink the medicine.,person they take the medicine.,A2_alt:test,,,
neg_015c322c4cccee39,9J7EW,person they sit on a couch.,person they sit on a chair.,A1:test;A2_alt:test;A3:test;C1:test;C2_alt:test,,,
neg_0164e6d891ffdac4,TTZVW,person take a cup of coffee.,person hold a cup of coffee.,A1:val,,,
neg_016794ce831a0291,PBGYV,a person opens a cabinet.,a person opens a door.,A1:train;A2_alt:train;A3:train,,,
neg_016b0328df87da5a,3R4DD,person sits in a couch.,person sits in a chair.,A1:test;A2_alt:test;A3:test;C1:test;C2_alt:test,,,
neg_016df1c7ccab7337,U4FR1,a person walks the door.,a person opens the door.,A3:val,,,
neg_017464f179ec9a97,T7ST5,person putting a piece of pie.,person eating a piece of pie.,A1:test,,,
neg_0182642363344e95,MILRI,a person is opening a door.,a person is opening a closet.,A1:train;A2_alt:train;A3:train;C1:train;C2_alt:train,,,
neg_018516587239cb1c,FPQRX,the person sits on the chair.,the person sits on the bed.,A1:train;A2_alt:train;A3:train,,,
neg_01934ec8b87d7f48,FNBYE,person take a box.,person open a box.,A1:test,,,
neg_0196f4a13598469e,64IAU,another person is closing the door.,another person is opening the door.,A1:train;A2_alt:train;A3:train;C1:train;C2_alt:train,,,
neg_019870c0d5fb6d85,0BH84,person puts their shoes on.,person takes their shoes off.,C1:train;C2_alt:train,,,
neg_019962b0c82cfcb2,XFT37,a person is opening the cabinet.,a person is opening the door.,A1:train;A2_alt:train;A3:train,,,
neg_019b1fce6b04bc38,Q2U7O,a person pours a glass of water from a window.,a person takes a glass of water from a window.,A2_alt:val,,,
neg_01a03228e7acb7e0,A30ZM,a person is putting a bag.,a person is opening a bag.,A1:val,,,
neg_01ae55107f2697db,N6R39,another person opens the door.,another person closes the door.,C1:train;C2_alt:train,,,
neg_01b4ed78d8d463ac,FQAAB,person close the cabinet.,person close the door.,A1:train;A2_alt:train;A3:train,,,
neg_01c1201a94eb1b8f,VU996,person walked the door.,person closed the door.,A3:test,,,
neg_01c61ff6dda87ef2,F1V30,person pouring a glass.,person washing a glass.,A2_alt:test,,,
neg_01c881fa60cc6cff,00T1E,person take the laptop.,person close the laptop.,A1:test,,,
neg_01ef6cd51f88067a,E5ZF5,the person poured a drink from a cup.,the person took a drink from a cup.,A2_alt:test,,,
neg_01faaf80943d65c1,LV4U7,a person in a pantry is taking a broom.,a person in a pantry is holding a broom.,A1:test,,,
neg_0206122c18fb539e,P981O,the person closes the cabinet behind the person.,the person closes the door behind the person.,A1:train;A2_alt:train;A3:train,,,
neg_0216ffd7ae8a678b,PHN7Z,person closing a cabinet.,person closing a door.,A1:train;A2_alt:train;A3:train,,,
neg_021c6d65f23dc08d,ZI1GC,person sit in the bed.,person sit in the chair.,A1:test;A2_alt:test;A3:test;C1:test;C2_alt:test,,,
neg_022670283bc56e00,CYCEV,person taking some food.,person holding some food.,A1:test,,,
neg_0229483af96ddc47,GX4B1,one person holds pillows.,one person throws pillows.,C1:train;C2_alt:train,,,
neg_022bce6f84dd0eb9,580G0,a person awakens in chair.,a person awakens in bed.,A1:test;A2_alt:test;A3:test;C1:test;C2_alt:test,,,
neg_022fdaa71d2ba657,K5NFS,the person begins putting their clothes.,the person begins tidying their clothes.,A1:test,,,
neg_0233e231575605fb,Y25DQ,person closes the door.,person opens the door.,A1:train;A2_alt:train;A3:train;C1:train;C2_alt:train,,,
neg_02759234429b1c2d,K7Z6T,one person takes a bag.,one person opens a bag.,A1:test,,,
neg_02b9bb78557f1663,7835X,person take shoes into a corner.,person throw shoes into a corner.,A1:test,,,
neg_02bdee8f74ab6c76,DUZDL,person walks closet door.,person opens closet door.,A3:test,,,
neg_02c4e7d79261479a,8MDSA,person closes the door.,person opens the door.,A1:train;A2_alt:train;A3:train;C1:train;C2_alt:train,,,
neg_02d8eb70121ac5a3,QQGU3,a person puts a box.,a person takes a box.,A1:test,,,
neg_02e2dee87f8930dd,RBQ9Y,person sit on the sofa.,person sit on the bed.,A1:test;A2_alt:test;A3:test;C1:test;C2_alt:test,,,
neg_02f8f0683920be26,5RY3S,the person takes a sandwich.,the person holds a sandwich.,A1:val,,,
neg_030659148c111eba,IKBYS,a person takes a medicine bottle.,a person holds a medicine bottle.,A1:val,,,
neg_030e13a457f449b6,TUD6M,person takes their blanket inside.,person throws their blanket inside.,A1:test,,,
neg_0325808f25a901d5,4U52R,person sit on the couch.,person sit on the bed.,A1:train;A2_alt:train;A3:train,,,
neg_032671eb57572d10,OJ4IE,the 2nd person opens the closet.,the 2nd person opens the door.,A1:train;A2_alt:train;A3:train;C1:train;C2_alt:train,,,
neg_0349080500dee5cd,R4BTI,person took their clothes out a bag.,person put their clothes in a bag.,C1:train;C2_alt:train,,,
neg_03752164fd749b96,XYTFC,person closes cabinet.,person opens cabinet.,A1:train;A2_alt:train;A3:train,,,
neg_03786945fb238716,DHDCF,person putting water from a glass.,person drinking water from a glass.,A1:test,,,
neg_037997bd2cdfe91c,SLHDI,a person is walking a door.,a person is closing a door.,A3:test,,,
neg_039d8386c266adce,CRTUY,person opens the door to it.,person closes the door to it.,C1:train;C2_alt:train,,,
neg_03ab793d4f5f0dc0,YPRUL,person walks a door.,person closes a door.,A3:test,,,
neg_03af0f25d46964ec,TMA9G,person closing the cabinet.,person closing the door.,A1:train;A2_alt:train;A3:train,,,
neg_03b56d8698ac71dc,GHC5X,a person puts a glass of water.,a person takes a glass of water.,A1:test,,,
neg_03bad920dce13ab9,K7HQG,another person is putting a book on the wall.,another person is putting a picture on the wall.,C1:train;C2_alt:train,,,
neg_03c7e3b8cc42cf87,17AZ5,the person opens a refrigerator.,the person opens a cabinet.,A1:train;A2_alt:train;A3:train,,,
neg_03cd19a782ce9138,5OV3M,person putting water from a glass.,person drinking water from a glass.,A1:test,,,
neg_040185722dc7cac4,TI9JB,person they open the dryer door.,person they close the dryer door.,A1:train;A2_alt:train;A3:train;C1:train;C2_alt:train,,,
neg_0415f50929c72316,COFJV,the person pours food.,the person eats food.,A2_alt:test,,,
neg_042b1fb3f5c12b16,KFC28,a person is sitting down on a couch.,a person is sitting down on a chair.,A1:train;A2_alt:train;A3:train,,,
neg_0455245fb5621cce,ICQZX,a person walks a closet door.,a person opens a closet door.,A3:test,,,
neg_045d9d0e66fd702d,06OKE,a person takes a towel on a table.,a person puts a towel on a table.,A1:val,,,
neg_04752207b6ed8040,0KZYF,a person is putting a sandwich.,a person is eating a sandwich.,A1:test,,,
neg_047a5bcb4fa9ddae,F9YMU,a person is opening the door.,a person is closing the door.,A1:train;A2_alt:train;A3:train;C1:train;C2_alt:train,,,
neg_047b7feafef21e52,D7W4E,a person takes a coffee cup on a shelf.,a person puts a coffee cup on a shelf.,A1:test,,,
neg_04832abe6674acb7,7IPW7,person runs through the doorway into a room.,person walks through the doorway into a room.,A3:test,,,
neg_0483f3e04027e154,7L3DI,person sits in a bed.,person sits in a chair.,A1:val;A2_alt:val;A3:val;C1:val;C2_alt:val,,,
neg_049932c0b59f2ca2,QMHK8,person runs into room holding a bag.,person walks into room holding a bag.,A3:test,,,
neg_04abbec421b67a88,CW4AU,the person takes off shoes.,the person puts on shoes.,C1:train;C2_alt:train,,,
neg_04aca99fb7dd34c8,HS14N,a person walks into the kitchen.,a person runs into the kitchen.,A3:test,,,
neg_04b4fab69ad695fb,KV6V8,person the girl takes her laptop.,person the girl closes her laptop.,A1:test,,,
neg_04b5513d5e674dd3,2XSK6,person they sit in a couch at a desk.,person they sit in a chair at a desk.,A1:train;A2_alt:train;A3:train,,,
neg_04dd6f8345b7e995,O6FSN,a person in a kitchen closes a refrigerator door.,a person in a kitchen opens a refrigerator door.,A1:train;A2_alt:train;A3:train;C1:train;C2_alt:train,,,
neg_0500dfc2188539da,3LM6H,a person is putting a broom.,a person is holding a broom.,A1:val,,,
neg_051c1f46a337dcf8,YPRUL,the person walks the door.,the person closes the door.,A3:test,,,
neg_052e47fb330a440a,V8JOH,person opens the door.,person closes the door.,A1:train;A2_alt:train;A3:train;C1:train;C2_alt:train,,,
neg_0534caa9d718573c,X91NG,person opens the closet twice.,person opens the door twice.,A1:train;A2_alt:train;A3:train;C1:train;C2_alt:train,,,
neg_0537dca8dcc59c1f,6H78U,a person runs with a phone.,a person plays with a phone.,A3:test,,,
neg_053ab678b409da1a,MOREL,a person opens the refrigerator.,a person opens the cabinet.,A1:train;A2_alt:train;A3:train,,,
neg_053b35acb9a1a2bb,NBMH9,person walking the door behind them.,person closing the door behind them.,A3:test,,,
neg_053d73f1b80ecfda,W3DYV,person closes the cabinet.,person closes the door.,A1:train;A2_alt:train;A3:train,,,
neg_053e58214d21e30f,QDZ38,person starts putting the mirror.,person starts washing the mirror.,A1:val,,,
neg_054ec5f6dc6c127c,TTZVW,person putting a cup of coffee.,person drinking a cup of coffee.,A1:val,,,
neg_054f216c94543309,JEB7V,a person is eating on the sofa.,a person is eating on the bed.,A1:test;A2_alt:test;A3:test;C1:test;C2_alt:test,,,
neg_055e0bfb095287f8,6OROW,a person is sitting on a couch opening a book.,a person is sitting on a chair opening a book.,A1:train;A2_alt:train;A3:train,,,
neg_056a5ea747ed8f3d,SUG5S,there is a person sitting on a sofa.,there is a person sitting on a bed.,A1:test;A2_alt:test;A3:test;C1:test;C2_alt:test,,,
neg_057649222c8921a1,IWTWJ,person later sits on the chair.,person later sits on the couch.,A1:test;A2_alt:test;A3:test;C1:test;C2_alt:test,,,
neg_05888eed39e521f6,12XD3,person pouring some food.,person eating some food.,A2_alt:test,,,
neg_0588f9c88a2f7af7,SP6M4,person opens box.,person opens bag.,A1:train;A2_alt:train;A3:train,,,
neg_058dee0e9f5afe29,UL9LN,person closes door into wardrobe gets clothes out.,person opens door into wardrobe gets clothes out.,A1:train;A2_alt:train;A3:train;C1:train;C2_alt:train,,,
neg_059158d294940095,6U47G,a man sits down on a bed.,a man sits down on a couch.,A1:test;A2_alt:test;A3:test;C1:test;C2_alt:test,,,
neg_05924b473280b3b0,IIL9C,there is a person laying on the bed eating something.,there is a person laying on the sofa eating something.,A1:test;A2_alt:test;A3:test;C1:test;C2_alt:test,,,
neg_059b173d4683cf1a,FPQRX,the person sits on the couch.,the person sits on the bed.,A1:train;A2_alt:train;A3:train,,,
neg_05b880a512af44b6,J3RD3,person walks the door.,person closes the door.,A3:test,,,
neg_05c587f6fab51803,7O6FK,a person puts a blanket on the floor.,a person throws a blanket on the floor.,A1:test,,,
neg_05daaa1d58d00b55,TPHRR,a person is sitting in a bed.,a person is sitting in a chair.,A1:val;A2_alt:val;A3:val;C1:val;C2_alt:val,,,
neg_05df9b156ffff95a,28BVI,person taking a glass of water.,person holding a glass of water.,A1:test,,,
neg_062a4ee7b7e3875c,C6V75,person walks the door.,person opens the door.,A3:test,,,
neg_062b497f34b9107d,0TKKR,person putting a sandwich.,person eating a sandwich.,A1:test,,,
neg_062c4858fd073e87,OFB7A,a person is putting a cup of coffee.,a person is drinking a cup of coffee.,A1:val,,,
neg_06347b9e14f6d978,BL7OF,the person takes shoes under the window.,the person throws shoes under the window.,A1:test,,,
neg_06630a3c13bf8a8c,W7EDM,person puts some food.,person eats some food.,A1:test,,,
neg_0674dd457ba47412,H608V,a person walks around the room in a circle.,a person runs around the room in a circle.,A3:test,,,
neg_067a4ed8bdecc743,OLV1L,person begins to put a vacuum.,person begins to fix a vacuum.,A1:val,,,
neg_067b510add51e9cb,X16WJ,a person sitting down in a couch.,a person sitting down in a chair.,A1:val;A2_alt:val;A3:val;C1:val;C2_alt:val,,,
neg_067f27e54c96ced7,47Y1V,a person in the hallway taking a picture begins undressing.,a person in the hallway holding a picture begins undressing.,A1:test,,,
neg_06818099ec1c5a2c,SUE5L,the person is putting a cup.,the person is holding a cup.,A1:test,,,
neg_069d79e51ee1a011,9WLBQ,person they open the cabinet.,person they open the refrigerator.,A1:train;A2_alt:train;A3:train,,,
neg_06e5da021dfc2fd2,8GXNA,the person puts the clothes in.,the person takes the clothes out.,C1:train;C2_alt:train,,,
neg_0709446326252d32,W7EDM,person pours some food.,person eats some food.,A2_alt:test,,,
neg_07179070ecf2f6a2,6ZWSU,person walks the door.,person closes the door.,A3:test,,,
neg_0721abd5dcdd44b9,HHNTA,a person is running around the room eating a sandwich.,a person is walking around the room eating a sandwich.,A3:test,,,
neg_0731fb58adf458f1,TR652,person taking book.,person reading book.,A1:test,,,
neg_07325f3031fcccae,4TX4N,person putting a sandwich.,person eating a sandwich.,A1:test,,,
neg_073824e7db7e13f5,27DCQ,a person awakens in sofa.,a person awakens in bed.,A1:test;A2_alt:test;A3:test;C1:test;C2_alt:test,,,
neg_073863262ebdb99a,CLU7Z,a person closes a window.,a person opens a window.,A1:train;A2_alt:train;A3:train;C1:train;C2_alt:train,,,
neg_0745d0030ee2f0df,6E4JA,a person in the corner is pouring food.,a person in the corner is eating food.,A2_alt:val,,,
neg_074d73296ed6474f,9EEGQ,person walking pantry door.,person fixing pantry door.,A3:test,,,
neg_075510130610b682,00NN7,person opens the door.,person closes the door.,A1:train;A2_alt:train;A3:train;C1:train;C2_alt:train,,,
neg_07562ae49c790e23,DPJH4,the person puts a can of food from a shelf.,the person takes a can of food from a shelf.,A1:val,,,
neg_0759a8d3c242ec03,TLSUX,person walks into the laundry room.,person runs into the laundry room.,A3:val,,,
neg_0770edca4a824284,DLOS7,person a persno is taking a light.,person a persno is fixing a light.,A1:test,,,
neg_0794951c881a32f5,S1LQF,person drinks water in glass.,person pours water in glass.,C1:train;C2_alt:train,,,
neg_079bc6d0457a1309,BFH78,the person takes a small towel.,the person holds a small towel.,A1:test,,,
neg_07ba81a4bd49c277,ZL55N,person opening a door.,person closing a door.,A1:train;A2_alt:train;A3:train;C1:train;C2_alt:train,,,
neg_07bf540e61b9db89,CR1OK,person they go sit in the couch.,person they go sit in the chair.,A1:val;A2_alt:val;A3:val;C1:val;C2_alt:val,,,
neg_07ca4a2b1a166f30,0UPBN,person lies down on a sofa behind them.,person lies down on a bed behind them.,A1:test;A2_alt:test;A3:test;C1:test;C2_alt:test,,,
neg_07cc1937c111f894,KZODG,person they put the laptop.,person they close the laptop.,A1:val,,,
neg_07e13859b6c3d6b9,5R7VN,person walking a door on the stairs.,person closing a door on the stairs.,A3:test,,,
neg_07e258070bbedddd,OLV1L,person begins to take a vacuum.,person begins to fix a vacuum.,A1:val,,,
neg_07e76ba6e17429c2,AKO6M,the person puts a bag from the bottom cabinet.,the person takes a bag from the bottom cabinet.,A1:test,,,
neg_07efd4e6c0175a53,UAT1F,person close a laptop.,person open a laptop.,A1:train;A2_alt:train;A3:train;C1:train;C2_alt:train,,,
neg_080c27a8b024c553,8ZO48,person takes a pillow.,person throws a pillow.,A1:val,,,
neg_082d049c1ad9a338,UVP3F,a person opens the cabinet.,a person opens the refrigerator.,A1:train;A2_alt:train;A3:train,,,
neg_082efa42fa9534ac,VTYXW,the person opens the cabinet.,the person opens the refrigerator.,A1:train;A2_alt:train;A3:train,,,
neg_08344a3cc54294d0,MT6C2,person they close a window.,person they open a window.,C1:train;C2_alt:train,,,
neg_08463def03a42fa3,9J7EW,there is a person putting a bag.,there is a person holding a bag.,A1:test,,,
neg_08489ca728a5abfe,358JF,the person puts a glass of water from nearby.,the person takes a glass of water from nearby.,A1:test,,,
neg_084d01d1782d116f,UWRQV,the person opens a refrigerator.,the person opens a cabinet.,A1:train;A2_alt:train;A3:train,,,
neg_0873022434dd542d,2PZBY,person walks the door.,person opens the door.,A3:test,,,
neg_088517d8e60738d3,IUETR,person runs through the doorway.,person walks through the doorway.,A3:test,,,
neg_089e971c6edcbfb6,ZYJJF,a person walks clothes on a desk.,a person puts clothes on a desk.,A3:test,,,
neg_08a7bd215f5a2f9e,TSKZL,the person walks the dryer door.,the person closes the dryer door.,A3:val,,,
neg_08b203552aa78886,RVVDR,a person was taking a bag which he.,a person was holding a bag which he.,A1:test,,,
neg_08bf8191490ff14b,11DD3,a person is sitting on a couch.,a person is sitting on a bed.,A1:train;A2_alt:train;A3:train,,,
neg_08c0d9d7f7109895,PAA7V,person takes the dish into a box on the floor.,person puts the dish into a box on the floor.,A1:test,,,
neg_08c7f40b182b5e62,GL7E6,person puts some medicine.,person takes some medicine.,A1:test,,,
neg_08d135db8d88cdcf,U9LKA,person get up open the closet.,person get up open the door.,A1:train;A2_alt:train;A3:train;C1:train;C2_alt:train,,,
neg_08e1d5d0c2ccb1b7,T42A2,person running across the room to open a cabinet door.,person walking across the room to open a cabinet door.,A3:test,,,
neg_08fba2a8524e2493,VJG6E,a person walks into the recreation room.,a person runs into the recreation room.,A3:test,,,
neg_090934efcbcf733b,4MGUQ,person sitting in a bed.,person sitting in a chair.,A1:val;A2_alt:val;A3:val;C1:val;C2_alt:val,,,
neg_092002f139655621,TF95Y,person closes the refrigerator.,person opens the refrigerator.,A1:train;A2_alt:train;A3:train;C1:train;C2_alt:train,,,
neg_0922c2f5cf3e6c63,XFLQH,person puts a box next to the bed.,person opens a box next to the bed.,A1:val,,,
neg_0923e8a295474d77,5KGCY,person they pour a glass off the table.,person they take a glass off the table.,A2_alt:val,,,
neg_092f3ad0345f18f7,SBHID,person opened the closet.,person opened the door.,A1:train;A2_alt:train;A3:train;C1:train;C2_alt:train,,,
neg_092fbda4ea0a2661,4MGUQ,person sitting in a couch.,person sitting in a chair.,A1:val;A2_alt:val;A3:val;C1:val;C2_alt:val,,,
neg_093f49e32e660dda,P73KX,person sits on a couch.,person sits on a chair.,A1:train;A2_alt:train;A3:train,,,
neg_094d5dc01f3bd84f,SR8IK,person putting a glass of water.,person drinking a glass of water.,A1:test,,,
neg_095b2c36fd8ef3bd,GK15U,a person sits on the bed.,a person sits on the sofa.,A1:train;A2_alt:train;A3:train,,,
neg_095e08a299892e21,G06QC,person pours a drink from a glass.,person takes a drink from a glass.,A2_alt:val,,,
neg_09604566c92369f4,RBQ9Y,person sit on the couch.,person sit on the bed.,A1:test;A2_alt:test;A3:test;C1:test;C2_alt:test,,,
neg_097e4b4a1e34750f,UL5X4,person puts a drink from a cup of coffee.,person takes a drink from a cup of coffee.,A1:test,,,
neg_09950b1000fe8070,JG7UX,the person opens the closet.,the person opens the refrigerator.,A1:train;A2_alt:train;A3:train;C1:train;C2_alt:train,,,
neg_0997479ca183a435,JVISI,person he pours a drink from the cup.,person he takes a drink from the cup.,A2_alt:val,,,
neg_09a13014fbfde423,KFC28,a person is sitting down on a sofa.,a person is sitting down on a chair.,A1:train;A2_alt:train;A3:train,,,
neg_09a7d180876dc570,1W6ZK,person they walk the door.,person they open the door.,A3:test,,,
neg_09b21a44a664229d,RKOOJ,a person runs into the room holding a picture.,a person walks into the room holding a picture.,A3:test,,,
neg_09d1f44a8c695a52,TZ9FE,a person walks into a room.,a person runs into a room.,A3:test,,,
neg_09d3e272fbfb3831,SJJLG,person sits on a sofa.,person sits on a chair.,A1:test;A2_alt:test;A3:test;C1:test;C2_alt:test,,,
neg_09ddf77ace5a1ab6,1FIGA,person walks the door.,person closes the door.,A3:test,,,
neg_09de607385fbac37,VG7S6,person puts a vacuum.,person takes a vacuum.,A1:test,,,
neg_09e5848a9052878e,M6HAF,person walk the refrigerator door.,person open the refrigerator door.,A3:test,,,
neg_09e6e0c9ce118dd7,B3HCE,person close a book.,person open a book.,A1:train;A2_alt:train;A3:train;C1:train;C2_alt:train,,,
neg_09e8c499c663da03,IBX56,person putting a sandwich.,person eating a sandwich.,A1:val,,,
neg_09ece2125c06d232,E0U3R,person sits in a bed.,person sits in a chair.,A1:train;A2_alt:train;A3:train,,,
neg_09fcb4cdc11ec56c,GL7E6,person they pour the medicine.,person they take the medicine.,A2_alt:test,,,
neg_0a07dc0b4d373e4a,W1SRN,person opens the refrigerator.,person opens the cabinet.,A1:train;A2_alt:train;A3:train,,,
neg_0a0ca4af9999e009,MAUMO,person puts a drink from a glass.,person takes a drink from a glass.,A1:test,,,
neg_0a121d34c67ebd48,Z3H4P,person pours some food on a plate.,person puts some food on a plate.,A2_alt:test,,,
neg_0a1d7592a95d522e,DUAOJ,person sits on a couch.,person sits on a chair.,A1:train;A2_alt:train;A3:train,,,
neg_0a23ebe4b2b886e6,FXRMG,person opens a cabinet.,person opens a door.,A1:train;A2_alt:train;A3:train,,,
neg_0a3da7175990c15c,MBAA5,person walks a closet door.,person opens a closet door.,A3:test,,,
neg_0a41351bba7ce861,TU9K1,person walking clothes.,person tidying clothes.,A3:test,,,
neg_0a5d8fbd3a52ddfc,VU996,the person took the pillow into the closet.,the person put the pillow into the closet.,A1:test,,,
neg_0a5eda86b6f21bfa,YPRUL,person pours a drink from a glass.,person takes a drink from a glass.,A2_alt:test,,,
neg_0a69c24b207ac513,WXXYY,person begins running with their phone.,person begins playing with their phone.,A3:test,,,
neg_0a8b904d7254ae92,BQKW5,a person runs into a room holding a box.,a person walks into a room holding a box.,A3:val,,,
neg_0a994ae43b10e6a3,IGVLE,person take a book.,person take a picture.,C1:train;C2_alt:train,,,
neg_0aadd1a332032608,13XM4,person pours some food inside.,person puts some food inside.,A2_alt:test,,,
neg_0ab2f8fb56b8d444,MNBEI,this person opens cabinet.,this person opens door.,A1:train;A2_alt:train;A3:train,,,
neg_0abfa975e24dce7b,JMCBE,a person is taking items off the stairs like blankets.,a person is throwing items off the stairs like blankets.,A1:test,,,
neg_0acc443068dad9f9,7WIKW,person takes a glass of water.,person pours a glass of water.,A1:val,,,
neg_0adb8f377f17586a,VAXUU,person begin opening the closet door.,person begin closing the closet door.,A1:train;A2_alt:train;A3:train;C1:train;C2_alt:train,,,
neg_0add1c68876c56fc,NPNB3,person takes off shoes.,person puts on shoes.,C1:train;C2_alt:train,,,
neg_0ae0783fbb5cf396,K5NFS,the person begins taking their clothes.,the person begins tidying their clothes.,A1:test,,,
neg_0af91e16979072f6,7VZ5M,person sitting in a bed near a laptop.,person sitting in a chair near a laptop.,A1:train;A2_alt:train;A3:train,,,
neg_0afc65b9aa713177,QYM5H,a person takes a towel on the floor.,a person throws a towel on the floor.,A1:test,,,
neg_0afcd3703ae14a78,IGZZG,person putting books.,person reading books.,A1:test,,,
neg_0b0d1bd545feacc8,106AY,person pouring food.,person eating food.,A2_alt:val,,,
neg_0b1abaf2a3cbdae1,KB7WQ,the person puts a box that's been searched through.,the person closes a box that's been searched through.,A1:test,,,
neg_0b1fe0e68bbb4f57,T5SI3,person starts to take the box.,person starts to close the box.,A1:test,,,
neg_0b2124f7f753636e,E6DLK,the person sits in the bed momentarily.,the person sits in the chair momentarily.,A1:test;A2_alt:test;A3:test;C1:test;C2_alt:test,,,
neg_0b2634806adf079f,DFJ3N,a person is pouring water from a glass.,a person is drinking water from a glass.,C1:train;C2_alt:train,,,
neg_0b2f05d836a92d1a,MZ3I3,person pours a drink from a cup.,person takes a drink from a cup.,A2_alt:test,,,
neg_0b33e27bba298c06,1AA6Z,person puts some food.,person eats some food.,A1:val,,,
neg_0b4308e1e541555c,5SGU6,the person next opens a refrigerator.,the person next opens a cabinet.,A1:train;A2_alt:train;A3:train,,,
neg_0b4f2371cc6dbc19,FQOGZ,person pouring the food on the table.,person putting the food on the table.,A2_alt:test,,,
neg_0b6a84e11421151c,0J5T4,a person pours some food from the refrigerator.,a person takes some food from the refrigerator.,A2_alt:val,,,
neg_0b79e0ec79c33ef5,VQOBM,person opens refrigerator.,person opens cabinet.,A1:train;A2_alt:train;A3:train,,,
neg_0b868152e5701885,O7N6K,a person opens the cabinet to their bedroom.,a person opens the door to their bedroom.,A1:train;A2_alt:train;A3:train,,,
neg_0b86f1eb6dbe1afe,8W0XJ,person opens a window.,person closes a window.,A1:train;A2_alt:train;A3:train;C1:train;C2_alt:train,,,
neg_0b87fca4634a35aa,AEKYE,person takes the food.,person eats the food.,A1:test,,,
neg_0b898f4b73801923,8ZO48,person sits in a couch.,person sits in a chair.,A1:val;A2_alt:val;A3:val;C1:val;C2_alt:val,,,
neg_0b8a1ba3310e896d,B0SV3,person walks the doors.,person opens the doors.,A3:test,,,
neg_0b8e0acef3f8aac0,DUSJO,person takes the cup on a shelf.,person puts the cup on a shelf.,A1:test,,,
neg_0b96eb2f66d44c67,3ZHEX,person closes the cabinet.,person closes the door.,A1:train;A2_alt:train;A3:train,,,
neg_0b9bd09c4cb20057,UL5X4,person pours a drink from a cup of coffee.,person takes a drink from a cup of coffee.,A2_alt:test,,,
neg_0ba9c7b5f69fb41e,NB0S4,person puts a box on a shelf in the wardrobe.,person puts a bag on a shelf in the wardrobe.,C1:train;C2_alt:train,,,
neg_0bd16408aed44397,BT7FV,person puts the book.,person opens the book.,A1:val,,,
neg_0bd3be4327e50338,YRX5H,person opens the closet.,person opens the door.,A1:train;A2_alt:train;A3:train;C1:train;C2_alt:train,,,
neg_0be7cd21f34a0d80,T0LOH,the person sits on a couch.,the person sits on a chair.,A1:train;A2_alt:train;A3:train,,,
neg_0beb2d802e3bcfd0,AK9PN,person sit on the bed.,person sit on the sofa.,A1:test;A2_alt:test;A3:test;C1:test;C2_alt:test,,,
neg_0bec7722ba17bb8d,SBI6Z,person puts a drink into a glass.,person pours a drink into a glass.,A1:test,,,
neg_0bf0d81e93813434,UPT25,a person sits down on a bed.,a person sits down on a couch.,A1:test;A2_alt:test;A3:test;C1:test;C2_alt:test,,,
neg_0bf4ab6bd940a7c6,PROQY,one person walks into the entryway with a towel.,one person runs into the entryway with a towel.,A3:val,,,
neg_0c0218fddc2e4e73,U91SO,person opens the cabinet doors.,person closes the cabinet doors.,A1:train;A2_alt:train;A3:train;C1:train;C2_alt:train,,,
neg_0c0e8bdd6a63332d,KZODG,the person takes a laptop on the coffee table.,the person closes a laptop on the coffee table.,A1:val,,,
neg_0c30b2804e1f2b35,3ND23,person they sit on a chair.,person they sit on a sofa.,A1:train;A2_alt:train;A3:train,,,
neg_0c5b331642e6cf42,EW8GX,person runs through a doorway.,person walks through a doorway.,A3:test,,,
neg_0c69bdf9e9ef754d,BOOKV,person sitting on the chair.,person sitting on the couch.,A1:train;A2_alt:train;A3:train,,,
neg_0c6ece2c2a629a1f,UL5X4,person sitting on chair stands up.,person sitting on bed stands up.,A1:test;A2_alt:test;A3:test;C1:test;C2_alt:test,,,
neg_0c6fe243005621e5,MCMTH,person begins putting the glass.,person begins washing the glass.,A1:test,,,
neg_0c80d5dd8ea76032,NTXXB,person puts a picture.,person takes a picture.,A1:test,,,
neg_0c86957077215e3b,J662Y,a person sits on a sofa.,a person sits on a chair.,A1:test;A2_alt:test;A3:test;C1:test;C2_alt:test,,,
neg_0c879ae5967a6df5,7177T,person walking the door.,person opening the door.,A3:test,,,
neg_0c92e01783bd28d2,NO1GJ,a person is walking the clothes.,a person is washing the clothes.,A3:test,,,
neg_0c9b3f8e26e710b8,G3UF4,a person takes a book.,a person opens a book.,A1:test,,,
neg_0c9b49c589befd0a,KZPBC,person closes a book to read.,person opens a book to read.,A1:train;A2_alt:train;A3:train;C1:train;C2_alt:train,,,
neg_0ccf5ad3274dc6de,DSI0N,the person is walking the door.,the person is closing the door.,A3:test,,,
neg_0cd72976832af088,TK1VC,person put a book from it.,person take a book from it.,A1:test,,,
neg_0cdec37907253424,3JCEI,person pours things on the floor from the table.,person throws things on the floor from the table.,A2_alt:test,,,
neg_0ce2314dcadfb4bd,T7ST5,person taking a piece of pie.,person eating a piece of pie.,A1:test,,,
neg_0cee474d8129f426,TCQ97,person sits on a bed.,person sits on a couch.,A1:train;A2_alt:train;A3:train,,,
neg_0cf6690502f3c3e4,AWCQN,a person walks the door to their house's entryway.,a person closes the door to their house's entryway.,A3:val,,,
neg_0cf918009d5fa5f4,1FIGA,a person walks into the closet with a box.,a person runs into the closet with a box.,A3:test,,,
neg_0d06baae5cf98aac,16D5O,a person runs into the pantry holding a pillow.,a person walks into the pantry holding a pillow.,A3:val,,,
neg_0d38d9927eabae6e,USM36,a person is putting a laptop.,a person is opening a laptop.,A1:val,,,
neg_0d64a741cfde338e,NODDU,person takes a book.,person takes a picture.,C1:train;C2_alt:train,,,
neg_0d67746b940ebc0d,QOYH2,person puts a drink from a cup.,person takes a drink from a cup.,A1:test,,,
neg_0d69eace3982783d,21F9H,sitting down on a chair in a comfortable manner.,sitting down on a bed in a comfortable manner.,A1:test;A2_alt:test;A3:test;C1:test;C2_alt:test,,,
neg_0d6e7633d2c035d5,GQ341,the person takes a cup of coffee.,the person pours a cup of coffee.,A1:test,,,
neg_0d7b11c120106791,TCJCJ,a person takes a book.,a person reads a book.,A1:test,,,
neg_0d7feba880dbe6f4,E6DLK,a person sits on a bed.,a person sits on a chair.,A1:test;A2_alt:test;A3:test;C1:test;C2_alt:test,,,
neg_0d8489b3f8ec5488,AZC1I,person sit in the couch.,person sit in the chair.,A1:train;A2_alt:train;A3:train,,,
neg_0d95d3103ff396f1,0F7LW,person walks a closet door.,person opens a closet door.,A3:test,,,
neg_0da087e3e058eb2d,UR55B,person putting a bag of groceries.,person holding a bag of groceries.,A1:test,,,
neg_0da7bef9152532c8,EOKJ0,person just walks the clothes on the floor.,person just puts the clothes on the floor.,A3:val,,,
neg_0dbed496ae47da32,D07V2,person opening the closet.,person opening the refrigerator.,A1:train;A2_alt:train;A3:train;C1:train;C2_alt:train,,,
neg_0ddb354cee984a4e,9TM1K,person takes the book.,person closes the book.,A1:test,,,
neg_0ddd80548c9162e4,U36AB,person takes cup on floor.,person puts cup on floor.,A1:val,,,
neg_0e2f9efd550e6e1f,BLBJY,a person is putting food.,a person is eating food.,A1:val,,,
neg_0e4d4b1e25231de0,7MRKY,person puts a laptop.,person closes a laptop.,A1:test,,,
neg_0e4e21344880ce62,X4YHQ,person sitting down in a couch.,person sitting down in a chair.,A1:train;A2_alt:train;A3:train,,,
neg_0e545d268801a509,120YL,person sits down in a couch at the table.,person sits down in a chair at the table.,A1:test;A2_alt:test;A3:test;C1:test;C2_alt:test,,,
neg_0e5d44a0176e2cb3,5O31N,a person opens a door.,a person closes a door.,A1:train;A2_alt:train;A3:train;C1:train;C2_alt:train,,,
neg_0e67fa57abe21018,5NF0R,a person sits down on a bed.,a person sits down on a couch.,A1:train;A2_alt:train;A3:train,,,
neg_0e7c45d7a752a664,Y665P,person sits down on the chair.,person sits down on the sofa.,A1:test;A2_alt:test;A3:test;C1:test;C2_alt:test,,,
neg_0e7e8aba1730333e,0OUEP,person walks a door.,person closes a door.,A3:val,,,
neg_0e82d81d7d3e3fdf,MZ3X9,person walk the door.,person open the door.,A3:test,,,
neg_0e83634f073a488d,XJA7Z,person puts a glass of water.,person pours a glass of water.,A1:test,,,
neg_0e8d32149e630abc,RBNLA,person open the door.,person close the door.,A1:train;A2_alt:train;A3:train;C1:train;C2_alt:train,,,
neg_0e92758798a7de8d,0BNML,a person sitting on the sofa opens a book.,a person sitting on the bed opens a book.,A1:train;A2_alt:train;A3:train,,,
neg_0eb16feed31f29af,SA7GL,person they open the laptop.,person they close the laptop.,A1:train;A2_alt:train;A3:train;C1:train;C2_alt:train,,,
neg_0eb46a6ed200ace6,STHIK,person taking a cup of coffee.,person drinking a cup of coffee.,A1:test,,,
neg_0eb9a33ee3b7772c,URWJL,person sits on the couch.,person sits on the bed.,A1:train;A2_alt:train;A3:train,,,
neg_0ebf3e6559a995f9,VRY89,person opens a door.,person closes a door.,A1:train;A2_alt:train;A3:train;C1:train;C2_alt:train,,,
neg_0ee72a29b2ae1ed1,OQSXX,one person is sitting on the bed.,one person is sitting on the sofa.,A1:test;A2_alt:test;A3:test;C1:test;C2_alt:test,,,
neg_0eea4f23a717c671,N0ZPI,person put a drink from the cup.,person take a drink from the cup.,A1:test,,,
neg_0eeaf1dc8344f139,Y1HGC,person putting a glass of water.,person drinking a glass of water.,A1:test,,,
neg_0ef897616e9a8926,1FPW9,person sits back on the sofa.,person sits back on the bed.,A1:val;A2_alt:val;A3:val;C1:val;C2_alt:val,,,
neg_0f1c0a41691f527a,SJJLG,person sits in a bed.,person sits in a chair.,A1:test;A2_alt:test;A3:test;C1:test;C2_alt:test,,,
neg_0f24f612f5923cc2,IV1S7,person drinks the glass on the table.,person puts the glass on the table.,A2_alt:test,,,
neg_0f3c63660fc5e689,ZKNHG,person take a book.,person take a picture.,C1:train;C2_alt:train,,,
neg_0f5ea743233e5ab9,NPEA3,person opens the door.,person closes the door.,A1:train;A2_alt:train;A3:train;C1:train;C2_alt:train,,,
neg_0f64b33af81c21b2,5R7VN,the person is taking shoes.,the person is throwing shoes.,A1:test,,,
neg_0f940800bc754fe6,AWN1C,person pours a drink from a cup.,person takes a drink from a cup.,A2_alt:test,,,
neg_0f9453252d5f2d30,NBMH9,person sitting in a bed.,person sitting in a chair.,A1:test;A2_alt:test;A3:test;C1:test;C2_alt:test,,,
neg_0f99dd695689874f,LV4U7,person walking in the open doorway of a pantry.,person standing in the open doorway of a pantry.,A3:test,,,
neg_0f9db82180564fb2,2SYBS,person takes the pillow back on the bed.,person throws the pillow back on the bed.,A1:val,,,
neg_0fa831b4608f790d,8VSV6,person sits in a couch.,person sits in a chair.,A1:train;A2_alt:train;A3:train,,,
neg_0fb73ec4cec575c7,SP6M4,person opens book.,person closes book.,A1:train;A2_alt:train;A3:train;C1:train;C2_alt:train,,,
neg_0fbb8c0b0ed59624,K0X80,the person walks the door.,the person opens the door.,A3:val,,,
neg_0fdb6812a2d29b59,2O6RB,a person opens the cabinets.,a person opens the refrigerators.,A1:train;A2_alt:train;A3:train,,,
neg_0fe5b718c56da28f,ZDWM7,person taking a sandwich.,person eating a sandwich.,A1:test,,,
neg_0fec21d6ec72ef03,OJ6SX,person closes a door.,person opens a door.,A1:train;A2_alt:train;A3:train;C1:train;C2_alt:train,,,
neg_0ff8669398e64ed3,KW0K8,a person sits down on a bed.,a person sits down on a chair.,A1:train;A2_alt:train;A3:train,,,
neg_0ffdccaf2bd34ab3,0IAGO,a person puts on their shoes.,a person takes off their shoes.,C1:train;C2_alt:train,,,
neg_0fff5c470a66e632,QTRIN,person throwing a pillow opens the door.,person holding a pillow opens the door.,A1:train;A2_alt:train;A3:train;C1:train;C2_alt:train,,,
neg_1011152a94d6959d,CGNBJ,person open a door.,person open a closet.,A1:train;A2_alt:train;A3:train;C1:train;C2_alt:train,,,
neg_102787a6f4ff9959,0UPBN,person taking a box.,person holding a box.,A1:test,,,
neg_10417ea9da459036,68QO4,the person opens the book.,the person closes the book.,A1:train;A2_alt:train;A3:train;C1:train;C2_alt:train,,,
neg_105c8444b2b65d9d,X8JVY,person walks the door.,person closes the door.,A3:test,,,
neg_107918c21bfa6a28,136V6,person walked the door behind them.,person closed the door behind them.,A3:test,,,
neg_107d436b1242a135,1MD1H,a person awakens on the couch in a living room.,a person awakens on the sofa in a living room.,A1:train;A2_alt:train;A3:train;C1:train;C2_alt:train,,,
neg_1088e2978c20a764,DHFA6,a person sits on the chair.,a person sits on the sofa.,A1:train;A2_alt:train;A3:train,,,
neg_1099289c1fafd4b8,ITJZB,person they sit down on a bed.,person they sit down on a sofa.,A1:train;A2_alt:train;A3:train,,,
neg_109f36f3d603a6d3,1T8RK,person puts in a towel.,person takes out a towel.,C1:train;C2_alt:train,,,
neg_10a64f4fe55a21e7,W0YVE,a person walks into the entryway.,a person runs into the entryway.,A3:test,,,
neg_10b799cfcf78fc47,FEWUR,person puts on their shoes.,person takes off their shoes.,C1:train;C2_alt:train,,,
neg_10bc9f2cb56be0d6,VNQTH,a person is walking clothes on the shelf.,a person is putting clothes on the shelf.,A3:test,,,
neg_10e0b79c45256d13,KE5EM,person sitting down in a bed with a backpack.,person sitting down in a chair with a backpack.,A1:test;A2_alt:test;A3:test;C1:test;C2_alt:test,,,
neg_10f549209a1bb5cf,S1W8H,a person opens a door in their kitchen.,a person opens a cabinet in their kitchen.,A1:train;A2_alt:train;A3:train,,,
neg_10f72dfd64736c98,7C13O,person sits on couch.,person sits on chair.,A1:val;A2_alt:val;A3:val;C1:val;C2_alt:val,,,
neg_110efe66fed70223,RNLTR,person walking their clothes on the sofa.,person throwing their clothes on the sofa.,A3:test,,,
neg_111587e6316155e9,GQ341,the person puts a cup of coffee.,the person pours a cup of coffee.,A1:test,,,
neg_1145a69a5740319c,5SBEY,person sits down on another couch.,person sits down on another bed.,A1:test;A2_alt:test;A3:test;C1:test;C2_alt:test,,,
neg_1148cee1a8de4b07,OO6BH,person they open the closet.,person they open the door.,A1:train;A2_alt:train;A3:train;C1:train;C2_alt:train,,,
neg_1168ea6cad616ec8,EURF2,the person sits on the couch.,the person sits on the bed.,A1:test;A2_alt:test;A3:test;C1:test;C2_alt:test,,,
neg_116fae0bb1818b9b,DCRI5,a person walks a closet door.,a person opens a closet door.,A3:test,,,
neg_11843b1da377ab0a,ZS7X6,person they take a book out of the box.,person they take a picture out of the box.,C1:train;C2_alt:train,,,
neg_1193ff25d6316c7f,EOA7I,person opens closet.,person opens door.,A1:train;A2_alt:train;A3:train;C1:train;C2_alt:train,,,
neg_11aaf9f55474e659,7EBTI,person runs through the doorway.,person walks through the doorway.,A3:val,,,
neg_11be0e3feabba9f8,120YL,the person puts the box.,the person opens the box.,A1:test,,,
neg_11be65defc33f897,JVXMI,person takes a book.,person takes a picture.,C1:train;C2_alt:train,,,
neg_11c171abdb15323b,CMC93,person open the closet.,person open the door.,A1:train;A2_alt:train;A3:train;C1:train;C2_alt:train,,,
neg_11c321d0d1f3e35d,X9M5B,the person is sitting in the bed with the laptop.,the person is sitting in the couch with the laptop.,A1:test;A2_alt:test;A3:test;C1:test;C2_alt:test,,,
neg_11d84f29b37c88b7,PCNUP,person takes the picture on the floor.,person puts the picture on the floor.,A1:test,,,
neg_11f1dccad406a205,VJ0LT,person puts it into a glass.,person pours it into a glass.,A1:test,,,
neg_1209cceaf3f6c95c,D0AGO,person put a glass of soda.,person pour a glass of soda.,A1:test,,,
neg_120fbc2d08887e5f,1WI77,the person opens a closet.,the person opens a door.,A1:train;A2_alt:train;A3:train;C1:train;C2_alt:train,,,
neg_12131761edca8cef,B57IW,person they are opening a cabinet.,person they are opening a door.,A1:train;A2_alt:train;A3:train,,,
neg_12147496449df38f,4BEZX,the person walks the door.,the person closes the door.,A3:test,,,
neg_122797a7d24c8ffb,TH3M0,person sits on a bed.,person sits on a chair.,A1:test;A2_alt:test;A3:test;C1:test;C2_alt:test,,,
neg_122f13b004ccca39,8MQH6,a person walks a closet door.,a person opens a closet door.,A3:test,,,
neg_1245956ce3aeee5f,2U3X0,a man is pouring some food.,a man is holding some food.,A2_alt:test,,,
neg_125869de8b170535,0VOQC,a person walks into the room.,a person runs into the room.,A3:val,,,
neg_12767870545aa7a1,QEY8N,person sitting in a couch eating a sandwich.,person sitting in a chair eating a sandwich.,A1:train;A2_alt:train;A3:train,,,
neg_12784d670432dad7,D8BTU,person closes the cabinet door.,person opens the cabinet door.,A1:train;A2_alt:train;A3:train;C1:train;C2_alt:train,,,
neg_127d8e1ed7bed248,417RA,a person awakens on a couch.,a person awakens on a bed.,C1:train;C2_alt:train,,,
neg_129af89543aa6ee5,8Z5SJ,a person opens a window.,a person closes a window.,C1:train;C2_alt:train,,,
neg_12b27236a2de6ee0,0WYBK,person taking a sandwich.,person eating a sandwich.,A1:test,,,
neg_12b7385127df9a18,APQSV,person opens another closet.,person opens another door.,A1:train;A2_alt:train;A3:train;C1:train;C2_alt:train,,,
neg_12c0fa2704c2a905,VFAE3,a person is walking the door.,a person is closing the door.,A3:test,,,
neg_12c1be52466e05a3,BL7OF,the person puts shoes under the window.,the person throws shoes under the window.,A1:test,,,
neg_12c6797e2f2c723f,ABPGE,person they begin putting a glass of water.,person they begin drinking a glass of water.,A1:test,,,
neg_12c96add4a685924,S8TI7,person sits on a chair.,person sits on a bed.,A1:train;A2_alt:train;A3:train,,,
neg_12d1343e43f191af,J6JNK,person walking the door.,person closing the door.,A3:test,,,
neg_1300fd95d88a29fc,E002I,person lies down on the couch.,person lies down on the bed.,A1:test;A2_alt:test;A3:test;C1:test;C2_alt:test,,,
neg_130372788e0ca25e,AK2KG,a person is sitting on a chair.,a person is sitting on a bed.,A1:test;A2_alt:test;A3:test;C1:test;C2_alt:test,,,
neg_1330086a87af8db7,30I35,person puts a drink from the glass.,person takes a drink from the glass.,A1:test,,,
neg_1345491be20be8ad,GTK8W,person sits back down in the bed.,person sits back down in the chair.,A1:train;A2_alt:train;A3:train,,,
neg_13476f7d133670f3,BGX4T,person they open the door.,person they close the door.,A1:train;A2_alt:train;A3:train;C1:train;C2_alt:train,,,
neg_134a7a767d5bb79c,CVX3K,person pours water from a glass.,person drinks water from a glass.,C1:train;C2_alt:train,,,
neg_135dac789cab2154,CXNYW,person taking a sandwich.,person eating a sandwich.,A1:test,,,
neg_1365d94f3dc62431,DLBRW,person closing the cabinet.,person closing the door.,A1:train;A2_alt:train;A3:train,,,
neg_13728b67b2b83fcd,A1BS2,person walked a cabinet door.,person opened a cabinet door.,A3:test,,,
neg_1373a69ed2b0ccd9,QYE21,person open the window.,person close the window.,A1:train;A2_alt:train;A3:train;C1:train;C2_alt:train,,,
neg_13a3dcfef91f6a68,DLOS7,person a persno is putting a light.,person a persno is fixing a light.,A1:test,,,
neg_13a625aef4ef1427,TIWRY,person they drink the glass.,person they wash the glass.,A2_alt:test,,,
neg_13afaa58cc04ab31,2MJ72,person close the cabinet to their bedroom.,person close the door to their bedroom.,A1:train;A2_alt:train;A3:train,,,
neg_13c4c28464097549,OZ5SV,the person puts the picture down.,the person puts the book down.,C1:train;C2_alt:train,,,
neg_13c9fa23d239b5f3,4CAHN,person they pour a cup from the refrigerator.,person they take a cup from the refrigerator.,A2_alt:val,,,
neg_13caa7fd11332146,BM9NZ,the person pours food.,the person eats food.,A2_alt:test,,,
neg_13ce94adb890128c,KFC28,a person sits down in a bed.,a person sits down in a chair.,A1:train;A2_alt:train;A3:train,,,
neg_13d0f7c4f7f2cc36,FRC6O,person closes a laptop.,person opens a laptop.,A1:train;A2_alt:train;A3:train;C1:train;C2_alt:train,,,
neg_13d1403377e9b08b,9Z1A3,person takes shoes off.,person puts shoes on.,C1:train;C2_alt:train,,,
neg_13d26f71081bf0a7,GH19N,person is walking door to closet.,person is opening door to closet.,A3:test,,,
neg_13d5b8a18f3ae6f8,C6INR,person put a picture with a camera.,person take a picture with a camera.,A1:test,,,
neg_13ede158ac346fc5,NBMH9,person walking a door.,person opening a door.,A3:test,,,
neg_13f9e64ce3d8bc55,J5K87,person taking a glass of orange juice.,person drinking a glass of orange juice.,A1:test,,,
neg_13feada4f0e641e7,E002I,person goes back to walk the door.,person goes back to close the door.,A3:test,,,
neg_1402d7cdfd0a837f,0KZYF,person walks a door.,person opens a door.,A3:test,,,
neg_140f16127e1c9a5e,4713W,person walks door.,person opens door.,A3:val,,,
neg_141d938945c0f6e9,T4HF9,person walk a door.,person open a door.,A3:val,,,
neg_1420a45aeec213e5,QRSRE,puts a drink as the person opens the closet door.,takes a drink as the person opens the closet door.,A1:test,,,
neg_14212ca99ab4e3e4,P73KX,person sits on a sofa.,person sits on a chair.,A1:train;A2_alt:train;A3:train,,,
neg_145218b8e161c529,4X2JC,the person begins pouring the food in the bowl.,the person begins eating the food in the bowl.,A2_alt:val,,,
neg_145abf5104b2daac,55NNF,person open the cabinet.,person open the refrigerator.,A1:train;A2_alt:train;A3:train,,,
neg_145cdaae05118d30,6FUDS,person continue pouring some food out of a bowl.,person continue eating some food out of a bowl.,A2_alt:val,,,
neg_146782dece117b23,O8N4M,a person awakens on the sofa in the living room.,a person awakens on the couch in the living room.,A1:train;A2_alt:train;A3:train;C1:train;C2_alt:train,,,
neg_146887141d7ba1d0,H26YY,the person takes the plate on the shelf.,the person puts the plate on the shelf.,A1:val,,,
neg_148225005b038446,4021D,person opens the door.,person closes the door.,A1:train;A2_alt:train;A3:train;C1:train;C2_alt:train,,,
neg_14b4fa521892f3d6,UETQS,a person sits in a couch.,a person sits in a chair.,A1:test;A2_alt:test;A3:test;C1:test;C2_alt:test,,,
neg_14cd44b595c8408b,HKJUR,person opening a cabinet.,person opening a refrigerator.,A1:train;A2_alt:train;A3:train,,,
neg_14e5b8b1ff4fe5a1,2XSK6,a person opens a closet.,a person opens a door.,A1:train;A2_alt:train;A3:train;C1:train;C2_alt:train,,,
neg_14f11bb423b77b23,TJJKK,person put a picture of the room.,person take a picture of the room.,A1:test,,,
neg_14f3fdd1e7a4a8aa,U4FR1,the person walks the door.,the person opens the door.,A3:val,,,
neg_1501e0f95fb78eb2,5CN21,person putting a pillow.,person holding a pillow.,A1:test,,,
neg_1511e81e3ff0da3f,0UQU6,a person awakens in chair.,a person awakens in bed.,A1:train;A2_alt:train;A3:train;C1:train;C2_alt:train,,,
neg_15142a33995bdc59,N0ODO,the first person walks the door.,the first person closes the door.,A3:test,,,
neg_151b68c66d765e2e,8NEYJ,a person walks a door.,a person opens a door.,A3:test,,,
neg_152425cf91bf1bd1,X9LP4,person puts a book.,person reads a book.,A1:test,,,
neg_152f203387e39547,5BQMX,person closing the door.,person opening the door.,A1:train;A2_alt:train;A3:train;C1:train;C2_alt:train,,,
neg_15493ea01ae60025,DCRI5,a man walks his closet door.,a man opens his closet door.,A3:test,,,
neg_15618dc3503b3048,MZAN6,person walks the door.,person closes the door.,A3:val,,,
neg_156b3fe1d0ef4f25,K87AC,person closing the cabinet behind them.,person closing the door behind them.,A1:train;A2_alt:train;A3:train,,,
neg_156ea896ee7df8cb,MYBRN,person walks some cupboard doors.,person closes some cupboard doors.,A3:test,,,
neg_1577a729edfde406,WWL0K,person takes the blanket off the stairs.,person throws the blanket off the stairs.,A1:test,,,
neg_15a2daab05aefca2,2OJY8,person put a box of dishes.,person open a box of dishes.,A1:test,,,
neg_15c6d9135eae21a7,PBEUF,a person is taking a drink into a glass.,a person is pouring a drink into a glass.,A1:test,,,
neg_15c920c79778c07c,9OJXP,a person opens the cabinet.,a person opens the door.,A1:train;A2_alt:train;A3:train,,,
neg_15cbf04e3ededaa6,OHS4T,person sits on a couch.,person sits on a chair.,A1:train;A2_alt:train;A3:train,,,
neg_15d7b2894645aefe,0KZYF,person taking a sandwich.,person eating a sandwich.,A1:test,,,
neg_161abcfaacc04326,P4MBS,person takes the laptop.,person closes the laptop.,A1:val,,,
neg_1644f8b5da446747,A2Z46,person open the book.,person close the book.,C1:train;C2_alt:train,,,
neg_1655b8a545eb8153,IHLXC,person lies down on the bed.,person lies down on the sofa.,A1:train;A2_alt:train;A3:train;C1:train;C2_alt:train,,,
neg_16752b0449b6eadc,FU7HP,person walks the door,person closes the door,A3:val,,,
neg_167b3fad60ad7e3c,ECW3E,person puts a pink laptop from a shelf opens.,person takes a pink laptop from a shelf opens.,A1:test,,,
neg_167fe83bdd3f1300,0TKKR,person takes a glass of water.,person drinks a glass of water.,A1:test,,,
neg_16957e499406d811,KTKWL,person closes the door.,person opens the door.,A1:train;A2_alt:train;A3:train;C1:train;C2_alt:train,,,
neg_16a119eef88c7416,AJLGU,person they open the refrigerator.,person they open the cabinet.,A1:train;A2_alt:train;A3:train,,,
neg_16a4fe8d0484d62a,4BEZX,person they sit down in a bed.,person they sit down in a chair.,A1:test;A2_alt:test;A3:test;C1:test;C2_alt:test,,,
neg_16a590cc3cfdc4e1,P3CLM,person they take the book.,person they close the book.,A1:test,,,
neg_16a5e3d613f355df,FV9AL,a person is closing a door.,a person is opening a door.,A1:train;A2_alt:train;A3:train;C1:train;C2_alt:train,,,
neg_16a75b0a5091f6e9,F44A2,person puts a picture.,person takes a picture.,A1:val,,,
neg_16bb10994da11397,KXIMH,the person puts the box.,the person opens the box.,A1:val,,,
neg_16d10028d9988a7e,0F453,person is opening cabinet.,person is opening refrigerator.,A1:train;A2_alt:train;A3:train,,,
neg_16dc7f5f3a11cd80,3IPI3,the person takes a sandwich.,the person eats a sandwich.,A1:test,,,
neg_16ddfe813ea2f158,AM4QC,a person opens the closet.,a person opens the refrigerator.,A1:train;A2_alt:train;A3:train;C1:train;C2_alt:train,,,
neg_16e15305011a146b,BTN7H,person closes the cabinet.,person closes the door.,A1:train;A2_alt:train;A3:train,,,
neg_16ea2662a4ca8e50,H0L5S,person walking the door.,person opening the door.,A3:test,,,
neg_16f04c76a14ae659,SJ51G,person walk the door.,person close the door.,A3:test,,,
neg_1709e43acff76b3d,W6210,person opens the cabinet.,person opens the door.,A1:train;A2_alt:train;A3:train,,,
neg_170e8d0cdd39006b,QVD5B,a person is in the entryway taking a bag.,a person is in the entryway holding a bag.,A1:test,,,
neg_171235623acc7fb6,GC51E,a person on their stairs puts on their shoes.,a person on their stairs takes off their shoes.,C1:train;C2_alt:train,,,
neg_171f6ac8de91d6d7,75AX5,person opens the cabinet.,person opens the door.,A1:train;A2_alt:train;A3:train,,,
neg_17303cebdb318a1f,O2294,person opened a box.,person opened a bag.,A1:train;A2_alt:train;A3:train,,,
neg_17344cac102c418d,C3ZJU,another person is sitting on a sofa eating a sandwich.,another person is sitting on a chair eating a sandwich.,A1:train;A2_alt:train;A3:train,,,
neg_1766bbf5099d8357,7MRKY,person put a laptop.,person close a laptop.,A1:test,,,
neg_176b0f35dd39c537,Q4UO4,person they open the cabinet to the refrigerator.,person they open the door to the refrigerator.,A1:train;A2_alt:train;A3:train,,,
neg_177f2d0424c58a70,UPWTC,person takes off shoes.,person puts on shoes.,C1:train;C2_alt:train,,,
neg_1793f6333acdb3c0,8F17S,person closes a refrigerator.,person closes a cabinet.,A1:train;A2_alt:train;A3:train,,,
neg_17a60365732594c8,4UYGY,a person awakens on a couch.,a person awakens on a bed.,A1:train;A2_alt:train;A3:train;C1:train;C2_alt:train,,,
neg_17bce9eb37666913,7XCAP,person they are taking a glass of water.,person they are drinking a glass of water.,A1:test,,,
neg_180b597c73a6e3cb,BMVXJ,person opens up the closet.,person opens up the refrigerator.,A1:train;A2_alt:train;A3:train;C1:train;C2_alt:train,,,
neg_180baa1d541555b0,L9J5I,a person is sitting on the couch eating some food.,a person is sitting on the bed eating some food.,A1:train;A2_alt:train;A3:train,,,
neg_180ea1548001319d,Z9XLJ,puts on their jacket .the person opens a closet door.,takes off their jacket .the person opens a closet door.,C1:train;C2_alt:train,,,
neg_181b597850405447,50E06,a person in their recreation room is taking some food.,a person in their recreation room is eating some food.,A1:test,,,
neg_1824d5c5598284ac,T96JC,person puts a vacuum.,person takes a vacuum.,A1:test,,,
neg_1837ad14fac0be00,GKH0F,one person puts a phone from a bag.,one person takes a phone from a bag.,A1:test,,,
neg_183a0b2b6f211629,JTXAM,person took the book.,person closed the book.,A1:test,,,
neg_183b6ce265960372,0F453,person is opening closet.,person is opening refrigerator.,A1:train;A2_alt:train;A3:train;C1:train;C2_alt:train,,,
neg_18478d7b1002c0c1,6AHD0,a person is sitting on a chair.,a person is sitting on a sofa.,A1:val;A2_alt:val;A3:val;C1:val;C2_alt:val,,,
neg_185303da40e25f5c,1Q4SL,person closing a door.,person opening a door.,A1:train;A2_alt:train;A3:train;C1:train;C2_alt:train,,,
neg_185599997b2d5899,SJ4QF,person takes a glass.,person washes a glass.,A1:test,,,
neg_18575141e3f8b7ff,0NZVB,person close the cabinet.,person close the door.,A1:train;A2_alt:train;A3:train,,,
neg_185c9e5f6d07c29f,T5SI3,person starts to put the box.,person starts to close the box.,A1:test,,,
neg_18ca3a388cb11fb0,2Y8XQ,person he puts something into a glass.,person he pours something into a glass.,A1:test,,,
neg_18d210cdc329d363,WJQPA,a person opens a door.,a person opens a cabinet.,A1:train;A2_alt:train;A3:train,,,
neg_18e4d617a26e9039,J6JNK,person walking a wood door.,person closing a wood door.,A3:test,,,
neg_18f05ad113cef0b0,B0XI9,person they begin taking the glass of water.,person they begin drinking the glass of water.,A1:test,,,
neg_18f08aff38617d26,EGY7O,person back to the stove to begin pouring the food.,person back to the stove to begin cooking the food.,A2_alt:val,,,
neg_19381c37aaa05f0f,AFY5E,a person is closing the door to a bedroom.,a person is opening the door to a bedroom.,A1:train;A2_alt:train;A3:train;C1:train;C2_alt:train,,,
neg_194a65e39e6ef440,GN0M8,person run through a open doorway.,person walk through a open doorway.,A3:test,,,
neg_194e3e9e4b5bcd81,LNEAG,person puts paper on top of pillow.,person puts picture on top of pillow.,C1:train;C2_alt:train,,,
neg_195da90ed5aef354,4O32W,person putting a glass of water with the other.,person drinking a glass of water with the other.,A1:val,,,
neg_195f980e2e5f2007,CPM4M,person sit on the bed.,person sit on the sofa.,A1:test;A2_alt:test;A3:test;C1:test;C2_alt:test,,,
neg_19636eabc4825004,4KK20,person putting a box.,person opening a box.,A1:test,,,
neg_1966eecfd919fc00,7Z69Y,person sitting on a sofa.,person sitting on a chair.,A1:train;A2_alt:train;A3:train,,,
neg_1986368b5605f633,XSVLL,a person walks into the entryway.,a person runs into the entryway.,A3:test,,,
neg_1987020b1f420f8e,DHDCF,person putting a glass of water.,person drinking a glass of water.,A1:test,,,
neg_19a717c46ef9e9e4,PE41X,a person is sitting on a sofa holding a broom.,a person is sitting on a chair holding a broom.,A1:train;A2_alt:train;A3:train,,,
neg_19b58f6b7c70b0bb,GV9M4,person puts a drink from a glass of water.,person takes a drink from a glass of water.,A1:val,,,
neg_19c1a7f8e21bfc48,OUAIS,person opening the closet.,person opening the door.,C1:train;C2_alt:train,,,
neg_19c239aa361b7961,AK2KG,a person is sitting on a sofa.,a person is sitting on a bed.,A1:test;A2_alt:test;A3:test;C1:test;C2_alt:test,,,
neg_19c3fc004f745e2e,K7NRW,a person takes a bag.,a person opens a bag.,A1:test,,,
neg_19ceac1a3999980c,JIWY2,person puts a cup of coffee at the kitchen table.,person drinks a cup of coffee at the kitchen table.,A1:val,,,
neg_19edf4123c7af47f,KV6V8,person the girl puts her laptop.,person the girl closes her laptop.,A1:test,,,
neg_1a0bf46419c566ec,3YNPY,person sits down in a bed.,person sits down in a chair.,A1:val;A2_alt:val;A3:val;C1:val;C2_alt:val,,,
neg_1a2ece9622320115,SVIXG,person puts a few pieces from inside.,person eats a few pieces from inside.,A1:test,,,
neg_1a35a55b9e624aa5,5NV2Z,person pours a cup off a desk.,person takes a cup off a desk.,A2_alt:test,,,
neg_1a4c7d9c07bcb1e4,PP2FF,the person is sitting on the chair eating.,the person is sitting on the bed eating.,A1:val;A2_alt:val;A3:val;C1:val;C2_alt:val,,,
neg_1a56b91980b3eaa0,0QES3,the person takes off shoes.,the person puts on shoes.,C1:train;C2_alt:train,,,
neg_1a6586c4f6f9deb9,DUSJO,person drinks the cup on a shelf.,person puts the cup on a shelf.,A2_alt:test,,,
neg_1a688b72c73b3f56,DC94A,person sits in the couch.,person sits in the chair.,A1:train;A2_alt:train;A3:train,,,
neg_1a89e665aa92fc76,9Q1N7,a person is running to the couch.,a person is running to the bed.,C1:train;C2_alt:train,,,
neg_1aa05c747f4cfad0,D09K3,person they begin opening a closet.,person they begin opening a door.,A1:train;A2_alt:train;A3:train;C1:train;C2_alt:train,,,
neg_1aaf23e8e1c54920,F87KZ,person open the closet.,person open the door.,A1:train;A2_alt:train;A3:train;C1:train;C2_alt:train,,,
neg_1ab76b2ddcb87be4,ONA0S,person is closing a wooden door.,person is opening a wooden door.,A1:train;A2_alt:train;A3:train;C1:train;C2_alt:train,,,
neg_1ab8af242807e1ed,F7TG5,person sits in a couch.,person sits in a chair.,A1:test;A2_alt:test;A3:test;C1:test;C2_alt:test,,,
neg_1add897c10723b86,2P7A9,person sit down in a bed at a desk.,person sit down in a chair at a desk.,A1:test;A2_alt:test;A3:test;C1:test;C2_alt:test,,,
neg_1ae0f1592adb24fa,BOOKV,person sitting on the bed.,person sitting on the couch.,A1:train;A2_alt:train;A3:train,,,
neg_1ae861f434a5a4e3,0ET8W,a person walks into the living room through the doorway.,a person runs into the living room through the doorway.,A3:val,,,
neg_1aed61917058abaf,IUETR,a person walks the door.,a person opens the door.,A3:test,,,
neg_1b2917d397b0f67c,2OHTZ,a person puts a laptop.,a person opens a laptop.,A1:test,,,
neg_1b2f98d05d611bbb,5AHQV,person puts the pillow on the floor.,person throws the pillow on the floor.,A1:val,,,
neg_1b62a70d46eaa8c7,8RU1Q,a person walks a door.,a person opens a door.,A3:test,,,
neg_1b6e6dc03034ee10,YT2C3,person putting their phone.,person holding their phone.,A1:test,,,
neg_1b7cca7595934a5b,31YNM,a person putting a light.,a person fixing a light.,A1:test,,,
neg_1bb71804637304a5,BEAAA,person continues taking the food.,person continues eating the food.,A1:test,,,
neg_1bcb0e5be62e0062,8PL34,person opens the closet.,person opens the door.,A1:train;A2_alt:train;A3:train;C1:train;C2_alt:train,,,
neg_1bdd75eecf7ebe04,M7BD4,person they close a closet door.,person they open a closet door.,A1:train;A2_alt:train;A3:train;C1:train;C2_alt:train,,,
neg_1bece4471e89189d,HEIW9,person takes a book on the refrigerator.,person puts a book on the refrigerator.,A1:val,,,
neg_1bf5c7ea8d7d640c,YE6TZ,a person took a book into a closet.,a person put a book into a closet.,A1:test,,,
neg_1bfbd034a7851846,R971Z,a person walks the door to a walk-in closet.,a person opens the door to a walk-in closet.,A3:test,,,
neg_1c03cd7d1fd154d8,OBTP8,person opens a closet.,person opens a door.,A1:train;A2_alt:train;A3:train;C1:train;C2_alt:train,,,
neg_1c13a9ece1747a97,9JZO2,person drinking a glass cup.,person holding a glass cup.,A2_alt:test,,,
neg_1c3f8ad92f35f6d9,UCPP8,person puts on shoes.,person takes off shoes.,C1:train;C2_alt:train,,,
neg_1c4740e932ae0419,G8O8P,person closes the cabinet.,person closes the door.,A1:train;A2_alt:train;A3:train,,,
neg_1c4f8d7bd689aaf8,RBQ9Y,person sits down on the chair to fix his shoes.,person sits down on the bed to fix his shoes.,A1:test;A2_alt:test;A3:test;C1:test;C2_alt:test,,,
neg_1c503d67a1513af2,JK4Q2,person they put a mirror over the sink.,person they wash a mirror over the sink.,A1:val,,,
neg_1c77938e529d924c,TKAUR,person taking a book.,person reading a book.,A1:test,,,
neg_1c83e325751d6b65,PTAZ9,person walk the cabinet door.,person close the cabinet door.,A3:test,,,
neg_1c893841044336b3,J95X1,person closes their laptop.,person opens their laptop.,A1:train;A2_alt:train;A3:train;C1:train;C2_alt:train,,,
neg_1cb068b531ea3382,4CAHN,person they drink a cup from the refrigerator.,person they take a cup from the refrigerator.,A2_alt:val,,,
neg_1cb4cdca3e39ed32,R2DA8,a person sitting on a sofa.,a person sitting on a chair.,A1:train;A2_alt:train;A3:train,,,
neg_1cb8cd2dbf25c30c,AAQHJ,a person is sitting on a sofa.,a person is sitting on a chair.,A1:test;A2_alt:test;A3:test;C1:test;C2_alt:test,,,
neg_1cc7b9f5826728f3,OQSXX,one person is sitting on the chair.,one person is sitting on the sofa.,A1:test;A2_alt:test;A3:test;C1:test;C2_alt:test,,,
neg_1cdd94bf6543c51f,3MWAY,the person opens the cabinet.,the person opens the refrigerator.,A1:train;A2_alt:train;A3:train,,,
neg_1cf254895a18858a,FQGW4,person putting a glass of milk.,person pouring a glass of milk.,A1:test,,,
neg_1cf301f7de69fc72,URWJL,a person opens the cabinet to the bedroom.,a person opens the door to the bedroom.,A1:train;A2_alt:train;A3:train,,,
neg_1cf41a36d31ba8b9,3X6SI,person sits on a sofa next to a light.,person sits on a chair next to a light.,A1:train;A2_alt:train;A3:train,,,
neg_1d0c5325b6d6c853,F1LTO,a person walks the doors of an armoire.,a person opens the doors of an armoire.,A3:test,,,
neg_1d112c74a600723a,I52A6,person walks the dryer door.,person opens the dryer door.,A3:test,,,
neg_1d2f8e2cccd8f65a,DHR5F,a person opens a cabinet.,a person opens a door.,A1:train;A2_alt:train;A3:train,,,
neg_1d5d27e10dc3584b,7V4NJ,person puts the book.,person throws the book.,A1:test,,,
neg_1d7aee9555170a98,BLBJY,a person is pouring food.,a person is eating food.,A2_alt:val,,,
neg_1d81f606bc063b8c,1W6ZK,person runs through the doorway.,person walks through the doorway.,A3:test,,,
neg_1d84f97aac2931f1,Q0IHP,person pours a drink from a glass.,person takes a drink from a glass.,A2_alt:test,,,
neg_1d8e6323973ea2a8,QO0UU,a person walks a door.,a person opens a door.,A3:val,,,
neg_1d9610f6b932dbc3,2AIP4,the person takes themselves a glass of water.,the person pours themselves a glass of water.,A1:test,,,
neg_1da4e0dd80258817,GQT29,person they take a picture off the shelf.,person they take a book off the shelf.,C1:train;C2_alt:train,,,
neg_1dfbc4ebecf9101b,44PFW,that same person walks a door.,that same person opens a door.,A3:test,,,
neg_1e0eb1df68688cfc,6RXCP,person opened the closet.,person opened the door.,C1:train;C2_alt:train,,,
neg_1e2721351f79e8bb,W0XPU,person pour some food off of a plate.,person eat some food off of a plate.,A2_alt:test,,,
neg_1e3828270d4fd0e8,ZZ3HT,person run over to a cabinet take a towel out.,person walk over to a cabinet take a towel out.,A3:test,,,
neg_1e3bf7981cba36e9,7SNIO,a person walks into a living.,a person runs into a living.,A3:test,,,
neg_1e4a296ffc6cdd98,C6LDA,person sitting in a couch.,person sitting in a chair.,A1:train;A2_alt:train;A3:train,,,
neg_1e5a13e30b205ebe,XVI3M,person they took the laptop on the pillow.,person they put the laptop on the pillow.,A1:test,,,
neg_1e6219f71c045031,WF8WM,a person is taking off shoes.,a person is putting on shoes.,C1:train;C2_alt:train,,,
neg_1e6ebe6a2e15b714,KAFV7,a person puts a picture with their phone.,a person takes a picture with their phone.,A1:val,,,
neg_1e773b75b94a1f14,QKOP0,person closes the door.,person opens the door.,C1:train;C2_alt:train,,,
neg_1e91825a40167e95,6BXG4,person sitting in bed in kitchen holding mug.,person sitting in chair in kitchen holding mug.,A1:train;A2_alt:train;A3:train,,,
neg_1e958b4a775cc15d,D8YOL,person sits on a sofa working on their laptop.,person sits on a chair working on their laptop.,A1:train;A2_alt:train;A3:train,,,
neg_1ebd7b029fd564c4,9RRED,person sits on a bed.,person sits on a couch.,A1:test;A2_alt:test;A3:test;C1:test;C2_alt:test,,,
neg_1ed408bd220b8a0f,448J4,person takes the plate on a table.,person puts the plate on a table.,A1:test,,,
neg_1ed87759e9e54426,21MI8,a person is putting a laptop.,a person is opening a laptop.,A1:val,,,
neg_1ee9cf27f076183a,27DCQ,a person awakens in chair.,a person awakens in bed.,A1:test;A2_alt:test;A3:test;C1:test;C2_alt:test,,,
neg_1f0500631f524735,JAAVR,person they put medicine.,person they take medicine.,A1:val,,,
neg_1f430452a9b9e3f5,ZIU9C,a person takes a picture off of the bed.,a person takes a book off of the bed.,C1:train;C2_alt:train,,,
neg_1f47cb85a351bebc,R6TI2,person opens closet.,person opens door.,A1:train;A2_alt:train;A3:train;C1:train;C2_alt:train,,,
neg_1f5fc6ec74fd8a1f,HCSPE,person opens the cabinet.,person opens the door.,A1:train;A2_alt:train;A3:train,,,
neg_1f6e6814153530cf,TRHT1,person sitting on a bed.,person sitting on a couch.,A1:test;A2_alt:test;A3:test;C1:test;C2_alt:test,,,
neg_1f6e782cd426b6fe,WKVWF,the person puts a drink from a cup of coffee.,the person takes a drink from a cup of coffee.,A1:test,,,
neg_1fd9d71f52faa254,4C1KY,the person picks up the book.,the person puts down the book.,C1:train;C2_alt:train,,,
neg_1fed6751d061ced5,GWDF9,a person walks into the living room.,a person runs into the living room.,A3:val,,,
neg_1ffe8e91e72ff4ea,ICQUJ,person starts putting some food.,person starts eating some food.,A1:test,,,
neg_20101b2e2f6b7249,FQGW4,person sits down in a couch to watch tv.,person sits down in a chair to watch tv.,A1:test;A2_alt:test;A3:test;C1:test;C2_alt:test,,,
neg_203f4f079ad4d6cd,KZS5M,person walking the door.,person closing the door.,A3:test,,,
neg_2041abf335f3f494,51N2C,person they start walking the door.,person they start closing the door.,A3:test,,,
neg_2058df8afb3795bc,40DSU,a person opened a closet.,a person opened a door.,A1:train;A2_alt:train;A3:train;C1:train;C2_alt:train,,,
neg_2059fa593edc23da,C8WLX,a person runs through a doorway.,a person walks through a doorway.,A3:val,,,
neg_2092643b486acf94,QYE21,person open the window to the room they're in.,person close the window to the room they're in.,A1:train;A2_alt:train;A3:train;C1:train;C2_alt:train,,,
neg_20c8388f8c12a201,ES2QH,person sitting on a sofa.,person sitting on a chair.,A1:train;A2_alt:train;A3:train,,,
neg_20d3d825620b83f1,SJGZ2,the person walks the doors of the cupboard.,the person opens the doors of the cupboard.,A3:val,,,
neg_20dafe9e34b98af1,QYM5H,a person puts a blanket across the room.,a person throws a blanket across the room.,A1:test,,,
neg_20e0f3ed14b3ffcc,JTTAP,person open a door.,person open a cabinet.,A1:train;A2_alt:train;A3:train,,,
neg_20ee5c66894dc837,YAPN7,person sits on the chair.,person sits on the couch.,A1:train;A2_alt:train;A3:train,,,
neg_20fba20a7bf298c1,55NNF,person open the closet.,person open the refrigerator.,A1:train;A2_alt:train;A3:train;C1:train;C2_alt:train,,,
neg_21072af5225ca764,8X49S,person they pour some food.,person they eat some food.,A2_alt:val,,,
neg_21106ecfee4bd1bb,C10FA,person they put it into the glass.,person they pour it into the glass.,A1:test,,,
neg_21152a393eb3dd06,ZKGKR,person they open the window.,person they close the window.,A1:train;A2_alt:train;A3:train;C1:train;C2_alt:train,,,
neg_2118d317cb9b0dda,YGYU5,a person sits down on the chair.,a person sits down on the bed.,A1:train;A2_alt:train;A3:train,,,
neg_212496b813a2d2a7,S1N2U,person takes off their shoes.,person puts on their shoes.,C1:train;C2_alt:train,,,
neg_2126c2c483b726bb,J662Y,a person sits on a bed.,a person sits on a chair.,A1:test;A2_alt:test;A3:test;C1:test;C2_alt:test,,,
neg_2155a5093cf5e2cb,8N4O9,person walks the door.,person opens the door.,A3:test,,,
neg_21621c9aae568f98,WE2PF,a person sits in a bed holding a bag.,a person sits in a chair holding a bag.,A1:val;A2_alt:val;A3:val;C1:val;C2_alt:val,,,
neg_218aba84545d462b,YKT8I,a person opens the cabinet to the bathroom.,a person opens the door to the bathroom.,A1:train;A2_alt:train;A3:train,,,
neg_218ed69502511c16,HNPX7,person took the bag away.,person put the bag away.,A1:test,,,
neg_219213c1c211663b,646CU,person is putting a light.,person is holding a light.,A1:val,,,
neg_219d7388716c6ec8,FQAAB,person they are closing the cabinet.,person they are closing the door.,A1:train;A2_alt:train;A3:train,,,
neg_21a0fda54479fbc4,ST7MR,person they start walking their clothes toward the doorway.,person they start throwing their clothes toward the doorway.,A3:test,,,
neg_21b8fdd9e5f2ab44,0HD9F,person walk some cabinet doors.,person close some cabinet doors.,A3:val,,,
neg_21d4164d4299e76c,ZZ3HT,person walking the closet door.,person closing the closet door.,A3:test,,,
neg_21d4adb936158bb2,MAPVV,person picks a book up on a table.,person puts a book down on a table.,C1:train;C2_alt:train,,,
neg_21e3403e0f512e3d,AFCDN,person puts a picture of something.,person takes a picture of something.,A1:test,,,
neg_21e54c4bc6690cea,ZY2B1,person the walks the clothes at a shelf.,person the throws the clothes at a shelf.,A3:val,,,
neg_21f8386e7bce57a6,K8OB6,person taking a sandwich.,person eating a sandwich.,A1:test,,,
neg_2215eecb5e63ea7e,5AHQV,the person takes a pillow into the corner.,the person throws a pillow into the corner.,A1:val,,,
neg_221ce97878dcff74,SSPMK,person pouring a drink from a cup.,person taking a drink from a cup.,A2_alt:test,,,
neg_22219ce5a29629ed,PV856,person closes the cabinet.,person closes the door.,A1:train;A2_alt:train;A3:train,,,
neg_2227335b18d40d26,QJM3B,person takes the book.,person closes the book.,A1:test,,,
neg_222907f58f069a6b,W3DYV,a person closes a cabinet.,a person closes a door.,A1:train;A2_alt:train;A3:train,,,
neg_2238d2dd6ff8f706,38TA9,a person opens a closet.,a person opens a door.,A1:train;A2_alt:train;A3:train;C1:train;C2_alt:train,,,
neg_224ada1c786c9701,KU3WI,a person opens the cabinet.,a person opens the door.,A1:train;A2_alt:train;A3:train,,,
neg_225ec5562d0eb3dc,3JCEI,person takes things on the floor from the table.,person throws things on the floor from the table.,A1:test,,,
neg_2265e6dc7784cacd,A21M5,the person puts the box.,the person opens the box.,A1:val,,,
neg_226dfdee8030a07b,J0AMJ,the person puts a book.,the person takes a book.,A1:test,,,
neg_2276d697d61e771d,HOI88,one person is sitting on the bed.,one person is sitting on the couch.,A1:train;A2_alt:train;A3:train,,,
neg_227a956d9f06c1d5,SROEU,person walks a cabinet door with a phone in hand.,person opens a cabinet door with a phone in hand.,A3:test,,,
neg_22807469ac58a117,HHNTA,person take a box.,person open a box.,A1:test,,,
neg_228fe3d0ec08f624,E002I,person lies down on a couch.,person lies down on a bed.,A1:test;A2_alt:test;A3:test;C1:test;C2_alt:test,,,
neg_2290c8dcf93fc7ab,CR1OK,person sits in a bed at a desk.,person sits in a chair at a desk.,A1:val;A2_alt:val;A3:val;C1:val;C2_alt:val,,,
neg_229af4e7761a0986,X9LP4,a person puts a mini vacuum.,a person takes a mini vacuum.,A1:test,,,
neg_22a9e134101e4704,8WJIR,a person sitting on a chair watching a television.,a person sitting on a bed watching a television.,A1:train;A2_alt:train;A3:train,,,
neg_22ab683d55ea932b,WYCRK,person putting a glass of water.,person drinking a glass of water.,A1:val,,,
neg_22b7516fe637a853,ZHRPD,the person takes the towel onto the shelf.,the person puts the towel onto the shelf.,A1:test,,,
neg_22bca1e8a4de3ea7,9GMHF,the person opens the closet.,the person opens the door.,A1:train;A2_alt:train;A3:train;C1:train;C2_alt:train,,,
neg_22d3bfe6747b4a31,G7LU9,person closes cabinet.,person closes door.,A1:train;A2_alt:train;A3:train,,,
neg_22d5b61cbcf52394,FMXZS,person closes a refrigerator door.,person opens a refrigerator door.,A1:train;A2_alt:train;A3:train;C1:train;C2_alt:train,,,
neg_22f6543eecc9a3b1,QI0EL,person takes the laptop.,person closes the laptop.,A1:test,,,
neg_232877cd0d00bac0,8ZO48,person take the pillow aside.,person throw the pillow aside.,A1:val,,,
neg_23324ef52d69146c,5SBEY,person sits down on another sofa.,person sits down on another bed.,A1:test;A2_alt:test;A3:test;C1:test;C2_alt:test,,,
neg_233fc5f946908fdd,P0ILN,person opens the door.,person closes the door.,A1:train;A2_alt:train;A3:train;C1:train;C2_alt:train,,,
neg_23795de9f9d1c1c6,N0N4I,person they open a door.,person they open a cabinet.,A1:train;A2_alt:train;A3:train,,,
neg_237d28b54aaa471d,3LLXX,the person puts some medicine.,the person takes some medicine.,A1:val,,,
neg_2380f5fa486c229c,SG99Q,person sitting down in a couch.,person sitting down in a chair.,A1:train;A2_alt:train;A3:train,,,
neg_2395eaac134ad86f,IDXM0,one person puts a box of shoes.,one person opens a box of shoes.,A1:test,,,
neg_23a2c2913bddc027,1FPW9,person sits back on the chair.,person sits back on the bed.,A1:val;A2_alt:val;A3:val;C1:val;C2_alt:val,,,
neg_23a31c4c858d782a,IKBYS,a person drinks a medicine bottle.,a person holds a medicine bottle.,A2_alt:val,,,
neg_23b1846c32b588e9,2MJ72,person open the door to their bedroom.,person close the door to their bedroom.,A1:train;A2_alt:train;A3:train;C1:train;C2_alt:train,,,
neg_23c97957465c1705,SSP8C,a person awakens in sofa.,a person awakens in bed.,A1:train;A2_alt:train;A3:train;C1:train;C2_alt:train,,,
neg_23e62eaa087d755a,WT46G,person pouring a coffee cup.,person holding a coffee cup.,A2_alt:test,,,
neg_23e811c843cfa55e,L36YT,person sits on the bed.,person sits on the sofa.,A1:train;A2_alt:train;A3:train,,,
neg_23fe7701dcd35170,FB3ZG,person drinks a cup of coffee.,person takes a cup of coffee.,A2_alt:test,,,
neg_240794818bc05a1d,5F1AW,a person picks a book up onto the shelf.,a person puts a book down onto the shelf.,C1:train;C2_alt:train,,,
neg_240802ae849ac206,XPXWY,person walked the door.,person opened the door.,A3:test,,,
neg_240cc1f6c2d8a865,JQRMQ,the person walks the door.,the person opens the door.,A3:test,,,
neg_24163000706dffa9,5AHQV,the person puts a pillow into the corner.,the person throws a pillow into the corner.,A1:val,,,
neg_241dba9820f9fb16,3JCEI,person take some clothes on the floor.,person throw some clothes on the floor.,A1:test,,,
neg_243841a2fb2e998e,VFDQU,a person opens the cabinet.,a person opens the refrigerator.,A1:train;A2_alt:train;A3:train,,,
neg_244cc81685eada46,0IFCL,the person opens the cabinet.,the person opens the door.,A1:train;A2_alt:train;A3:train,,,
neg_245366347f4d02f4,1W6YY,person walks the cabinet door.,person closes the cabinet door.,A3:test,,,
neg_247a74c7ed7206fb,7O6FK,person puts a picture frame off a wall.,person takes a picture frame off a wall.,A1:test,,,
neg_2480371bdb5d33f2,485I1,a person sits in a bed.,a person sits in a chair.,A1:train;A2_alt:train;A3:train,,,
neg_248165b35978e190,G4JHX,person puts it in a box.,person puts it in a bag.,C1:train;C2_alt:train,,,
neg_2485095729c25b75,YNWMW,the person puts a broom.,the person takes a broom.,A1:test,,,
neg_24b14e867c1e088e,CS01T,person they sit down on the chair.,person they sit down on the bed.,A1:train;A2_alt:train;A3:train,,,
neg_24c81a0276462f15,OWUW8,person puts another towel.,person holds another towel.,A1:test,,,
neg_24d34efb0ccde646,70S6Y,a person walks into a bedroom holding a sandwich.,a person runs into a bedroom holding a sandwich.,A3:val,,,
neg_24d70dfa6b9c19df,0QAZ7,person walking the door.,person closing the door.,A3:test,,,
neg_24d7a462777a17c9,YO3KO,person walks the door to walk out.,person opens the door to walk out.,A3:test,,,
neg_24d7c3a067974e11,BYSQ7,a person sits in a bed.,a person sits in a chair.,A1:train;A2_alt:train;A3:train,,,
neg_24d977c8f25fd419,P5YNX,a person is sitting in the bed on their laptop.,a person is sitting in the chair on their laptop.,A1:test;A2_alt:test;A3:test;C1:test;C2_alt:test,,,
neg_24ed405c05047758,7WIKW,person puts a glass of water.,person pours a glass of water.,A1:val,,,
neg_250b91bd0616ba5b,ZZ4GP,a person is taking some food on the stove.,a person is cooking some food on the stove.,A1:test,,,
neg_254186ab78aceefc,NKLTK,a person awakens in a bed.,a person awakens in a chair.,A1:test;A2_alt:test;A3:test;C1:test;C2_alt:test,,,
neg_254b155df2ddaf18,YQOCU,a person puts some food from a cabinet.,a person takes some food from a cabinet.,A1:test,,,
neg_255508883bb9ba2b,A1PEO,person opens the cabinet to leave.,person opens the door to leave.,A1:train;A2_alt:train;A3:train,,,
neg_256e5448f3488a16,PQBGG,person sits in a bed.,person sits in a chair.,A1:val;A2_alt:val;A3:val;C1:val;C2_alt:val,,,
neg_258ca291a91a4cc6,EHIOY,person puts a sandwich.,person eats a sandwich.,A1:test,,,
neg_258e24eee2830a70,WF3NY,person opens the door.,person opens the closet.,C1:train;C2_alt:train,,,
neg_258f91a98b5faad0,ZSJ2I,person another was opening the door in the doorway.,person another was closing the door in the doorway.,A1:train;A2_alt:train;A3:train;C1:train;C2_alt:train,,,
neg_2592a47021c3dd83,GOWDG,one person closes the door.,one person opens the door.,A1:train;A2_alt:train;A3:train;C1:train;C2_alt:train,,,
neg_259b43d5572e0a63,Y665P,person sits down on a chair.,person sits down on a couch.,A1:test;A2_alt:test;A3:test;C1:test;C2_alt:test,,,
neg_25d6b17408117439,BEAAA,person sitting in a bed eating.,person sitting in a chair eating.,A1:test;A2_alt:test;A3:test;C1:test;C2_alt:test,,,
neg_25e029aae951d2c0,PC3WT,person closing a window.,person opening a window.,C1:train;C2_alt:train,,,
neg_25ea48d454fa0e69,SJJLG,person sits down on a couch.,person sits down on a chair.,A1:test;A2_alt:test;A3:test;C1:test;C2_alt:test,,,
neg_25ed54f5382a399d,V62NW,a person takes a picture from a table.,a person takes a book from a table.,C1:train;C2_alt:train,,,
neg_26236bce82e3873b,IBWAW,person pours the cup on a table.,person puts the cup on a table.,A2_alt:test,,,
neg_262d8de05abef4c3,W292V,person walks the closet door.,person opens the closet door.,A3:test,,,
neg_262e1390fd98df72,T8V10,person they pour a drink from a cup.,person they take a drink from a cup.,A2_alt:val,,,
neg_263739407aa94484,EDVAM,person sitting on a chair.,person sitting on a couch.,A1:val;A2_alt:val;A3:val;C1:val;C2_alt:val,,,
neg_2643b6404bbe45a1,OQ54Y,person walks over to the closet open it up.,person walks over to the refrigerator open it up.,A1:test;A2_alt:test;A3:test;C1:test;C2_alt:test,,,
neg_264f32dfc11dc433,CYLQ0,person opens the door.,person opens the cabinet.,A1:train;A2_alt:train;A3:train,,,
neg_26730be8a9699d08,GQ341,person takes a cup of coffee.,person pours a cup of coffee.,A1:test,,,
neg_269387ca10dc697d,3LM6H,person putting a broom.,person holding a broom.,A1:val,,,
neg_2693a97e13575d4f,5B9XE,a person walks into a room.,a person runs into a room.,A3:test,,,
neg_2697df3968af4c0f,FAO7J,person walks the door.,person closes the door.,A3:test,,,
neg_26a415156dfa9602,727IZ,person sits on a bed to look at them.,person sits on a chair to look at them.,A1:test;A2_alt:test;A3:test;C1:test;C2_alt:test,,,
neg_26b2755e5e3c52b5,583F7,person opened the box.,person opened the bag.,A1:train;A2_alt:train;A3:train,,,
neg_26bede1850f6d0ff,O7N6K,person puts their shoes on.,person takes their shoes off.,C1:train;C2_alt:train,,,
neg_26c5d95fe01ed1ef,PBV4T,a person sitting in a couch eats a sandwich.,a person sitting in a chair eats a sandwich.,A1:val;A2_alt:val;A3:val;C1:val;C2_alt:val,,,
neg_26cc10ea592fa826,FQM2N,person sitting on the couch.,person sitting on the bed.,A1:test;A2_alt:test;A3:test;C1:test;C2_alt:test,,,
neg_26d7a3f150bff4d5,9JHH9,person close the cabinet behind them.,person close the door behind them.,A1:train;A2_alt:train;A3:train,,,
neg_26d7f53f7988e232,EG0VZ,person puts a book.,person takes a book.,A1:test,,,
neg_26f56f409572d389,OHOFG,a person sits on a sofa by a table.,a person sits on a chair by a table.,A1:test;A2_alt:test;A3:test;C1:test;C2_alt:test,,,
neg_26f7683a2857148d,SXMII,a person awakens on a couch.,a person awakens on a bed.,A1:train;A2_alt:train;A3:train;C1:train;C2_alt:train,,,
neg_270a0ba53048e3e2,XMYXI,a person sits in a couch.,a person sits in a chair.,A1:test;A2_alt:test;A3:test;C1:test;C2_alt:test,,,
neg_27108bcf52e39b4f,VPI6D,person opens the cabinet to their pantry.,person opens the door to their pantry.,A1:train;A2_alt:train;A3:train,,,
neg_27112a0b95ffd900,KGMA5,a person opens a refrigerator.,a person opens a cabinet.,A1:train;A2_alt:train;A3:train,,,
neg_27271020681de9eb,QT4WM,a person is closing a cabinet in their closet.,a person is opening a cabinet in their closet.,A1:train;A2_alt:train;A3:train,,,
neg_275293d33e238c09,W1VO2,person takes a book.,person reads a book.,A1:val,,,
neg_2753a8b05faa5147,7P5R2,a person closes a door.,a person opens a door.,A1:train;A2_alt:train;A3:train;C1:train;C2_alt:train,,,
neg_276d0ff2136d3184,TYWHY,a person walks into the room.,a person runs into the room.,A3:test,,,
neg_2777673ee912ed21,TH3M0,the person sits down in a bed.,the person sits down in a chair.,A1:test;A2_alt:test;A3:test;C1:test;C2_alt:test,,,
neg_2778241783737c82,MCMTH,person begins pouring the glass.,person begins washing the glass.,A2_alt:test,,,
neg_2781b3c60911139f,TIGIP,a person opens a closet.,a person opens a door.,A1:train;A2_alt:train;A3:train;C1:train;C2_alt:train,,,
neg_278cdb1cdb1bdae9,JZDL6,person sit on the couch.,person sit on the bed.,A1:train;A2_alt:train;A3:train,,,
neg_279602d1825ffbaf,ETS92,person they open another cabinet.,person they open another door.,A1:train;A2_alt:train;A3:train,,,
neg_27a6a8ebfc79aa7a,ATV2F,person takes the laptop.,person opens the laptop.,A1:test,,,
neg_27ac0c327669cb1f,5CN21,person taking a pillow.,person holding a pillow.,A1:test,,,
neg_27b59a3c81819f6b,S5KQ1,a person takes a box.,a person opens a box.,A1:test,,,
neg_27b9c679aaecd23c,TKAUR,person pours a cup of coffee off of the counter.,person takes a cup of coffee off of the counter.,A2_alt:test,,,
neg_27c68b964586f414,0QHR4,a person is walking the door to their closer.,a person is opening the door to their closer.,A3:val,,,
neg_27d0658211371252,4BEZX,person walking a door.,person opening a door.,A3:test,,,
neg_27d6eb40fd87fcfe,RAGOI,person took the towel on top of a table.,person put the towel on top of a table.,A1:test,,,
neg_27d94d63435a6ad1,AXZVQ,person opens a refrigerator.,person opens a cabinet.,A1:train;A2_alt:train;A3:train,,,
neg_27da80e1f9d90726,XXDHJ,the person closes the door.,the person opens the door.,A1:train;A2_alt:train;A3:train;C1:train;C2_alt:train,,,
neg_27dbab3a824aa039,IGZZG,person taking books.,person reading books.,A1:test,,,
neg_27f5df126e67bc97,PIJRH,person taking a bag.,person holding a bag.,A1:test,,,
neg_2803b5ecb6ff825e,S407A,person taking a glass of water.,person pouring a glass of water.,A1:test,,,
neg_2816dab03dd5b851,PGKB4,person close their laptop.,person open their laptop.,C1:train;C2_alt:train,,,
neg_2829d38644e07fe3,MC6J7,person takes the clothes out the wardrobe.,person puts the clothes in the wardrobe.,C1:train;C2_alt:train,,,
neg_284489c83ea4bcbc,V1WN7,person sitting on chair.,person sitting on bed.,A1:test;A2_alt:test;A3:test;C1:test;C2_alt:test,,,
neg_2849a5cfb071b92d,SVO89,person takes a paper off of a shelf.,person takes a book off of a shelf.,C1:train;C2_alt:train,,,
neg_284ce7e5f9f31af4,Y25DQ,person opens the cabinet.,person opens the door.,A1:train;A2_alt:train;A3:train,,,
neg_284e00d48747987e,YGQ7E,person opens the closet.,person opens the door.,C1:train;C2_alt:train,,,
neg_2854e2e03c12845d,BKEYX,person pours a drink from a bottle.,person takes a drink from a bottle.,A2_alt:val,,,
neg_2855abfc38e1b138,1VMZM,a person closes a door.,a person opens a door.,C1:train;C2_alt:train,,,
neg_28716659bfbeb159,NX8X9,person they put the book.,person they close the book.,A1:test,,,
neg_2878647dde8fd747,WV8SY,person walking into the house.,person running into the house.,A3:val,,,
neg_2896eafeb51772bd,ILKXV,a  person opens a cabinet.,a  person opens a door.,A1:train;A2_alt:train;A3:train,,,
neg_289c3b00011a0324,7R8ZU,the person put the laptop.,the person closed the laptop.,A1:val,,,
neg_289c65d045bc8981,3R4DD,person sit in a couch.,person sit in a chair.,A1:test;A2_alt:test;A3:test;C1:test;C2_alt:test,,,
neg_28ad5a694aa837f3,1F706,a person walks down the hall.,a person runs down the hall.,A3:test,,,
neg_28b8b849087dd841,GIIF8,a person takes a bag on a shelf.,a person puts a bag on a shelf.,A1:test,,,
neg_28f92adeb74e492f,SJ51G,person takes the blanket into a closet.,person puts the blanket into a closet.,A1:test,,,
neg_29093b5d1a4c6fe4,CZPU9,person drinks the medicine.,person takes the medicine.,A2_alt:val,,,
neg_291376a9f52bb37f,G4853,person closing a cabinet in a garage.,person opening a cabinet in a garage.,A1:train;A2_alt:train;A3:train,,,
neg_291b8ef6279fecb6,5XKVP,a person is sitting on a sofa.,a person is sitting on a chair.,A1:train;A2_alt:train;A3:train,,,
neg_292a45474e498972,0KZYF,person putting a sandwich.,person eating a sandwich.,A1:test,,,
neg_294215b1dbfac58c,8AKRP,the person takes the cup into the sink.,the person puts the cup into the sink.,A1:val,,,
neg_294b80815ba7afe1,VMOBC,person closing a door.,person opening a door.,A1:train;A2_alt:train;A3:train;C1:train;C2_alt:train,,,
neg_297152bc1292e722,HJOJ0,a person runs over to the bed.,a person runs over to the sofa.,C1:train;C2_alt:train,,,
neg_29a0e5b20749a50e,4ZSAR,person sit on a couch with a coffee cup.,person sit on a chair with a coffee cup.,A1:val;A2_alt:val;A3:val;C1:val;C2_alt:val,,,
neg_29c17b31ff64ce1f,469E8,person putting a glass of water.,person drinking a glass of water.,A1:val,,,
neg_29d80cf60260d253,XHYA2,the person takes the shoes behind the door.,the person throws the shoes behind the door.,A1:test,,,
neg_29dbc6041ce00ba0,MIAE4,person sits on a couch for a.,person sits on a bed for a.,A1:test;A2_alt:test;A3:test;C1:test;C2_alt:test,,,
neg_29e1979ec7db542c,H378S,person putting away a picture.,person putting away a book.,C1:train;C2_alt:train,,,
neg_2a11f54234a0c746,3XL0K,a person walks a cabinet door.,a person closes a cabinet door.,A3:test,,,
neg_2a20dbab212d7199,3C8OG,person take a picture from their bag.,person take a book from their bag.,C1:train;C2_alt:train,,,
neg_2a5c2a072e6ff56f,SKZUG,the person walks the refrigerator door when they are done.,the person closes the refrigerator door when they are done.,A3:test,,,
neg_2a63de66bc89df99,PIRMO,the person pours a cup off the shelf.,the person takes a cup off the shelf.,A2_alt:val,,,
neg_2a90ef865563e706,2U3X0,a person walked a door.,a person opened a door.,A3:test,,,
neg_2ab8c6246dd124ed,WKVWF,a person takes a book onto the sofa.,a person throws a book onto the sofa.,A1:test,,,
neg_2ad2ad8d1ece9558,9JZO2,person taking a glass cup.,person holding a glass cup.,A1:test,,,
neg_2adf2a64cf04f86f,5B9XE,a person walks into the bedroom.,a person runs into the bedroom.,A3:test,,,
neg_2aed6ec6f064af60,YNF6O,that same person takes clothes.,that same person puts clothes.,A1:test,,,
neg_2af887068ab40774,EURF2,person sitting on the couch themselves.,person sitting on the bed themselves.,A1:test;A2_alt:test;A3:test;C1:test;C2_alt:test,,,
neg_2b0e98148fea9652,GA7SB,person started to pour his food.,person started to eat his food.,A2_alt:test,,,
neg_2b2bb65e8b033fcd,T8O8Y,the person is sitting on the chair tapping his feet.,the person is sitting on the bed tapping his feet.,A1:val;A2_alt:val;A3:val;C1:val;C2_alt:val,,,
neg_2b3140d840e271a9,PBGYV,a person opens a closet.,a person opens a door.,A1:train;A2_alt:train;A3:train;C1:train;C2_alt:train,,,
neg_2b462c043d952749,UL5X4,person sitting on couch stands up.,person sitting on bed stands up.,A1:test;A2_alt:test;A3:test;C1:test;C2_alt:test,,,
neg_2b4e3f41e798764e,0M0T4,person starts to run with a phone.,person starts to play with a phone.,A3:test,,,
neg_2b4ee1e65ed8246e,EI0F6,person opens a door.,person opens a cabinet.,A1:train;A2_alt:train;A3:train,,,
neg_2b6a635e61b64ffc,T8XGN,one person closes a door.,one person opens a door.,A1:train;A2_alt:train;A3:train;C1:train;C2_alt:train,,,
neg_2bca24e77d96aec5,00NN7,person sits down in a couch.,person sits down in a chair.,A1:train;A2_alt:train;A3:train,,,
neg_2bd123f7180febf6,9HG4Z,a person is walking a door.,a person is closing a door.,A3:test,,,
neg_2c062d090d328778,974TA,person opens the door.,person opens the cabinet.,A1:train;A2_alt:train;A3:train,,,
neg_2c19b82296e218e0,GLLNH,person take a book.,person take a picture.,C1:train;C2_alt:train,,,
neg_2c2828931e5a36b2,TAQ25,the person puts the laptop.,the person closes the laptop.,A1:test,,,
neg_2c30f11f8692fe0a,UKCTK,person close the cabinet.,person close the door.,A1:train;A2_alt:train;A3:train,,,
neg_2c4713f26e9176ae,TK1VC,person sits down on the bed.,person sits down on the couch.,A1:test;A2_alt:test;A3:test;C1:test;C2_alt:test,,,
neg_2c7147cb53618525,WWL0K,person takes the blanket on the floor.,person throws the blanket on the floor.,A1:test,,,
neg_2c7618fcb0688f09,TKAUR,a person takes a book.,a person reads a book.,A1:test,,,
neg_2c7898a615ea26fe,XT9D4,a person is pouring food into the refrigerator.,a person is putting food into the refrigerator.,A2_alt:test,,,
neg_2c8c4933ab91ec87,CS7HY,a person runs into the kitchen holding a broom.,a person walks into the kitchen holding a broom.,A3:test,,,
neg_2cb7c9578c6ad3aa,HZXXN,person opens a refrigerator.,person opens a cabinet.,A1:train;A2_alt:train;A3:train,,,
neg_2cba5441eb7bdcbd,1KFLX,person closing a cabinet.,person closing a door.,A1:train;A2_alt:train;A3:train,,,
neg_2cd7ede2d9806040,SAFT3,person they sit down in the bed.,person they sit down in the chair.,A1:train;A2_alt:train;A3:train,,,
neg_2ce1251dcb30bf12,8IUTG,a person is opening a box on a table.,a person is opening a bag on a table.,A1:train;A2_alt:train;A3:train,,,
neg_2ce4f7e67e20d3c3,VHD24,person they begin putting themselves some medicine from a bottle.,person they begin pouring themselves some medicine from a bottle.,A1:test,,,
neg_2d0e0e67eea50c01,JC9SA,the person opens the cabinet.,the person opens the door.,A1:train;A2_alt:train;A3:train,,,
neg_2d22cb849a0ab86f,W292V,person pours a drink from a red cup.,person takes a drink from a red cup.,A2_alt:test,,,
neg_2d38b7a647a62720,JXNEN,person they sit down on a bed.,person they sit down on a sofa.,A1:val;A2_alt:val;A3:val;C1:val;C2_alt:val,,,
neg_2d3b6d09d6c2bdd2,W7EDM,person sits on the chair.,person sits on the bed.,A1:test;A2_alt:test;A3:test;C1:test;C2_alt:test,,,
neg_2d57934538b9c56c,JSLW5,a person in their closet closes a wardrobe door.,a person in their closet opens a wardrobe door.,A1:train;A2_alt:train;A3:train;C1:train;C2_alt:train,,,
neg_2d6d46ac680016de,ON2Z4,a person walks the door to the closet.,a person opens the door to the closet.,A3:test,,,
neg_2d80693bbf7439b4,8PL34,a person opens the closet to their bedroom.,a person opens the door to their bedroom.,A1:train;A2_alt:train;A3:train;C1:train;C2_alt:train,,,
neg_2d81502b5ad69516,AK9PN,the person is taking a vacuum.,the person is holding a vacuum.,A1:test,,,
neg_2d87278cb42f8edd,0O6RK,person pours food on the stove.,person cooks food on the stove.,A2_alt:test,,,
neg_2d8bd75117de4489,JBFPI,the person pours a drink from a glass of water.,the person takes a drink from a glass of water.,A2_alt:test,,,
neg_2d987b179963ae44,GV0L7,person sits on a bed.,person sits on a couch.,A1:test;A2_alt:test;A3:test;C1:test;C2_alt:test,,,
neg_2d9c92a345602c1d,TKAUR,person takes a book.,person reads a book.,A1:test,,,
neg_2da9185e4238c03e,35C4E,person closes the door.,person opens the door.,A1:train;A2_alt:train;A3:train;C1:train;C2_alt:train,,,
neg_2dab4be5f2da8b85,13MWT,person puts on their shoes.,person takes off their shoes.,C1:train;C2_alt:train,,,
neg_2dbef0b224b526da,C1DK7,person walks door.,person opens door.,A3:test,,,
neg_2dceadc21250495f,D1WYU,person sits down on a couch.,person sits down on a chair.,A1:test;A2_alt:test;A3:test;C1:test;C2_alt:test,,,
neg_2dd7c39b8c55cf01,VPI6D,a person closes a door by turning a doorknob.,a person opens a door by turning a doorknob.,A1:train;A2_alt:train;A3:train;C1:train;C2_alt:train,,,
neg_2dd9992358268f7f,YE6UZ,person she puts her phone from a drawer.,person she takes her phone from a drawer.,A1:test,,,
neg_2ded0fbf17cf1c60,TJJKK,person sitting on a chair with a cell phone.,person sitting on a bed with a cell phone.,A1:test;A2_alt:test;A3:test;C1:test;C2_alt:test,,,
neg_2df658426074a8cf,1ZWPP,person walks the door.,person opens the door.,A3:test,,,
neg_2e134bd911ef5eca,FIJ3D,the person puts the picture down.,the person puts the book down.,C1:train;C2_alt:train,,,
neg_2e37350e54b34ae8,F8SNW,person sitting on a sofa.,person sitting on a chair.,A1:train;A2_alt:train;A3:train,,,
neg_2e59d4480d580f51,0NCWX,a person is opening a refrigerator.,a person is opening a cabinet.,A1:train;A2_alt:train;A3:train,,,
neg_2e7a020b0ae2e15c,NHD1J,person closes laptop.,person opens laptop.,A1:train;A2_alt:train;A3:train;C1:train;C2_alt:train,,,
neg_2e8b6f8839b39127,FVINY,a person sat on a bed reading a book.,a person sat on a chair reading a book.,A1:test;A2_alt:test;A3:test;C1:test;C2_alt:test,,,
neg_2e8edde11c1a0a00,HQ8BB,the person walks the door.,the person opens the door.,A3:test,,,
neg_2e90370ab03c8ebb,VSLQT,a person awakens in sofa.,a person awakens in bed.,C1:train;C2_alt:train,,,
neg_2e9dbffc584bd64c,MS4GA,person takes a broom inside.,person puts a broom inside.,A1:test,,,
neg_2ea69396a29411bb,EOA7I,person closes door.,person opens door.,A1:train;A2_alt:train;A3:train;C1:train;C2_alt:train,,,
neg_2eaebbbae69f3384,SA7GL,a person sits in a bed working on a laptop.,a person sits in a chair working on a laptop.,A1:train;A2_alt:train;A3:train,,,
neg_2ec335e7c827ef47,MIAE4,person sits on a chair for a.,person sits on a bed for a.,A1:test;A2_alt:test;A3:test;C1:test;C2_alt:test,,,
neg_2f00d53a018e012d,X07QW,next the person puts a blanket from a cabinet.,next the person takes a blanket from a cabinet.,A1:test,,,
neg_2f22a5a389e33e1e,ME7II,person is opening closet.,person is opening door.,A1:train;A2_alt:train;A3:train;C1:train;C2_alt:train,,,
neg_2f3b3375e680e687,1LZ53,a person sitting on a chair stands up.,a person sitting on a bed stands up.,A1:train;A2_alt:train;A3:train,,,
neg_2f400cf8ae20cbfd,1DNAX,the person is walking the doors to the closet.,the person is opening the doors to the closet.,A3:val,,,
neg_2f4bdc9e675aed52,T8V10,person they put a drink from a cup.,person they take a drink from a cup.,A1:val,,,
neg_2f79def84a5659e4,R4FOQ,a person is opening a door.,a person is opening a cabinet.,A1:train;A2_alt:train;A3:train,,,
neg_2f8d72b2f97a2082,USNFB,person opening closet.,person opening door.,A1:train;A2_alt:train;A3:train;C1:train;C2_alt:train,,,
neg_2f98ee62387f3618,GFK4S,person walks the door.,person opens the door.,A3:test,,,
neg_2f9ef2e5d4bc6afc,K7NRW,a person puts a bag.,a person opens a bag.,A1:test,,,
neg_2fba2345e4bc23cc,XIUQJ,person they put their shoes on.,person they take their shoes off.,C1:train;C2_alt:train,,,
neg_2fced6b668fe496e,BL7OF,a person puts a pair of shoes under the window.,a person throws a pair of shoes under the window.,A1:test,,,
neg_2fe26146f33c1653,QDZ38,a person walks into the room.,a person runs into the room.,A3:val,,,
neg_2fe9081a8fd5eddc,7NW4V,person sit on a couch.,person sit on a chair.,A1:train;A2_alt:train;A3:train,,,
neg_2ff03f78c81b6d5b,J59UP,a person sits in a couch.,a person sits in a chair.,A1:test;A2_alt:test;A3:test;C1:test;C2_alt:test,,,
neg_30202e24e3dca525,6HT0J,person pouring a cup.,person holding a cup.,A2_alt:test,,,
neg_303c7044be8cfe18,POACA,person putting a a book.,person looking a a book.,A1:test,,,
neg_303e3c783578b9b8,H8UJ3,the person sits down on a couch.,the person sits down on a chair.,A1:val;A2_alt:val;A3:val;C1:val;C2_alt:val,,,
neg_3043d0c11f892453,U5T4M,person walked the refrigerator door.,person closed the refrigerator door.,A3:test,,,
neg_305472bd487e569e,8YFD1,person is walking in laundry room looking fixing their hair.,person is standing in laundry room looking fixing their hair.,A3:test,,,
neg_30672552debe568f,LBJ0W,a person sitting on a couch takes off their shoes.,a person sitting on a bed takes off their shoes.,A1:test;A2_alt:test;A3:test;C1:test;C2_alt:test,,,
neg_3080f971077b1f56,VE6GK,person put a book.,person read a book.,A1:test,,,
neg_3099c5e19e24e73d,W1VO2,a person runs into the bathroom holding a book.,a person walks into the bathroom holding a book.,A3:val,,,
neg_30afef82b9a61d61,C9FMC,person closes the cabinet.,person closes the door.,A1:train;A2_alt:train;A3:train,,,
neg_30b884a2cb01e35f,7XCAP,person they are putting a glass of water.,person they are drinking a glass of water.,A1:test,,,
neg_30cddb05df53f3c4,C7G1S,this person took the dishes over the sink.,this person washed the dishes over the sink.,A1:test,,,
neg_30ecc314beb800c6,MS4GA,person walks the door.,person closes the door.,A3:test,,,
neg_30f0bdfec09b5997,72LJ3,the person takes the book.,the person throws the book.,A1:test,,,
neg_30f8ab1621481401,AAQHJ,a person is sitting on a couch.,a person is sitting on a chair.,A1:test;A2_alt:test;A3:test;C1:test;C2_alt:test,,,
neg_30f8bd80f4d2641c,DM2XL,person walking a door.,person opening a door.,A3:test,,,
neg_3127263cfc1ab4e3,1L2G1,person opening the door.,person closing the door.,A1:train;A2_alt:train;A3:train;C1:train;C2_alt:train,,,
neg_3128643af54e30d2,XO8NL,a person is taking a pillow.,a person is holding a pillow.,A1:test,,,
neg_312e3ba1aee1ea3c,W7EDM,a person sits on a chair.,a person sits on a bed.,A1:test;A2_alt:test;A3:test;C1:test;C2_alt:test,,,
neg_3132a872c7602fb5,GV0L7,person sits down on the bed.,person sits down on the couch.,A1:test;A2_alt:test;A3:test;C1:test;C2_alt:test,,,
neg_313f10ce8b32e46a,7EYIL,person they open the cabinet.,person they open the refrigerator.,A1:train;A2_alt:train;A3:train,,,
neg_3151e46614a92f4a,VJ0LT,person puts a glass of soda.,person pours a glass of soda.,A1:test,,,
neg_31636f795315d4cc,JCKRL,a person is running through a doorway.,a person is walking through a doorway.,A3:val,,,
neg_31642f844642ebfb,S2XJW,the person pours a drink from a cup.,the person takes a drink from a cup.,A2_alt:val,,,
neg_3183e1de33d768a2,RQRRD,the person walks their dirty clothes onto a sofa.,the person throws their dirty clothes onto a sofa.,A3:test,,,
neg_31847bdfdd8a5c24,1YTD7,person closes the door.,person opens the door.,A1:train;A2_alt:train;A3:train;C1:train;C2_alt:train,,,
neg_3195dc10f37869af,3X6SI,person sits on a bed next to a light.,person sits on a chair next to a light.,A1:train;A2_alt:train;A3:train,,,
neg_319d38ef2d4fdbaa,FIJ3D,a person takes a paper off of a shelf,a person takes a book off of a shelf,C1:train;C2_alt:train,,,
neg_31be994ccba7ea10,OVMCM,a person awakens in a sofa in their recreation room.,a person awakens in a chair in their recreation room.,A1:train;A2_alt:train;A3:train;C1:train;C2_alt:train,,,
neg_31d8261de210533d,2O6RB,a person closes the refrigerators.,a person opens the refrigerators.,A1:train;A2_alt:train;A3:train;C1:train;C2_alt:train,,,
neg_31e86e7e752f1870,J0JD1,person opens the door.,person closes the door.,A1:train;A2_alt:train;A3:train;C1:train;C2_alt:train,,,
neg_31f3160e1490730d,FAJEA,person they put some medicine.,person they take some medicine.,A1:test,,,
neg_31f7957f2a7f88eb,9TPP3,person putting a cup of coffee.,person drinking a cup of coffee.,A1:test,,,
neg_31fd85b20480f258,W7EDM,a person sits down on a sofa.,a person sits down on a bed.,A1:test;A2_alt:test;A3:test;C1:test;C2_alt:test,,,
neg_3222ae8a9fdb732f,PEWH4,person puts a sandwich.,person eats a sandwich.,A1:test,,,
neg_3226064207f4f425,I8I5F,a person is throwing a pillow.,a person is holding a pillow.,A1:train;A2_alt:train;A3:train;C1:train;C2_alt:train,,,
neg_322abb967d50d505,COPHL,person they close up a book on the table.,person they open up a book on the table.,A1:train;A2_alt:train;A3:train;C1:train;C2_alt:train,,,
neg_322ad33af263faff,AMT7R,a person is taking a picture onto the wall.,a person is putting a picture onto the wall.,A1:test,,,
neg_322b242d6c119bf9,XPXWY,a person walked a pantry door.,a person opened a pantry door.,A3:test,,,
neg_3234f8617aeb3af7,QGIP7,person sits on a sofa.,person sits on a chair.,A1:train;A2_alt:train;A3:train,,,
neg_3246488f882d8fe3,RBCU4,person takes a picture.,person takes a book.,C1:train;C2_alt:train,,,
neg_3270b188c4b283b1,URK3G,person put the books.,person open the books.,A1:test,,,
neg_328b9e31bb5b3570,H26YY,person puts a piece of food from one of them.,person eats a piece of food from one of them.,A1:val,,,
neg_32905c44c9bc87d2,T9Y1N,a person walks the doors to the pantry.,a person opens the doors to the pantry.,A3:test,,,
neg_3293e45fde6dc968,LA0DB,a person is holding a pillow at the sofa.,a person is throwing a pillow at the sofa.,C1:train;C2_alt:train,,,
neg_3297a1fd6adc0b06,24XDE,a person puts a picture on a shelf.,a person puts a book on a shelf.,C1:train;C2_alt:train,,,
neg_329813c0319b2036,K21RO,person puts the picture back on the shelf.,person puts the book back on the shelf.,C1:train;C2_alt:train,,,
neg_329aa9526e22bddb,OZ5SV,the person picks the book up.,the person puts the book down.,C1:train;C2_alt:train,,,
neg_32c58920b4586fd5,21WN7,person taking food.,person eating food.,A1:test,,,
neg_32d4dfbb33c0f95f,4PEL7,person sits on the bed.,person sits on the couch.,A1:test;A2_alt:test;A3:test;C1:test;C2_alt:test,,,
neg_32dc1bdaad800d37,6PL9Z,person is sitting on a chair.,person is sitting on a sofa.,A1:train;A2_alt:train;A3:train,,,
neg_32f5288f48b2ab1c,99B6U,person takes the books into his backpack.,person puts the books into his backpack.,A1:test,,,
neg_32fc2e748f91e2e4,YPQ97,the person takes the shoes off.,the person puts the shoes on.,C1:train;C2_alt:train,,,
neg_330fc92e6f559cb3,B82GJ,the person puts a paper towel from the table.,the person takes a paper towel from the table.,A1:test,,,
neg_3330114bdac44242,AGZ28,a person is opening a window.,a person is closing a window.,C1:train;C2_alt:train,,,
neg_334247b231f5ce25,8PXPO,person opens refrigerator.,person opens cabinet.,A1:train;A2_alt:train;A3:train,,,
neg_33474c3c0c0ca162,PURYC,the person opened the closet.,the person opened the refrigerator.,A1:train;A2_alt:train;A3:train;C1:train;C2_alt:train,,,
neg_334861d24b737b7f,IV1U5,person opening the door.,person closing the door.,A1:train;A2_alt:train;A3:train;C1:train;C2_alt:train,,,
neg_334c0873645909df,OQ54Y,person walks over to the cabinet open it up.,person walks over to the refrigerator open it up.,A3:test,,,
neg_336121a106a54bc8,7L18C,person sitting on the chair looking at his laptop.,person sitting on the bed looking at his laptop.,A1:train;A2_alt:train;A3:train,,,
neg_3372d5a65245c941,WEJRX,the person closes the door.,the person opens the door.,A1:train;A2_alt:train;A3:train;C1:train;C2_alt:train,,,
neg_3381f73246bd2e6a,GOWDG,a person is opening a closet.,a person is opening a door.,A1:train;A2_alt:train;A3:train;C1:train;C2_alt:train,,,
neg_339cc33be42b7877,E89S9,the person sits in a couch.,the person sits in a chair.,A1:test;A2_alt:test;A3:test;C1:test;C2_alt:test,,,
neg_33ad9cd90e57cafc,LLTBQ,person taking a towel.,person holding a towel.,A1:test,,,
neg_33bdc488301443cf,3ND23,person they sit on a bed.,person they sit on a sofa.,A1:train;A2_alt:train;A3:train,,,
neg_33c5e00ac7b5ddf8,WK5PL,a person is walking a closet door.,a person is closing a closet door.,A3:val,,,
neg_33e157f521e2937d,RXF2Q,person close the laptop.,person open the laptop.,A1:train;A2_alt:train;A3:train;C1:train;C2_alt:train,,,
neg_33e81d2223c0bb1d,CXNYW,a person sits in a couch at the desk.,a person sits in a chair at the desk.,A1:test;A2_alt:test;A3:test;C1:test;C2_alt:test,,,
neg_33eb61698de2d96d,KQDX6,person slowly putting a cup of coffee.,person slowly drinking a cup of coffee.,A1:test,,,
neg_3400e2982e97bde1,0J1BT,the person takes their clothes on the shelf.,the person throws their clothes on the shelf.,A1:test,,,
neg_340fc5d5f1b7775d,FQGW4,person took the cup.,person put the cup.,A1:test,,,
neg_342f3f72e1d8b1fc,OIZT9,person takes a book with a camera.,person takes a picture with a camera.,C1:train;C2_alt:train,,,
neg_343621cbc17be46e,8JT6S,a person walks to a couch holding a pillow.,a person walks to a sofa holding a pillow.,C1:train;C2_alt:train,,,
neg_343f1f0f8deeb12d,9HIE0,a person is pouring food on the stove.,a person is cooking food on the stove.,A2_alt:val,,,
neg_343f7c439684e555,G7LU9,person opens the cabinet.,person opens the door.,A1:train;A2_alt:train;A3:train,,,
neg_3441c9d1534a657e,XY2M3,person sitting on the sofa.,person sitting on the bed.,A1:train;A2_alt:train;A3:train,,,
neg_3453395af80c6f05,E002I,person lies down on a sofa.,person lies down on a bed.,A1:test;A2_alt:test;A3:test;C1:test;C2_alt:test,,,
neg_346ec80f1efdfb1f,5KGCY,person they drink a glass off the table.,person they take a glass off the table.,A2_alt:val,,,
neg_347474ef10ddc04b,3HLP7,a person walks the door to the room.,a person closes the door to the room.,A3:test,,,
neg_347a04ef7d0d3deb,8LLI3,person puts a picture of food with their camera.,person takes a picture of food with their camera.,A1:test,,,
neg_347db16127fa7884,W7EDM,a person sits on a couch.,a person sits on a bed.,A1:test;A2_alt:test;A3:test;C1:test;C2_alt:test,,,
neg_34944d959ec5ee22,RM1FR,person closes the refrigerators.,person closes the cabinets.,A1:train;A2_alt:train;A3:train,,,
neg_34a6c27128be2f22,Y665P,person sits down on the chair to read the book.,person sits down on the couch to read the book.,A1:test;A2_alt:test;A3:test;C1:test;C2_alt:test,,,
neg_34a6d2b4a4ea7496,YKD6U,person sits on the couch.,person sits on the chair.,A1:train;A2_alt:train;A3:train,,,
neg_34c67d5294282589,LSH63,person took the bag on top of a table.,person put the bag on top of a table.,A1:test,,,
neg_34ce147d514f16dd,VXZBA,a person running slowly through a room smiling.,a person walking slowly through a room smiling.,A3:test,,,
neg_34e57ba141e157fd,LH6LE,person opens a door.,person opens a cabinet.,A1:train;A2_alt:train;A3:train,,,
neg_34f0d7605bb45551,TE421,person closes the cabinet.,person closes the door.,A1:train;A2_alt:train;A3:train,,,
neg_34f31ef2ca5300b5,7XKUI,the person opens their laptop.,the person closes their laptop.,C1:train;C2_alt:train,,,
neg_34fba977a943a120,JTXUA,person opens the cabinet.,person opens the door.,A1:train;A2_alt:train;A3:train,,,
neg_34fef4edd2547520,YMJ6E,person walks the door.,person opens the door.,A3:test,,,
neg_34ffb72597fe6561,2ECXI,person lies on couch.,person lies on bed.,A1:train;A2_alt:train;A3:train;C1:train;C2_alt:train,,,
neg_352f68c640353561,1TZK5,one person runs by the window eating food.,one person stands by the window eating food.,A3:test,,,
neg_353630725e85aaaa,F1V30,person drinking a glass.,person washing a glass.,A2_alt:test,,,
neg_35430f77055eb9d9,N6FZ7,a person walks into a room.,a person runs into a room.,A3:test,,,
neg_35459637342577f8,LC8T4,person opened the door of the refrigerator.,person closed the door of the refrigerator.,A1:train;A2_alt:train;A3:train;C1:train;C2_alt:train,,,
neg_354d21bae22e592c,O8T6G,person sitting in a bed opening up a bag.,person sitting in a chair opening up a bag.,A1:test;A2_alt:test;A3:test;C1:test;C2_alt:test,,,
neg_357acf520770c1eb,XZ0KV,the person is closing the laptop on the table.,the person is opening the laptop on the table.,A1:train;A2_alt:train;A3:train;C1:train;C2_alt:train,,,
neg_357bf723a5a1fe2d,EOKJ0,person is putting book.,person is holding book.,A1:val,,,
neg_35847bb4978c494f,UQPO0,person sits down in a couch.,person sits down in a chair.,A1:train;A2_alt:train;A3:train,,,
neg_35ac253e761b72ae,E5ZF5,person pours some food.,person eats some food.,A2_alt:test,,,
neg_35b160a76362c000,Y50QF,person take a cup of coffee.,person pour a cup of coffee.,A1:test,,,
neg_35bc33f9cbb32cd0,21WN7,person pours the food on a table.,person puts the food on a table.,A2_alt:test,,,
neg_35c17027f9cf80b8,2OHTZ,person taking a laptop.,person opening a laptop.,A1:test,,,
neg_35cad506efe0040a,TPHRR,person sitting on a sofa.,person sitting on a chair.,A1:val;A2_alt:val;A3:val;C1:val;C2_alt:val,,,
neg_35dbc3618d48e74d,QTRIN,person opened a cabinet.,person opened a door.,A1:train;A2_alt:train;A3:train,,,
neg_3603bd6d8ba3c6e4,RH2YW,person close a book.,person open a book.,A1:train;A2_alt:train;A3:train;C1:train;C2_alt:train,,,
neg_360960479b336d12,1F706,a person walks to the doorway of the pantry.,a person runs to the doorway of the pantry.,A3:test,,,
neg_3624268b25285754,KQDX6,person slowly taking a cup of coffee.,person slowly drinking a cup of coffee.,A1:test,,,
neg_366b2c723849d0d9,FH9AB,person walks the door.,person closes the door.,A3:val,,,
neg_368a509dcfdb5ff2,6ZWSU,the person puts their phone.,the person takes their phone.,A1:test,,,
neg_368e85d87701d8b0,0WU7S,a person puts a bag from a cabinet.,a person takes a bag from a cabinet.,A1:val,,,
neg_369d34d283c9fede,9J7EW,person they sit on a bed.,person they sit on a chair.,A1:test;A2_alt:test;A3:test;C1:test;C2_alt:test,,,
neg_36a016b256bc355e,406LH,a person opens a cabinet.,a person opens a door.,A1:train;A2_alt:train;A3:train,,,
neg_36b36bddf3d943ff,75M1Z,person sat on the bed to read a book.,person sat on the sofa to read a book.,A1:test;A2_alt:test;A3:test;C1:test;C2_alt:test,,,
neg_36c7ebfcf03e7ae0,8ZO48,a person is awakened on the couch.,a person is awakened on the bed.,A1:val;A2_alt:val;A3:val;C1:val;C2_alt:val,,,
neg_36ce3602d1527cca,OJYDD,person putting a glass of water from on the table.,person pouring a glass of water from on the table.,A1:test,,,
neg_36cf342fbb63543d,LOH86,the person runs with the camera.,the person plays with the camera.,A3:val,,,
neg_36de902b5668849e,ZO3EG,person open the cabinet.,person open the door.,A1:train;A2_alt:train;A3:train,,,
neg_36dfcc6b8071ccb2,35C4E,person opened the cabinet.,person opened the door.,A1:train;A2_alt:train;A3:train,,,
neg_36ed36b0152c9925,8LLI3,person walks the cabinet door.,person closes the cabinet door.,A3:test,,,
neg_36f68cdaca3cd012,S2XJW,person sits on the bed.,person sits on the sofa.,A1:val;A2_alt:val;A3:val;C1:val;C2_alt:val,,,
neg_3700d02ac4d09b99,5AHQV,person takes the pillow on the floor.,person throws the pillow on the floor.,A1:val,,,
neg_370e161693f24ead,RLQ9K,person put some medicine.,person take some medicine.,A1:test,,,
neg_370eb1e6494f4fd1,AOQ7C,person closes a cabinet.,person closes a door.,A1:train;A2_alt:train;A3:train,,,
neg_3743a6f03f9c4f1d,21F9H,sitting down on a sofa in a comfortable manner.,sitting down on a bed in a comfortable manner.,A1:test;A2_alt:test;A3:test;C1:test;C2_alt:test,,,
neg_3749d3fe61ba3bf5,8N4O9,the person walks the cabinet door.,the person opens the cabinet door.,A3:test,,,
neg_37696ad47ab92884,21F9H,a person is putting a cup of coffee.,a person is drinking a cup of coffee.,A1:test,,,
neg_377f0888ad6ef352,6JLD4,person walks the door.,person closes the door.,A3:test,,,
neg_3798481899bcd2f0,LW51F,person opens the book.,person closes the book.,A1:train;A2_alt:train;A3:train;C1:train;C2_alt:train,,,
neg_37b711086f6ebbd7,VOX2S,person close a refrigerator door.,person open a refrigerator door.,A1:train;A2_alt:train;A3:train;C1:train;C2_alt:train,,,
neg_37c917ee141c24fb,N0ODO,another person walks the door.,another person opens the door.,A3:test,,,
neg_37cace9b6506d2b6,57MEO,a person opens the closet.,a person opens the door.,A1:train;A2_alt:train;A3:train;C1:train;C2_alt:train,,,
neg_37cf5fde614ad3a0,O7N6K,a person opens a closet.,a person opens a door.,A1:train;A2_alt:train;A3:train;C1:train;C2_alt:train,,,
neg_37d327031f875fd6,VA8ZR,a person closes the pantry door.,a person opens the pantry door.,A1:train;A2_alt:train;A3:train;C1:train;C2_alt:train,,,
neg_38019ead991f97b5,FIJ3D,a person takes a picture off of a shelf,a person takes a book off of a shelf,C1:train;C2_alt:train,,,
neg_381182a5c95fa74d,9EEGQ,another person walks the door.,another person fixes the door.,A3:test,,,
neg_3820312e3510bacc,PURYC,the person closed the refrigerator.,the person opened the refrigerator.,C1:train;C2_alt:train,,,
neg_38249eaeafa91317,N56QO,person the individual puts a drink from a coffee cup.,person the individual takes a drink from a coffee cup.,A1:test,,,
neg_383b5280deeb476c,DUZDL,person walks the doors.,person opens the doors.,A3:test,,,
neg_3850ed493527c1af,T42IZ,person walks the fridge door.,person closes the fridge door.,A3:test,,,
neg_3863cc0677580dc9,DOYQE,person pours a drink from a coffee cup.,person takes a drink from a coffee cup.,A2_alt:test,,,
neg_3871e49d3d36e2b7,O8N4M,a person awakens on the bed in the living room.,a person awakens on the couch in the living room.,C1:train;C2_alt:train,,,
neg_387e2260cf918a73,LF49A,a person is opening a box in the closet.,a person is opening a bag in the closet.,A1:train;A2_alt:train;A3:train,,,
neg_389e14dd4e1111ca,87Y64,a person is sitting on a chair.,a person is sitting on a bed.,A1:test;A2_alt:test;A3:test;C1:test;C2_alt:test,,,
neg_38ef53a53625be89,E6DLK,a person sits on a couch.,a person sits on a chair.,A1:test;A2_alt:test;A3:test;C1:test;C2_alt:test,,,
neg_38f76859db67e78f,3J85M,person pour the food.,person eat the food.,A2_alt:test,,,
neg_39044064b21c5133,X4YHQ,person sitting down in a bed.,person sitting down in a chair.,A1:train;A2_alt:train;A3:train,,,
neg_39081d3ba0c2e999,31YNM,a person taking a light.,a person fixing a light.,A1:test,,,
neg_391bd7ae11debd42,HS521,person they open the closet turn off the light.,person they open the door turn off the light.,A1:train;A2_alt:train;A3:train;C1:train;C2_alt:train,,,
neg_39386b3c851e9991,64IAU,another person is opening the closet.,another person is opening the door.,A1:train;A2_alt:train;A3:train;C1:train;C2_alt:train,,,
neg_395c9fef79f1eb84,4BEZX,person walks the door.,person closes the door.,A3:test,,,
neg_395fa40f79a8b16e,OUH2U,person walks the door.,person closes the door.,A3:val,,,
neg_39658db0cb2abc08,LFPWI,a person is walking a door.,a person is opening a door.,A3:test,,,
neg_399ffea57f53b8c7,W74ZY,the person sits down on the chair.,the person sits down on the sofa.,A1:train;A2_alt:train;A3:train,,,
neg_39a60c4f23fbc656,TJZ0P,person pours some food.,person eats some food.,A2_alt:test,,,
neg_39aada3649e2dfd8,AYMCZ,person closing a laptop.,person opening a laptop.,A1:train;A2_alt:train;A3:train;C1:train;C2_alt:train,,,
neg_39b7e89633317516,F8UU2,person opens refrigerator.,person opens cabinet.,A1:train;A2_alt:train;A3:train,,,
neg_39bd54f95c8c2183,987P8,a person walks some clothes on the ground.,a person throws some clothes on the ground.,A3:val,,,
neg_39cca83ab7286f3e,CA5OI,the person is walking a door.,the person is opening a door.,A3:val,,,
neg_39f272e5e1f2f327,2OHTZ,the person puts a couple drinks from a cup.,the person takes a couple drinks from a cup.,A1:test,,,
neg_39f2812aebc48ac6,G2QBV,person walks a door.,person closes a door.,A3:test,,,
neg_3a0442a0811f33e4,D0AGO,person take a glass of soda.,person pour a glass of soda.,A1:test,,,
neg_3a0db735df240224,WKVWF,the person pours a drink from a cup of coffee.,the person takes a drink from a cup of coffee.,A2_alt:test,,,
neg_3a444187ab77feb9,F3M1Q,person puts a drink from a glass nearby.,person takes a drink from a glass nearby.,A1:test,,,
neg_3a444aa34180709c,7XCAP,person begin to put water from a glass cup.,person begin to drink water from a glass cup.,A1:test,,,
neg_3a49b24d313722e1,LQMXW,person took the towel on the chair.,person put the towel on the chair.,A1:test,,,
neg_3a5fcb2ff0241fba,WCIBT,a person opens a cabinet.,a person opens a door.,A1:train;A2_alt:train;A3:train,,,
neg_3a68b0b0a7f82d04,TH3M0,a person walks a door.,a person opens a door.,A3:test,,,
neg_3a790fae795fd3d8,I9SSV,another person is sitting on a bed at a desk.,another person is sitting on a chair at a desk.,A1:train;A2_alt:train;A3:train,,,
neg_3a7c436905f211c8,YE6TZ,a person is taking a book on a chair.,a person is putting a book on a chair.,A1:test,,,
neg_3a82d176b6ca14a4,75M1Z,person puts a box with a book.,person opens a box with a book.,A1:test,,,
neg_3a8602528867244d,F7TG5,person sits in a bed.,person sits in a chair.,A1:test;A2_alt:test;A3:test;C1:test;C2_alt:test,,,
neg_3a8f00ab6623393d,B57IW,person closes a door.,person opens a door.,A1:train;A2_alt:train;A3:train;C1:train;C2_alt:train,,,
neg_3a96bed8344175dc,RJZ3I,person walks away down the hall.,person runs away down the hall.,A3:test,,,
neg_3aa26dd5456d49b1,UWRQV,the person opens a door.,the person opens a cabinet.,A1:train;A2_alt:train;A3:train,,,
neg_3aa8084b86585dc3,HS521,person they open the cabinet turn off the light.,person they open the door turn off the light.,A1:train;A2_alt:train;A3:train,,,
neg_3ab255e483626a5b,QG338,the person close the door came inside.,the person open the door came inside.,A1:train;A2_alt:train;A3:train;C1:train;C2_alt:train,,,
neg_3acbcadc3d1e94bf,PLJIZ,person walks the door.,person opens the door.,A3:test,,,
neg_3ad50ab49ed74924,J3Y7L,a person puts a box.,a person opens a box.,A1:test,,,
neg_3aee3ea35c98f33a,95GB4,person running with their phone.,person playing with their phone.,A3:test,,,
neg_3af0211d03f357fd,XSVLL,a person walks to the door.,a person runs to the door.,A3:test,,,
neg_3b08bcadf1c72484,9207X,person opening the refrigerator.,person opening the cabinet.,A1:train;A2_alt:train;A3:train,,,
neg_3b0ae8b997639f3e,TF95Y,person closing refrigerator.,person opening refrigerator.,A1:train;A2_alt:train;A3:train;C1:train;C2_alt:train,,,
neg_3b1e62dc029e037c,K0Y6X,person closes their laptop to work on it.,person opens their laptop to work on it.,A1:train;A2_alt:train;A3:train;C1:train;C2_alt:train,,,
neg_3b256c587027207e,T42IZ,same person walks the fridge door.,same person opens the fridge door.,A3:test,,,
neg_3b25894a4d11e9f5,7FTBS,the person opens the cabinet.,the person opens the refrigerator.,A1:train;A2_alt:train;A3:train,,,
neg_3b36a90caa3b8ada,3GY40,another person is putting a pillow.,another person is throwing a pillow.,A1:val,,,
neg_3b4742751d868268,1B9DK,a person walks door.,a person opens door.,A3:test,,,
neg_3b52ef0af275071c,Z6IAE,person closes the door.,person opens the door.,C1:train;C2_alt:train,,,
neg_3b5a37bb060f93a3,5TYXL,person puts the broom.,person takes the broom.,A1:test,,,
neg_3b5bba338f026afc,OQSXX,person takes a towel on their shoulder.,person puts a towel on their shoulder.,A1:test,,,
neg_3b5e9bf88eeeb1a7,9LWQ6,person walks the clothes on the bed.,person puts the clothes on the bed.,A3:test,,,
neg_3b9197f830caae14,M014B,person taking a bag.,person holding a bag.,A1:test,,,
neg_3b924961a869b35b,HSEH1,a person is taking a light.,a person is fixing a light.,A1:test,,,
neg_3ba777cb56ec50a6,3R4DD,person sit down in a couch.,person sit down in a chair.,A1:test;A2_alt:test;A3:test;C1:test;C2_alt:test,,,
neg_3bc8d04f18e97758,E0U3R,person sits in a couch.,person sits in a chair.,A1:train;A2_alt:train;A3:train,,,
neg_3bcc986551a5aeb2,CS01T,person they sit down on the couch.,person they sit down on the bed.,A1:train;A2_alt:train;A3:train,,,
neg_3bcd77bce853408d,FNBYE,person putting a sandwich.,person eating a sandwich.,A1:test,,,
neg_3bde7f3bb4310613,VX1GX,person opens a closet.,person opens a refrigerator.,A1:train;A2_alt:train;A3:train;C1:train;C2_alt:train,,,
neg_3be52e5c390d0716,7SNIO,the person walks into the room.,the person runs into the room.,A3:test,,,
neg_3becb2a276e00b0e,ODM20,person taking a cup of coffee.,person drinking a cup of coffee.,A1:test,,,
neg_3c2f72af1f1772d9,B6487,a person opens a cabinet.,a person opens a refrigerator.,A1:train;A2_alt:train;A3:train,,,
neg_3c440888619a735d,HSEH1,a person is taking a light on the room.,a person is fixing a light on the room.,A1:test,,,
neg_3c4d78d48253c888,OHOFG,a person sits on a couch by a table.,a person sits on a chair by a table.,A1:test;A2_alt:test;A3:test;C1:test;C2_alt:test,,,
neg_3c6493a95421bd82,8Z9GW,the person sits on the bed.,the person sits on the chair.,A1:train;A2_alt:train;A3:train,,,
neg_3c6b3d11522330a8,HS521,person they close the door turn off the light.,person they open the door turn off the light.,A1:train;A2_alt:train;A3:train;C1:train;C2_alt:train,,,
neg_3c6d499fd3575358,8175C,person walking a door.,person opening a door.,A3:val,,,
neg_3c8f0405ab9fcddf,UMTLM,person walk the door.,person close the door.,A3:test,,,
neg_3ca16f5d22913e63,8Z02S,the person closes the door to take out the clothes.,the person opens the door to take out the clothes.,C1:train;C2_alt:train,,,
neg_3ca723222d01f8ae,KWONB,a person closes the closet door.,a person opens the closet door.,A1:train;A2_alt:train;A3:train;C1:train;C2_alt:train,,,
neg_3ca7579e03bad770,X95D0,person taking a glass of water.,person drinking a glass of water.,A1:test,,,
neg_3caeb7c297179b0c,73ZXZ,person pours the food away.,person puts the food away.,A2_alt:test,,,
neg_3ce8a356fcb8c3d5,2XSK6,person sits down in a couch at a desk.,person sits down in a chair at a desk.,A1:train;A2_alt:train;A3:train,,,
neg_3d0d83a9119bc1a7,CV5YJ,person puts a laptop from a shelf.,person takes a laptop from a shelf.,A1:val,,,
neg_3d2298ac003a11eb,EY6P4,person opens a closet to their study.,person opens a door to their study.,A1:train;A2_alt:train;A3:train;C1:train;C2_alt:train,,,
neg_3d3dddad4dff1b84,LLE9B,person pouring some food.,person eating some food.,A2_alt:test,,,
neg_3d5aa4b3d4015b72,5VUT9,person put a cup of coffee.,person pour a cup of coffee.,A1:test,,,
neg_3d6c6088d2c3eed7,08F85,person opening the door.,person opening the cabinet.,A1:train;A2_alt:train;A3:train,,,
neg_3d7186074e81956b,H3CDC,there is a person that opens a refrigerator.,there is a person that opens a cabinet.,A1:train;A2_alt:train;A3:train,,,
neg_3d9100034ef875f3,ALJ7B,person taking a glass of water.,person drinking a glass of water.,A1:test,,,
neg_3d94d96674446835,1514T,person opens the door.,person closes the door.,C1:train;C2_alt:train,,,
neg_3db0c3230411e701,DOGYU,another person is sitting in a bed.,another person is sitting in a chair.,A1:train;A2_alt:train;A3:train,,,
neg_3db31a9273fb3862,B71ZJ,person drinks a bottle of medicine on the table.,person puts a bottle of medicine on the table.,A2_alt:val,,,
neg_3db3b17fb3755b22,DU416,person putting a bag.,person holding a bag.,A1:test,,,
neg_3dd40b30097d3f3c,2MJ72,person they close the cabinet.,person they close the door.,A1:train;A2_alt:train;A3:train,,,
neg_3df99b719496feb2,G2DIN,person takes a box on the closet shelf.,person puts a box on the closet shelf.,A1:test,,,
neg_3df9e2ffda6eb161,D07V2,person they open the cabinet.,person they open the refrigerator.,A1:train;A2_alt:train;A3:train,,,
neg_3e072fdb85104816,C9FMC,person opens the door.,person closes the door.,A1:train;A2_alt:train;A3:train;C1:train;C2_alt:train,,,
neg_3e14652d27639a06,7229M,person puts a notebook.,person takes a notebook.,A1:test,,,
neg_3e169a163fa5e8e8,RY8ZS,a person is putting a mirror with a blanket.,a person is washing a mirror with a blanket.,A1:val,,,
neg_3e32fb5f4eafd79f,ZZ4GP,a person is putting some food on the stove.,a person is cooking some food on the stove.,A1:test,,,
neg_3e3426987ea6634f,243Y9,a person sits on a couch.,a person sits on a chair.,A1:train;A2_alt:train;A3:train,,,
neg_3e4809e78962d7f1,RG0JH,a man sitting on a chair.,a man sitting on a bed.,A1:test;A2_alt:test;A3:test;C1:test;C2_alt:test,,,
neg_3e5404d1fc23ba06,YQOCU,person they sit down in a bed holding it.,person they sit down in a chair holding it.,A1:test;A2_alt:test;A3:test;C1:test;C2_alt:test,,,
neg_3eba6b19360b8ced,6JGXL,person put some medicine.,person take some medicine.,A1:val,,,
neg_3ec3511199154e74,ZVV1Y,person opens the closet.,person opens the door.,C1:train;C2_alt:train,,,
neg_3ee54537a9029447,MYB7P,a person takes a book with their phone.,a person takes a picture with their phone.,C1:train;C2_alt:train,,,
neg_3efa007a68e2d9a5,RX7TC,a person is pouring some food.,a person is eating some food.,A2_alt:test,,,
neg_3efc946d848f5cd3,XJE7I,person put a bag from the counter.,person take a bag from the counter.,A1:test,,,
neg_3efeb214b1566168,51RLB,the person pours a drink from a water bottle.,the person takes a drink from a water bottle.,A2_alt:test,,,
neg_3f0e07eacece4804,9HIE0,a person is putting food on the stove.,a person is cooking food on the stove.,A1:val,,,
neg_3f1572da3ac06007,OT35M,person taking the towel to the floor.,person throwing the towel to the floor.,A1:test,,,
neg_3f26cac83084e537,0A8CF,person puts a glass from somewhere.,person takes a glass from somewhere.,A1:test,,,
neg_3f38060372d83d4c,ON2VH,person takes a paper.,person takes a book.,C1:train;C2_alt:train,,,
neg_3f3f52683c26a8e4,MFGLZ,person takes bag.,person opens bag.,A1:test,,,
neg_3f423138abfa3b0a,EF7Q9,person they pour the glass.,person they take the glass.,A2_alt:test,,,
neg_3f46bf5977f928b6,XF41L,person puts on their shoes.,person takes off their shoes.,C1:train;C2_alt:train,,,
neg_3f60944df7d9e8b6,B4MNI,a person sits on the chair.,a person sits on the couch.,A1:train;A2_alt:train;A3:train,,,
neg_3f6263b3c4a57bd2,DOQ9Y,person opening the door.,person closing the door.,C1:train;C2_alt:train,,,
neg_3f6ae0907f528ad4,A3XXB,a person is taking a blanket.,a person is tidying a blanket.,A1:test,,,
neg_3f78079237ac20f9,CRJGZ,person closes cabinet.,person closes door.,A1:train;A2_alt:train;A3:train,,,
neg_3f7fb945ca0d9e18,F8SNW,person sitting on a couch.,person sitting on a chair.,A1:train;A2_alt:train;A3:train,,,
neg_3f90509a43a2b0a8,490S2,person pouring water from a glass.,person drinking water from a glass.,C1:train;C2_alt:train,,,
neg_3f96367cc60eb413,BVX8X,person goes to open the closet for something.,person goes to open the refrigerator for something.,A1:train;A2_alt:train;A3:train;C1:train;C2_alt:train,,,
neg_3f98fa4d030550ce,AQ3CP,a person is sitting on a couch.,a person is sitting on a chair.,A1:train;A2_alt:train;A3:train,,,
neg_3fa695a6c42a543d,DHR5F,a person opens a closet.,a person opens a door.,C1:train;C2_alt:train,,,
neg_3faa513c5c1292eb,JFBTV,a person walks a closet door.,a person opens a closet door.,A3:test,,,
neg_3faa70e2bff7f9d0,4U8WV,person taking a small hand towel.,person holding a small hand towel.,A1:test,,,
neg_3fabbf2058f85129,3IS9Y,person took a wooden box twice.,person closed a wooden box twice.,A1:test,,,
neg_3fbd037ae43ff27e,Q57HC,person they close a window.,person they open a window.,A1:train;A2_alt:train;A3:train;C1:train;C2_alt:train,,,
neg_3fc554a2bef68a36,5R8BL,person they put the pillow behind them.,person they throw the pillow behind them.,A1:test,,,
neg_3fc6a74fd047f186,XEJ35,person put a book.,person opened a book.,A1:test,,,
neg_3fca1604924ccba3,DSGVL,person sits down on a sofa.,person sits down on a chair.,A1:train;A2_alt:train;A3:train,,,
neg_3fcc667dae6090cd,S72J9,person opening a door.,person closing a door.,A1:train;A2_alt:train;A3:train;C1:train;C2_alt:train,,,
neg_3fd0e0c7086bf165,QD1U7,the person takes the sandwich on the table.,the person puts the sandwich on the table.,A1:test,,,
neg_3fd4effd46fe12c0,SMPEB,a person closes the cabinet.,a person closes the door.,A1:train;A2_alt:train;A3:train,,,
neg_3fdc1aeb881dbd14,VD8PU,a person is sitting in a bed holding a bowl.,a person is sitting in a chair holding a bowl.,A1:train;A2_alt:train;A3:train,,,
neg_400cee91e19272b9,02DPI,person putting water from a glass.,person drinking water from a glass.,A1:test,,,
neg_40121210271f5c1b,RVVDR,a person takes a bag.,a person opens a bag.,A1:test,,,
neg_4016d576ad9666a7,C5LCU,person they close their laptop.,person they open their laptop.,A1:train;A2_alt:train;A3:train;C1:train;C2_alt:train,,,
neg_402402841466b227,F56YP,that same person opens the box.,that same person closes the box.,A1:train;A2_alt:train;A3:train,,,
neg_4024d3a5308bf858,BO12I,a second person walks the door to the refrigerator.,a second person closes the door to the refrigerator.,A3:test,,,
neg_403b1b7387b7513f,79WPY,a person is opening a closet.,a person is opening a refrigerator.,A1:train;A2_alt:train;A3:train;C1:train;C2_alt:train,,,
neg_4044d41131899027,FKGY7,person walks the clothes on the floor.,person puts the clothes on the floor.,A3:val,,,
neg_4052fb2ad8fa45ac,9JZO2,person pouring a glass cup.,person holding a glass cup.,A2_alt:test,,,
neg_40567d79a1beb012,P0CET,a person walks some clothes from a closet.,a person takes some clothes from a closet.,A3:test,,,
neg_40595bd99662cd0d,CZPU9,person pours the medicine.,person takes the medicine.,A2_alt:val,,,
neg_40745da498721a15,3VH9O,person pouring snack food.,person eating snack food.,A2_alt:test,,,
neg_408961934e375bcf,4ZJSI,person closes a door.,person opens a door.,C1:train;C2_alt:train,,,
neg_408981cd7cccfeaf,QUAFE,a person is walking clothes.,a person is washing clothes.,A3:test,,,
neg_408b8e6455ee97f3,AFUBX,a person is running through a doorway.,a person is walking through a doorway.,A3:test,,,
neg_409577851ca9afd4,Q38XP,person pouring food.,person eating food.,A2_alt:test,,,
neg_40c3020c90f824fe,RS9D9,person sitting in a bed.,person sitting in a chair.,A1:train;A2_alt:train;A3:train,,,
neg_40c30c7ac37c6fec,4BIMI,person pours a cup.,person takes a cup.,A2_alt:test,,,
neg_40e1880dfa2b4852,4KK20,person taking the box to the floor angrily.,person throwing the box to the floor angrily.,A1:test,,,
neg_41045bc45a8ccdd5,DWH0T,person takes themselves a cup of water.,person pours themselves a cup of water.,A1:test,,,
neg_4107b9ed51076fef,N2XCF,person took clothes out the washer.,person put clothes in the washer.,C1:train;C2_alt:train,,,
neg_4119ad3c452eb158,RG0JH,a person sits on the chair.,a person sits on the bed.,A1:test;A2_alt:test;A3:test;C1:test;C2_alt:test,,,
neg_4121efb32bd7c787,EYZXC,person puts a cup of coffee.,person pours a cup of coffee.,A1:test,,,
neg_413151fbed549388,VNQTH,a person walks clothes into their closet on a shelf.,a person puts clothes into their closet on a shelf.,A3:test,,,
neg_4131620d4d5c276d,YT2C3,the person puts a paper towel from the shelf.,the person takes a paper towel from the shelf.,A1:test,,,
neg_4133a83443a76933,75M1Z,person sits on the chair.,person sits on the sofa.,A1:test;A2_alt:test;A3:test;C1:test;C2_alt:test,,,
neg_4138c1ce1a1204aa,ZZ3HT,person walk over to a refrigerator take a towel out.,person walk over to a cabinet take a towel out.,A3:test,,,
neg_413a4a8d53ef8127,HG7C2,person putting a broom.,person holding a broom.,A1:test,,,
neg_413aa1c31da80b9c,HHNTA,person put a box.,person open a box.,A1:test,,,
neg_4140c9a44fbd5a29,J6WE2,person opens a box.,person opens a bag.,A1:train;A2_alt:train;A3:train,,,
neg_414e1137e18dd831,WV8SY,a person walks a door.,a person opens a door.,A3:val,,,
neg_41574425334bd310,F4BJJ,the person takes a picture out of the bag.,the person takes a book out of the bag.,C1:train;C2_alt:train,,,
neg_41742129e0fb8a29,JTXUA,person closes a cabinet.,person closes a door.,A1:train;A2_alt:train;A3:train,,,
neg_4179e378a32ae404,8F17S,one person is sitting on a chair eating a snack.,one person is sitting on a couch eating a snack.,A1:train;A2_alt:train;A3:train,,,
neg_417c2c7f12c86da9,JQ2SN,a person is sitting on a couch eating a sandwich.,a person is sitting on a bed eating a sandwich.,A1:train;A2_alt:train;A3:train,,,
neg_4188e074e3ecf185,LFPWI,person walk the door.,person open the door.,A3:test,,,
neg_418f3dd6bd63fd7c,GFPDD,a person runs into the kitchen holding a box.,a person walks into the kitchen holding a box.,A3:test,,,
neg_4198a30c58c4ba9d,J1KLV,person walks the door behind them.,person closes the door behind them.,A3:test,,,
neg_41a00c1b57f63b60,OUH2U,person walks the door behind them.,person closes the door behind them.,A3:val,,,
neg_41a82eeb942b5698,XJE7I,person they put a bag form a counter.,person they take a bag form a counter.,A1:test,,,
neg_41bd62022c2a2325,DGPAW,person walks the door.,person opens the door.,A3:test,,,
neg_41c06e4c06259c63,TU9K1,person walk the closet door.,person close the closet door.,A3:test,,,
neg_41cbe24cffc53e0a,BEAAA,a person is sitting on a couch eating food.,a person is sitting on a chair eating food.,A1:test;A2_alt:test;A3:test;C1:test;C2_alt:test,,,
neg_41d2d1169ea33131,IV1S7,person pours the glass on the table.,person puts the glass on the table.,A2_alt:test,,,
neg_41dd232d15724bd8,V4HBP,person takes another blanket off the bed,person throws another blanket off the bed,A1:val,,,
neg_41f654ebd3775a85,JCT0K,a person is walking the closet door.,a person is opening the closet door.,A3:test,,,
neg_425286edda822db2,ZAO65,a person opens a cabinet.,a person opens a door.,A1:train;A2_alt:train;A3:train,,,
neg_425e0fdc1bfa85ff,V1JIC,person lie on a bed.,person lie on a couch.,A1:train;A2_alt:train;A3:train;C1:train;C2_alt:train,,,
neg_426e06ce0ce2dd27,D1WYU,person sits down on a sofa.,person sits down on a chair.,A1:test;A2_alt:test;A3:test;C1:test;C2_alt:test,,,
neg_427763c35249fd63,B0SV3,a person walking into a door turns on the light.,a person walking into a closet turns on the light.,A1:test;A2_alt:test;A3:test;C1:test;C2_alt:test,,,
neg_42ad34dde74225b6,NGXV2,the person opens the door.,the person opens the cabinet.,A1:train;A2_alt:train;A3:train,,,
neg_42b23b90d5e77ce1,LKSBL,person opens another door.,person opens another cabinet.,A1:train;A2_alt:train;A3:train,,,
neg_42bc31f271400794,CS7HY,a person is taking a broom.,a person is holding a broom.,A1:test,,,
neg_42c8896895967ca3,8EU89,a person walks the door.,a person opens the door.,A3:val,,,
neg_432c4d8e7b23f52e,HLMQ8,person closed the window.,person opened the window.,A1:train;A2_alt:train;A3:train;C1:train;C2_alt:train,,,
neg_43314c2bada9aafd,T8VDU,person puts a red drinking glass from the table.,person grabs a red drinking glass from the table.,A1:test,,,
neg_433f2bbcc7a8f4e8,FVPMC,person puts a sandwich.,person eats a sandwich.,A1:val,,,
neg_434cfac32056cb0c,XJE7I,person walking the door.,person opening the door.,A3:test,,,
neg_434d0d6586d23a3f,PIRMO,the person puts a cup off the shelf.,the person takes a cup off the shelf.,A1:val,,,
neg_434ed280355dd246,2UQKZ,person puts a blanket.,person takes a blanket.,A1:test,,,
neg_436fa72d14ade568,MRZ44,person taking a sandwich.,person eating a sandwich.,A1:test,,,
neg_4378223011387993,0QAZ7,person finally walking a door leaving.,person finally opening a door leaving.,A3:test,,,
neg_437acf83063023f1,SMVKB,person throwing a pillow laughing opens a door.,person holding a pillow laughing opens a door.,A1:train;A2_alt:train;A3:train;C1:train;C2_alt:train,,,
neg_43a737314d618375,BM5B8,person opened the closet.,person opened the door.,C1:train;C2_alt:train,,,
neg_43bf82f4d1b16dd8,WM6RQ,person walk the refrigerator door.,person open the refrigerator door.,A3:test,,,
neg_43cf8a53e41ba34a,YV521,person puts the picture away.,person puts the book away.,C1:train;C2_alt:train,,,
neg_43d7559561ac4b93,U5B14,a person is sitting in a bed in the bathroom.,a person is sitting in a chair in the bathroom.,A1:train;A2_alt:train;A3:train,,,
neg_43f943d43e8e75fe,SP1QS,a person is sitting in a couch.,a person is sitting in a chair.,A1:val;A2_alt:val;A3:val;C1:val;C2_alt:val,,,
neg_440b7d741239bf05,LH6LE,person opens a refrigerator.,person opens a cabinet.,A1:train;A2_alt:train;A3:train,,,
neg_441363287296ebff,TFWNO,person taking a towel on the floor.,person throwing a towel on the floor.,A1:test,,,
neg_4419ba1c5ef21b31,43CCM,a person walks a door.,a person opens a door.,A3:test,,,
neg_444c9b1f18a90723,Y2EID,a person walks a door.,a person opens a door.,A3:test,,,
neg_445c806a8fafbd90,A3MOW,the person is sitting on a bed eating a sandwich.,the person is sitting on a chair eating a sandwich.,A1:val;A2_alt:val;A3:val;C1:val;C2_alt:val,,,
neg_4468afb48a01f9a9,ET224,person opened a closet.,person opened a door.,A1:train;A2_alt:train;A3:train;C1:train;C2_alt:train,,,
neg_447de5133f8855a4,5EEXF,the person walks a closet door.,the person opens a closet door.,A3:test,,,
neg_4485e549ad597400,EJL2F,a person opens a closet.,a person opens a door.,C1:train;C2_alt:train,,,
neg_448b93dac696bfce,1O6PH,the person is throwing a pillow.,the person is holding a pillow.,A1:train;A2_alt:train;A3:train;C1:train;C2_alt:train,,,
neg_44924a3409778f11,EFADI,that same person puts some medicine off a shelf.,that same person takes some medicine off a shelf.,A1:test,,,
neg_449fa41324cb3dfd,GLH5S,a person sits in a couch.,a person sits in a chair.,A1:train;A2_alt:train;A3:train,,,
neg_44a122820acbea8c,FJM2Y,person they take a paper from the cabinet.,person they take a book from the cabinet.,C1:train;C2_alt:train,,,
neg_44a1a747ef1c8d9c,H26YY,person takes a plate of food on the shelf.,person puts a plate of food on the shelf.,A1:val,,,
neg_44a8a075a3354fe4,KZS5M,person puts some food.,person eats some food.,A1:test,,,
neg_44b1078eb09cdcb0,MAUMO,person pours a drink from a glass.,person takes a drink from a glass.,A2_alt:test,,,
neg_44c3b6ac31b85ee3,PCF14,person they put their shoes on.,person they take their shoes off.,C1:train;C2_alt:train,,,
neg_44c4164478c65e61,4J1AP,person taking a glass of water.,person drinking a glass of water.,A1:test,,,
neg_44cc861df219a69c,08QQS,person walks a door.,person opens a door.,A3:val,,,
neg_44d0ea08892f7ab5,QQD2X,person closes up the window.,person opens up the window.,A1:train;A2_alt:train;A3:train;C1:train;C2_alt:train,,,
neg_44d5ea12722d2054,N8WK8,person they put the book.,person they close the book.,A1:val,,,
neg_44e1b29fc7be86fd,PPUOO,a person is closing a door to the bathroom.,a person is opening a door to the bathroom.,A1:train;A2_alt:train;A3:train;C1:train;C2_alt:train,,,
neg_44e9d0b05ca54d84,KNN3G,person pouring food in a dining room.,person eating food in a dining room.,A2_alt:val,,,
neg_44f363b8d23f3714,W0XPU,a person puts a pair of shoes.,a person holds a pair of shoes.,A1:test,,,
neg_44fb7e2d2a92d423,NT2HT,person put the picture on the boxes.,person put the book on the boxes.,C1:train;C2_alt:train,,,
neg_44ff5dfab2c1e44e,E002I,a person walks into a room.,a person runs into a room.,A3:test,,,
neg_45040723b8827c2f,YPIKO,a person is sitting in a couch eating food.,a person is sitting in a chair eating food.,A1:train;A2_alt:train;A3:train,,,
neg_451b0d7b8bd874c2,SBI6Z,person takes a drink into a glass.,person pours a drink into a glass.,A1:test,,,
neg_452f4b7bd3977f6d,NSDFA,person take a book.,person take a picture.,C1:train;C2_alt:train,,,
neg_4541513b6ec8c25c,T8O8Y,a person is sitting on the chair holding their phone.,a person is sitting on the bed holding their phone.,A1:val;A2_alt:val;A3:val;C1:val;C2_alt:val,,,
neg_4543c51aeee1f60f,41GXC,person at the refrigerator they open the cabinet.,person at the refrigerator they open the door.,A1:train;A2_alt:train;A3:train,,,
neg_45456feb6941b0d5,F7TG5,person sits down on a couch.,person sits down on a chair.,A1:test;A2_alt:test;A3:test;C1:test;C2_alt:test,,,
neg_4555976c0f156318,ZSL58,person opens an open cabinet door.,person closes an open cabinet door.,A1:train;A2_alt:train;A3:train;C1:train;C2_alt:train,,,
neg_4565f8f3f69a98dd,IWTWJ,a person is taking a blanket onto the sofa.,a person is throwing a blanket onto the sofa.,A1:test,,,
neg_459d344b1323a5c5,FVINY,a person is sitting on a sofa reading a book.,a person is sitting on a chair reading a book.,A1:test;A2_alt:test;A3:test;C1:test;C2_alt:test,,,
neg_45bed413826efc27,YQOCU,a person pours some food from a cabinet.,a person takes some food from a cabinet.,A2_alt:test,,,
neg_45c5bf43ac193962,01ZWG,person closes the laptop.,person opens the laptop.,A1:train;A2_alt:train;A3:train;C1:train;C2_alt:train,,,
neg_45cf9d272da38784,G06QC,person puts a drink from a glass.,person takes a drink from a glass.,A1:val,,,
neg_45f3114e1fc718f4,V7LTE,the person closes a door.,the person opens a door.,A1:train;A2_alt:train;A3:train;C1:train;C2_alt:train,,,
neg_45f677924075d3e9,J5K87,person putting a glass of orange juice.,person drinking a glass of orange juice.,A1:test,,,
neg_460ecf44c9da7749,EBTD6,person opening a closet.,person opening a door.,A1:train;A2_alt:train;A3:train;C1:train;C2_alt:train,,,
neg_462cb95ee35385e8,A3MOW,the person sat in a couch eating a sandwich.,the person sat in a chair eating a sandwich.,A1:val;A2_alt:val;A3:val;C1:val;C2_alt:val,,,
neg_46304d8691811854,LTQS9,a person is sitting on a sofa.,a person is sitting on a chair.,A1:val;A2_alt:val;A3:val;C1:val;C2_alt:val,,,
neg_46305f0cb291bc42,EDVAM,a person is putting a pillow.,a person is holding a pillow.,A1:val,,,
neg_464426a26b9dbd7e,X3LEM,person sits down on a chair,person sits down on a sofa,A1:train;A2_alt:train;A3:train,,,
neg_4647d0a989bad10f,8TNSB,a person closes a door.,a person opens a door.,C1:train;C2_alt:train,,,
neg_4649ad6bd22070ea,J8781,person sitting on a sofa.,person sitting on a chair.,A1:train;A2_alt:train;A3:train,,,
neg_4666d07acb54430b,Q2U7O,person putting a glass of water.,person holding a glass of water.,A1:val,,,
neg_466fdf13cb24b64c,WEJRX,the person opens the cabinet.,the person opens the door.,A1:train;A2_alt:train;A3:train,,,
neg_469d70306c4e8cb6,7DGWM,person throws two pillows.,person holds two pillows.,A1:train;A2_alt:train;A3:train;C1:train;C2_alt:train,,,
neg_46adbd1787a14be1,H40VV,person opens the cabinet.,person opens the door.,A1:train;A2_alt:train;A3:train,,,
neg_46b5b7885b46bfc4,O7N6K,a person closes a door.,a person opens a door.,A1:train;A2_alt:train;A3:train;C1:train;C2_alt:train,,,
neg_46b6914d7dc965aa,P4SB9,person start pouring some food from the stove.,person start eating some food from the stove.,A2_alt:test,,,
neg_46ba0cc1c544f274,X95D0,person putting a glass of water.,person drinking a glass of water.,A1:test,,,
neg_46c5fe06124fd583,XRG9K,person putting a box.,person opening a box.,A1:test,,,
neg_46eb057bf3a55e97,EBHC9,a person throws a throw pillow under one arm.,a person holds a throw pillow under one arm.,A1:train;A2_alt:train;A3:train;C1:train;C2_alt:train,,,
neg_46eb83699f16e8c9,T8O8Y,a person is sitting on the couch holding their phone.,a person is sitting on the bed holding their phone.,A1:val;A2_alt:val;A3:val;C1:val;C2_alt:val,,,
neg_4725251fa0b46a9c,XHYA2,person they sit on the couch.,person they sit on the bed.,A1:test;A2_alt:test;A3:test;C1:test;C2_alt:test,,,
neg_4735f32db9e1e443,1QP1S,a person puts some food.,a person eats some food.,A1:test,,,
neg_47455204fd5827bb,509W9,a person sits down on a bed.,a person sits down on a chair.,A1:train;A2_alt:train;A3:train,,,
neg_4756121ac0fba7e6,RYK18,a person is in a bedroom sitting on a bed.,a person is in a bedroom sitting on a chair.,A1:train;A2_alt:train;A3:train,,,
neg_475775136d79cd73,QWKVM,person drinks a glass on the desk.,person puts a glass on the desk.,A2_alt:test,,,
neg_475e8918d619a8ac,342XO,the person puts on their shoes.,the person takes off their shoes.,C1:train;C2_alt:train,,,
neg_47627d34f316e97b,V1WN7,person sitting on sofa.,person sitting on bed.,A1:test;A2_alt:test;A3:test;C1:test;C2_alt:test,,,
neg_476ef34ffe19e538,IGQJP,person sits in a bed.,person sits in a chair.,A1:train;A2_alt:train;A3:train,,,
neg_478342c85335cb4f,JKZUM,a person is opening a closet.,a person is opening a door.,A1:train;A2_alt:train;A3:train;C1:train;C2_alt:train,,,
neg_47862b3628239101,MA6GY,person begins to put some medicine.,person begins to take some medicine.,A1:test,,,
neg_4795b4301fc1c999,E89S9,a person is sitting on a bed.,a person is sitting on a chair.,A1:test;A2_alt:test;A3:test;C1:test;C2_alt:test,,,
neg_47a217416e1ce476,OUAIS,person opening the cabinet.,person opening the door.,A1:train;A2_alt:train;A3:train,,,
neg_47ac435f53beba7f,3GY40,a second person puts a pillow at the first person.,a second person throws a pillow at the first person.,A1:val,,,
neg_47b934f2ad98082c,69EK6,person open a cabinet.,person open a door.,A1:train;A2_alt:train;A3:train,,,
neg_47cd71d4c4bd9d39,PTAZ9,person putting a sandwich.,person eating a sandwich.,A1:test,,,
neg_47e2b98958b96008,L57L2,person they take the box.,person they close the box.,A1:val,,,
neg_47ef8af68125fd5f,KJ428,a person opens a door.,a person closes a door.,A1:train;A2_alt:train;A3:train;C1:train;C2_alt:train,,,
neg_47f0601ee05647c2,4BEZX,person eventually sitting in a bed.,person eventually sitting in a chair.,A1:test;A2_alt:test;A3:test;C1:test;C2_alt:test,,,
neg_48090757adfaa45d,VXJS4,a person runs through the doorway.,a person walks through the doorway.,A3:test,,,
neg_480f9461d9c89eee,DZ0SB,person closes a book.,person opens a book.,A1:train;A2_alt:train;A3:train;C1:train;C2_alt:train,,,
neg_48241c697aca0222,6JGXL,person drink some medicine.,person take some medicine.,A2_alt:val,,,
neg_48288204907d2605,Y50QF,person puts himself some coffee into a cup.,person pours himself some coffee into a cup.,A1:test,,,
neg_483284a26361428e,YKD6U,a person opens a cabinet.,a person opens a door.,A1:train;A2_alt:train;A3:train,,,
neg_4835613dd1aac80c,FNBYE,person put a sandwich stand up.,person eat a sandwich stand up.,A1:test,,,
neg_4836c2804dbfe7fc,J3Y7L,a person takes a box.,a person opens a box.,A1:test,,,
neg_48391f0a0008a778,OK45U,a person is running in the garage.,a person is undressing in the garage.,A3:test,,,
neg_48483a1fbaed3b44,B69CF,person gets up to open a window.,person gets up to close a window.,A1:train;A2_alt:train;A3:train;C1:train;C2_alt:train,,,
neg_4857cb7fa69fe9a6,3LLXX,the person drinks some medicine.,the person takes some medicine.,A2_alt:val,,,
neg_485839c329717f25,XW1LX,a person awakens in sofa.,a person awakens in bed.,C1:train;C2_alt:train,,,
neg_4863772fc833931f,7RA0M,person taking a laptop.,person holding a laptop.,A1:test,,,
neg_488f2cbfe18efb19,SP1QS,a person is sitting in a bed.,a person is sitting in a chair.,A1:val;A2_alt:val;A3:val;C1:val;C2_alt:val,,,
neg_4891c5bc8f9aaf43,IALUY,person putting a towel.,person holding a towel.,A1:test,,,
neg_489b5ca058228681,7IPW7,a person runs through the doorway.,a person walks through the doorway.,A3:test,,,
neg_489f7758b497de93,987P8,a person takes some clothes on the ground.,a person throws some clothes on the ground.,A1:val,,,
neg_48a138a44769d57c,STHIK,person putting a cup of coffee.,person drinking a cup of coffee.,A1:test,,,
neg_48b1c3e207e63ef8,G1NFB,person open the door.,person close the door.,A1:train;A2_alt:train;A3:train;C1:train;C2_alt:train,,,
neg_48b274fe965699de,FAO7J,person walking the door behind them.,person closing the door behind them.,A3:test,,,
neg_48b2c5e9b78219cc,ESM8H,person puts his shoes.,person throws his shoes.,A1:val,,,
neg_48bd0966529aabb2,E6P07,a person is putting a book.,a person is reading a book.,A1:val,,,
neg_48c4c311892e0a83,TS2DM,the person runs through a doorway.,the person walks through a doorway.,A3:test,,,
neg_48c6707771ccabc3,69EK6,person close a door.,person open a door.,A1:train;A2_alt:train;A3:train;C1:train;C2_alt:train,,,
neg_48d2efe334c4e594,KQ6XW,person pour a drink from their water bottle.,person take a drink from their water bottle.,A2_alt:test,,,
neg_48dcb45aaf16f90d,8ISS6,the person starts holding a blanket.,the person starts holding a pillow.,A1:train;A2_alt:train;A3:train;C1:train;C2_alt:train,,,
neg_48f05f2ac84c8997,H1XBH,a person is throwing a pillow.,a person is holding a pillow.,A1:train;A2_alt:train;A3:train;C1:train;C2_alt:train,,,
neg_48f36859f3e280be,5DYQR,a person opens a refrigerator.,a person opens a cabinet.,A1:train;A2_alt:train;A3:train,,,
neg_4906f9a4699d8205,2MJ72,person they open the door.,person they close the door.,C1:train;C2_alt:train,,,
neg_4928de0f49c59008,GFJ98,a person is taking a picture on a wall.,a person is putting a picture on a wall.,A1:test,,,
neg_4933819f1ec01b4f,0JB3D,a person opens the cabinet.,a person opens the refrigerator.,A1:train;A2_alt:train;A3:train,,,
neg_493d06357d12e77e,EGVGL,person they open a box.,person they open a bag.,A1:train;A2_alt:train;A3:train,,,
neg_4976f90c2a4807dc,RDHNQ,person puts on their shoes.,person takes off their shoes.,C1:train;C2_alt:train,,,
neg_49931dae348ab2e8,QZZPS,person put some medicine.,person take some medicine.,A1:test,,,
neg_499b0804ab4b8d87,DOGYU,there is a person sitting in a bed.,there is a person sitting in a chair.,A1:train;A2_alt:train;A3:train,,,
neg_49abb4067f2374f6,ZFQNZ,person begin pouring some food at a stove.,person begin cooking some food at a stove.,A2_alt:val,,,
neg_49ad2a11d1a54f43,BQOLV,person walking their clothes on the floor.,person putting their clothes on the floor.,A3:test,,,
neg_49b326fdcb9b43c8,U33ZS,a person takes a bag.,a person opens a bag.,A1:test,,,
neg_49be0d51f3c15b72,QUXYH,person runs in the kitchen.,person laughs in the kitchen.,A3:test,,,
neg_49c6192e41bb8644,30I35,person puts water into a glass.,person pours water into a glass.,A1:test,,,
neg_49d6f7909cc833bd,ZRBO7,a person sits in a bed.,a person sits in a chair.,A1:train;A2_alt:train;A3:train,,,
neg_49ee102fa1f95fda,K56PA,person they sit down on the chair.,person they sit down on the couch.,A1:train;A2_alt:train;A3:train,,,
neg_49f99ea6777ca979,XQVXF,another person walks an oven door to look inside.,another person opens an oven door to look inside.,A3:test,,,
neg_4a00de063eede66a,2AIP4,the person puts themselves a glass of water.,the person pours themselves a glass of water.,A1:test,,,
neg_4a03b0d87d12991d,3W6TL,person opens the door.,person closes the door.,A1:train;A2_alt:train;A3:train;C1:train;C2_alt:train,,,
neg_4a0d16841820e683,0O6RK,a person walks a refrigerator door.,a person opens a refrigerator door.,A3:test,,,
neg_4a1d6fbebd1f015a,0JB3D,person opens the cabinet.,person opens the refrigerator.,A1:train;A2_alt:train;A3:train,,,
neg_4a2fbbac60e10033,OJLFZ,a person sits on the chair.,a person sits on the sofa.,A1:train;A2_alt:train;A3:train,,,
neg_4a40e1fc1935e982,MNNJS,person take a cup of coffee.,person pour a cup of coffee.,A1:test,,,
neg_4a484808b27fee22,1FPW9,person sits on chair.,person sits on bed.,A1:val;A2_alt:val;A3:val;C1:val;C2_alt:val,,,
neg_4a484a824976b212,4713W,person while running into through the doorway.,person while walking into through the doorway.,A3:val,,,
neg_4a5140ee6c020c4f,XLR4B,person sit in a bed.,person sit in a chair.,A1:train;A2_alt:train;A3:train,,,
neg_4a71b2dec65e4c56,H2ZYY,a person is opening the refrigerator.,a person is opening the cabinet.,A1:train;A2_alt:train;A3:train,,,
neg_4a78e487503b2986,ZJ37U,person putting sandwich.,person eating sandwich.,A1:test,,,
neg_4ab607581835bd2b,QZZPS,person sitting on the chair wearing a sweater.,person sitting on the couch wearing a sweater.,A1:test;A2_alt:test;A3:test;C1:test;C2_alt:test,,,
neg_4af5d0b1901faf5f,MNNJS,the person takes the cups onto a table.,the person puts the cups onto a table.,A1:test,,,
neg_4b20936675551afb,113YU,person closes the refrigerator.,person closes the cabinet.,A1:train;A2_alt:train;A3:train,,,
neg_4b2a6aec4d4cf93b,ETS92,person someone closes a cabinet.,person someone closes a door.,A1:train;A2_alt:train;A3:train,,,
neg_4b78b35ce134a809,U45LK,person they open the door.,person they close the door.,A1:train;A2_alt:train;A3:train;C1:train;C2_alt:train,,,
neg_4b88bb8a8f386912,FNBYE,person take a sandwich stand up.,person eat a sandwich stand up.,A1:test,,,
neg_4b955f730f56d276,HZXXN,person opens refrigerator.,person opens cabinet.,A1:train;A2_alt:train;A3:train,,,
neg_4ba56bb2cf508f45,A1BS2,person walks the door.,person opens the door.,A3:test,,,
neg_4baad2bfd7ced016,TGKHG,a person opens the closet.,a person opens the door.,A1:train;A2_alt:train;A3:train;C1:train;C2_alt:train,,,
neg_4bf0e1ba03e696e6,PWO7A,person closes the cabinet behind them.,person closes the door behind them.,A1:train;A2_alt:train;A3:train,,,
neg_4c0d30fd7278c6d6,U9NI5,the person was putting a sandwich.,the person was eating a sandwich.,A1:test,,,
neg_4c1796791843e75e,BJXRT,person begin sitting in a bed.,person begin sitting in a chair.,A1:train;A2_alt:train;A3:train,,,
neg_4c362705edd66431,29T54,a person sits in a couch.,a person sits in a chair.,A1:train;A2_alt:train;A3:train,,,
neg_4c4c173fce6cda55,17P5V,person takes the laptop.,person closes the laptop.,A1:test,,,
neg_4c4d74c19f908002,TYWHY,a person walks into a room gets into a desk.,a person runs into a room gets into a desk.,A3:test,,,
neg_4c6221eb061b7908,6IOV0,person putting a bottle of soda.,person drinking a bottle of soda.,A1:test,,,
neg_4c63be4db76557f2,G2JR9,a person putting a light.,a person fixing a light.,A1:test,,,
neg_4c7560c85098378b,9O0NP,a person takes a book into a box.,a person throws a book into a box.,A1:test,,,
neg_4c7f3144cee7170b,KXIMH,a person is sitting on a chair opening a box.,a person is sitting on a couch opening a box.,A1:val;A2_alt:val;A3:val;C1:val;C2_alt:val,,,
neg_4ca21ad37ea5d853,297S4,person walking the door behind them.,person closing the door behind them.,A3:val,,,
neg_4cac71e8eaf4e9ba,61UIO,person sits in a bed.,person sits in a chair.,A1:train;A2_alt:train;A3:train,,,
neg_4cae2ee723d63076,QYM5H,a person takes a blanket across the room.,a person throws a blanket across the room.,A1:test,,,
neg_4cb2c404916521eb,X3ASU,person puts the picture down.,person puts the book down.,C1:train;C2_alt:train,,,
neg_4cb80111870d8500,7V4NJ,person put the book at a door.,person throw the book at a door.,A1:test,,,
neg_4cd98fc659f6fbd2,E89S9,a person is sitting on a sofa.,a person is sitting on a chair.,A1:test;A2_alt:test;A3:test;C1:test;C2_alt:test,,,
neg_4ce0a40cc56c338c,ETS92,person sits down on a couch.,person sits down on a chair.,A1:train;A2_alt:train;A3:train,,,
neg_4d0a0299507ec2ba,OJFYD,person puts on their shoes.,person takes off their shoes.,C1:train;C2_alt:train,,,
neg_4d142f3629c7dd30,7JHW2,person taking a laptop.,person holding a laptop.,A1:test,,,
neg_4d1cb00b3a367b4c,1VF27,person they start putting some food.,person they start eating some food.,A1:test,,,
neg_4d2884d1079e5f50,B4MNI,a person sits on the bed.,a person sits on the couch.,A1:train;A2_alt:train;A3:train,,,
neg_4d417b7850bb23fc,4JW8U,person opens the closet.,person opens the door.,A1:train;A2_alt:train;A3:train;C1:train;C2_alt:train,,,
neg_4d4c7e8480e8ca50,XYJYK,the person takes a towel around themself.,the person puts a towel around themself.,A1:test,,,
neg_4d54af95f23eabf8,75M1Z,person sat on the chair to read a book.,person sat on the sofa to read a book.,A1:test;A2_alt:test;A3:test;C1:test;C2_alt:test,,,
neg_4d67e4b518dd1e9e,SUE5L,the person is taking a cup.,the person is holding a cup.,A1:test,,,
neg_4d683590a6fb7af2,9OMY1,person walks to the chair to sit down.,person walks to the couch to sit down.,C1:train;C2_alt:train,,,
neg_4d69da30b1949a3a,LLRKS,a person takes a cup of coffee.,a person pours a cup of coffee.,A1:test,,,
neg_4d72786677788f46,ZSJ2I,person a opens the front door.,person a closes the front door.,A1:train;A2_alt:train;A3:train;C1:train;C2_alt:train,,,
neg_4da2c032aceada66,8FH2F,a person opens a cabinet.,a person opens a door.,A1:train;A2_alt:train;A3:train,,,
neg_4db30d7da396bfe9,WBT2F,person takes the towel out.,person puts the towel in.,C1:train;C2_alt:train,,,
neg_4dbfbee9f328c815,V4PKW,person they open the closet.,person they open the door.,A1:train;A2_alt:train;A3:train;C1:train;C2_alt:train,,,
neg_4dc4c41d42a86c7f,VFDQU,a person opens the closet.,a person opens the refrigerator.,A1:train;A2_alt:train;A3:train;C1:train;C2_alt:train,,,
neg_4dc8ce5d4615f240,JAAVR,the person drinks the medicine.,the person takes the medicine.,A2_alt:val,,,
neg_4dd2e5ac2bd1f52f,1440M,person walking a closet door.,person opening a closet door.,A3:test,,,
neg_4de1e4393f8f4a8a,CUB69,person sitting in a bed eating food out a plate.,person sitting in a chair eating food out a plate.,A1:val;A2_alt:val;A3:val;C1:val;C2_alt:val,,,
neg_4de1f8b0fcad48b7,XBB9P,a person closes a door.,a person opens a door.,A1:train;A2_alt:train;A3:train;C1:train;C2_alt:train,,,
neg_4de96eecc94e8b46,KTDG0,person is walking door to closet.,person is closing door to closet.,A3:test,,,
neg_4df5012589b97a39,QDRWK,person walks the door.,person opens the door.,A3:val,,,
neg_4e097b6b21351bb1,S1XW9,person opens the door.,person closes the door.,A1:train;A2_alt:train;A3:train;C1:train;C2_alt:train,,,
neg_4e0ad6c849dbd4a3,SLMQF,person takes a picture from a chair.,person takes a book from a chair.,C1:train;C2_alt:train,,,
neg_4e0eb598f4b9dd05,Y8L60,a person walks a small cabinet door.,a person opens a small cabinet door.,A3:test,,,
neg_4e0efd09962b13bc,4FXUI,the person takes the laptop.,the person closes the laptop.,A1:val,,,
neg_4e18b0d859f12b83,L5YHH,person walk the door.,person open the door.,A3:test,,,
neg_4e193a6372b1aaa1,TC015,a person takes  blanket on a shelf.,a person puts  blanket on a shelf.,A1:val,,,
neg_4e2cdcce11a7e397,P8ZU6,person puts on their shoes.,person takes off their shoes.,C1:train;C2_alt:train,,,
neg_4e404482328f27d6,07QNG,person put a cup of juice.,person pour a cup of juice.,A1:test,,,
neg_4e4b6c2316acf867,NCZOV,a person walks a door on a doorknob.,a person opens a door on a doorknob.,A3:val,,,
neg_4e5696187b83d7c9,1FPW9,person sits back on the couch.,person sits back on the bed.,A1:val;A2_alt:val;A3:val;C1:val;C2_alt:val,,,
neg_4e58edd181efe214,0O6RK,a person takes a light inside of a refrigerator.,a person puts a light inside of a refrigerator.,A1:test,,,
neg_4e68899fc8f6143c,UKSCV,a person is putting groceries.,a person is eating groceries.,A1:test,,,
neg_4e6f4756d2514118,H69BE,the person opens the laptop.,the person closes the laptop.,A1:train;A2_alt:train;A3:train;C1:train;C2_alt:train,,,
neg_4e8497b2b863fcfe,N9KNS,one person is putting their bag.,one person is opening their bag.,A1:test,,,
neg_4e8790093dea5d1f,XHGV7,a person opens a refrigerator.,a person opens a cabinet.,A1:train;A2_alt:train;A3:train,,,
neg_4e8c7a9fb59ace33,0TDOP,a person taking a brown cardboard box enters a kitchen.,a person holding a brown cardboard box enters a kitchen.,A1:test,,,
neg_4e8f05f668335cb1,D7W4E,a person drinks a coffee cup on a shelf.,a person puts a coffee cup on a shelf.,A2_alt:test,,,
neg_4e97047c839b5009,HDHGT,the person is putting a box of cereal.,the person is opening a box of cereal.,A1:test,,,
neg_4e9f6e13838bfed3,55687,person walk the door.,person open the door.,A3:val,,,
neg_4ea85ca1f10c9a48,L0CK7,the person sits down on a sofa.,the person sits down on a bed.,A1:train;A2_alt:train;A3:train,,,
neg_4ec1b34a4c3a5385,4WVTC,the person is taking a laptop.,the person is holding a laptop.,A1:test,,,
neg_4ed3abe2f1172069,02DPI,person taking a glass of water.,person drinking a glass of water.,A1:test,,,
neg_4ed572f47d9f5062,0TKKR,person puts a glass of water.,person drinks a glass of water.,A1:test,,,
neg_4ed5747a11115802,KU3WI,person closes the cabinet.,person closes the door.,A1:train;A2_alt:train;A3:train,,,
neg_4ee361d175cbc7c2,AXS82,person opens the cabinet to look in.,person opens the refrigerator to look in.,A1:train;A2_alt:train;A3:train,,,
neg_4ee3b32b7eca68bb,KW0K8,person begins to sit on a sofa.,person begins to sit on a chair.,A1:train;A2_alt:train;A3:train,,,
neg_4efa3ed08a6c27d2,O5V8D,person puts pictures of them-self on the steps.,person takes pictures of them-self on the steps.,A1:test,,,
neg_4efc2fac6374745f,58Z9R,a person is opening a closet.,a person is opening a door.,A1:train;A2_alt:train;A3:train;C1:train;C2_alt:train,,,
neg_4f084886976ae346,0W4F6,the person closes their laptop.,the person opens their laptop.,A1:train;A2_alt:train;A3:train;C1:train;C2_alt:train,,,
neg_4f0fadd51606f974,GEJPM,a person takes the dishes on the table.,a person puts the dishes on the table.,A1:val,,,
neg_4f3296da178a79f0,PBGYV,a person closes a door.,a person opens a door.,A1:train;A2_alt:train;A3:train;C1:train;C2_alt:train,,,
neg_4f3c8ee03f7f7e49,45P7D,the person opens their laptop.,the person closes their laptop.,A1:train;A2_alt:train;A3:train;C1:train;C2_alt:train,,,
neg_4f3e441e47edd46e,F1VEE,person takes off shoes.,person puts on shoes.,C1:train;C2_alt:train,,,
neg_4f43e32ce1649356,8RU1Q,a person walks the door.,a person opens the door.,A3:test,,,
neg_4f528ba4780390bb,5VUT9,the person is taking a broom.,the person is holding a broom.,A1:test,,,
neg_4f5d70bb309791a6,FQS7O,person takes a book.,person closes a book.,A1:test,,,
neg_4f651ca71c1d2dfd,YIK5I,person closing his front door.,person opening his front door.,A1:train;A2_alt:train;A3:train;C1:train;C2_alt:train,,,
neg_4f657b578a95b7e1,727IZ,person sits on a couch to look at them.,person sits on a chair to look at them.,A1:test;A2_alt:test;A3:test;C1:test;C2_alt:test,,,
neg_4f6a7a1989fcd3e7,00N38,person opens a cabinet.,person opens a door.,A1:train;A2_alt:train;A3:train,,,
neg_4f7f02dc002ff06d,KX8VW,person sitting on the chair eating out of a dish.,person sitting on the sofa eating out of a dish.,A1:val;A2_alt:val;A3:val;C1:val;C2_alt:val,,,
neg_4f8646330fb4a767,GC1Q1,a person opening a cabinet is carrying a towel.,a person opening a door is carrying a towel.,A1:train;A2_alt:train;A3:train,,,
neg_4f989bdef4d865c0,08F85,person closing the cabinet.,person opening the cabinet.,A1:train;A2_alt:train;A3:train,,,
neg_4fa70f5632415566,0QHR4,person they pour some food.,person they eat some food.,A2_alt:val,,,
neg_4fa839701bbb0f86,TQ9GQ,person pours some cups into the cabinet.,person puts some cups into the cabinet.,A2_alt:val,,,
neg_4fbcc91c3d13de9e,Q2U7O,person drinking a glass of water.,person holding a glass of water.,A2_alt:val,,,
neg_4fc1210656098eaa,ZIU9C,a person takes a picture from a bed.,a person takes a book from a bed.,C1:train;C2_alt:train,,,
neg_4fc2f8efca0f3cae,W5P6B,a person sits in a couch.,a person sits in a chair.,A1:test;A2_alt:test;A3:test;C1:test;C2_alt:test,,,
neg_4ff2d4bf3a6e34ad,JNWX7,the person closes the cabinet.,the person closes the door.,A1:train;A2_alt:train;A3:train,,,
neg_500155d015b44b0e,KTL2G,person walks a door.,person closes a door.,A3:val,,,
neg_500298a7f088c954,2KGV3,a person is sitting on the chair eating a sandwich.,a person is sitting on the couch eating a sandwich.,A1:test;A2_alt:test;A3:test;C1:test;C2_alt:test,,,
neg_5010731d29912b8e,UMTLM,person so he is walking the bathroom door.,person so he is closing the bathroom door.,A3:test,,,
neg_5011a8383bf2ce6c,CSPSU,person taking a glass of water.,person drinking a glass of water.,A1:test,,,
neg_501cfcd24d753092,TKJCI,putting the picture the person lies back in the bed.,taking the picture the person lies back in the bed.,A1:test,,,
neg_50256825031ab75b,KAFV7,the person takes their phone away.,the person puts their phone away.,A1:val,,,
neg_50461df3704f236c,VFAE3,person walks the door with her hand on the knob.,person closes the door with her hand on the knob.,A3:test,,,
neg_5049ccc4a7928bd8,9J0RB,a person is running in a room watching television.,a person is standing in a room watching television.,A3:test,,,
neg_504f1cdd4fa9d259,OKYYQ,person opening the cabinet door.,person closing the cabinet door.,A1:train;A2_alt:train;A3:train;C1:train;C2_alt:train,,,
neg_506560894a2c102b,LFDQF,the person is putting a glass of water.,the person is drinking a glass of water.,A1:test,,,
neg_506c831be5358f9e,DFEG2,person sits on the chair.,person sits on the couch.,A1:train;A2_alt:train;A3:train,,,
neg_5076fc3288bca18b,MOWLI,person closing a door they go in the door.,person opening a door they go in the door.,C1:train;C2_alt:train,,,
neg_5086d82a5fe21660,7C13O,person sits on sofa.,person sits on chair.,A1:val;A2_alt:val;A3:val;C1:val;C2_alt:val,,,
neg_50905024b1ce1fca,YNF6O,that same person walks clothes.,that same person puts clothes.,A3:test,,,
neg_509a635a898a1e46,E8468,person opens the door.,person closes the door.,A1:train;A2_alt:train;A3:train;C1:train;C2_alt:train,,,
neg_50a00b4914b28f60,3DNW1,person they open a refrigerator.,person they open a cabinet.,A1:train;A2_alt:train;A3:train,,,
neg_50aa69cf1a696218,IKYAW,person walks the door.,person closes the door.,A3:test,,,
neg_50b5073b0055f1fd,3K6HO,person closes a cabinet.,person closes a door.,A1:train;A2_alt:train;A3:train,,,
neg_50ce979332f5d2ce,X8JVY,a person is walking a door.,a person is closing a door.,A3:test,,,
neg_50e789a05e170f7c,F19VE,person pours other food away in a cupboard.,person puts other food away in a cupboard.,A2_alt:test,,,
neg_5109410cb47dd432,3IPI3,the person puts a sandwich.,the person eats a sandwich.,A1:test,,,
neg_511d74f0ddb1f8df,LNEAG,person puts the paper on top of a pillow.,person puts the picture on top of a pillow.,C1:train;C2_alt:train,,,
neg_511d9f5ce771833d,25QPB,person closes a closet door.,person opens a closet door.,A1:train;A2_alt:train;A3:train;C1:train;C2_alt:train,,,
neg_5134488fa8bbdbe6,5HJ2H,person putting a sandwich.,person eating a sandwich.,A1:val,,,
neg_5139e9b0b8b4c3b2,21MI8,person pouring a glass down on a table.,person putting a glass down on a table.,A2_alt:val,,,
neg_5152b31d06bded71,4K0BP,person puts a glass of water from the shelf.,person drinks a glass of water from the shelf.,A1:test,,,
neg_5154fa71ad6969f9,OGLCO,this person pours food out of a bag.,this person eats food out of a bag.,A2_alt:test,,,
neg_51593cb0343d0d79,E5O0F,person opens their laptop.,person closes their laptop.,A1:train;A2_alt:train;A3:train;C1:train;C2_alt:train,,,
neg_516d70281791d35a,JVOM3,person taking a book shines a flashlight forward.,person holding a book shines a flashlight forward.,A1:test,,,
neg_5179fcfac9e26f9e,P2HZG,person an opens a door.,person an opens a cabinet.,A1:train;A2_alt:train;A3:train,,,
neg_517da54848c697fb,UQJ58,person walks the door.,person closes the door.,A3:val,,,
neg_518e2e77f13ac3f4,QACLT,person walks some cabinet doors.,person opens some cabinet doors.,A3:test,,,
neg_51acc7bd980cd390,DUAOJ,person sits on a bed.,person sits on a chair.,A1:train;A2_alt:train;A3:train,,,
neg_51d7dad1e74fcf69,AK9PN,person sits on a bed.,person sits on a couch.,A1:test;A2_alt:test;A3:test;C1:test;C2_alt:test,,,
neg_51defee4ff440372,OB9D0,person they start running with a camera.,person they start playing with a camera.,A3:test,,,
neg_51fd98f90ccea95e,KGMA5,a person closes a cabinet.,a person opens a cabinet.,A1:train;A2_alt:train;A3:train,,,
neg_5205c7a8d25b96b3,HOYUT,person walks the pantry door.,person closes the pantry door.,A3:test,,,
neg_5208a46c9ee40b3e,OWRDE,person pouring some food.,person eating some food.,A2_alt:test,,,
neg_520ad737e2925755,J8781,person sitting in a couch.,person sitting in a chair.,A1:train;A2_alt:train;A3:train,,,
neg_52161c2848422a2c,3YNPY,person sits down in a couch.,person sits down in a chair.,A1:val;A2_alt:val;A3:val;C1:val;C2_alt:val,,,
neg_52253c240c97c98d,IKBYS,a person pours a medicine bottle.,a person holds a medicine bottle.,A2_alt:val,,,
neg_5246b16e4fa28b88,I9SSV,a person is sitting on a couch.,a person is sitting on a chair.,A1:train;A2_alt:train;A3:train,,,
neg_52489b877bfd80e2,FNBYE,person taking a box.,person opening a box.,A1:test,,,
neg_5255cc675f992b7e,F4BJJ,the person puts a book in of the bag.,the person takes a book out of the bag.,C1:train;C2_alt:train,,,
neg_52739734b0ce398a,87T5P,person sit on a bed.,person sit on a couch.,A1:val;A2_alt:val;A3:val;C1:val;C2_alt:val,,,
neg_527f149e0c84d0f4,F4BJJ,person takes a picture out of their bookbag.,person takes a book out of their bookbag.,C1:train;C2_alt:train,,,
neg_52d762a5d02e8a8b,JK4Q2,person pours food from it.,person takes food from it.,A2_alt:val,,,
neg_52db3ba7614c6845,KZODG,person they take the laptop.,person they close the laptop.,A1:val,,,
neg_52dc5f5f45531af9,AT9UV,person begin to sit on the chair.,person begin to sit on the couch.,A1:test;A2_alt:test;A3:test;C1:test;C2_alt:test,,,
neg_52e3e4caf6743464,C7V0X,a person is holding a pillow on the sofa.,a person is throwing a pillow on the sofa.,A1:train;A2_alt:train;A3:train;C1:train;C2_alt:train,,,
neg_52e43d59205445b3,JZB97,a person walks some clothes.,a person takes some clothes.,A3:val,,,
neg_52f0c9b08636667f,6TC5G,a person walks some clothes onto some clothing racks.,a person puts some clothes onto some clothing racks.,A3:test,,,
neg_5314136f2b8bd871,83654,person takes a box.,person opens a box.,A1:val,,,
neg_531a211a43784a2c,COFJV,the person is taking a bag.,the person is opening a bag.,A1:test,,,
neg_5344342afed47390,D04GX,the person is taking a camera.,the person is holding a camera.,A1:test,,,
neg_534516fc851403af,V6IIE,person sits down on a couch.,person sits down on a chair.,A1:train;A2_alt:train;A3:train,,,
neg_5377f4cbd030f423,NKLTK,a person awakens in a sofa.,a person awakens in a chair.,A1:test;A2_alt:test;A3:test;C1:test;C2_alt:test,,,
neg_53a2209e84f2eea9,2O6RB,a person closes a refrigerator.,a person opens a refrigerator.,C1:train;C2_alt:train,,,
neg_53ab7a516eb722c4,28BVI,a person running in a kitchen takes off a sweatshirt.,a person standing in a kitchen takes off a sweatshirt.,A3:test,,,
neg_53fa038272670ffc,RM1FR,one person opens a refrigerator.,one person opens a cabinet.,A1:train;A2_alt:train;A3:train,,,
neg_5402c75e157a54f0,IST7I,person pours some food.,person eats some food.,A2_alt:val,,,
neg_5407fd6b4ca09637,3W1GP,person runs through the doorway carrying a bag.,person walks through the doorway carrying a bag.,A3:test,,,
neg_5423a9301948b0e7,K87AC,person enters the room closing the door behind them.,person leaves the room closing the door behind them.,A1:train;A2_alt:train;A3:train;C1:train;C2_alt:train,,,
neg_542e4350ac9d30f4,1BGZ0,person walks the door.,person closes the door.,A3:test,,,
neg_543a09bc410e689a,OY50Q,person closing the cabinet behind them.,person closing the door behind them.,A1:train;A2_alt:train;A3:train,,,
neg_5442f4c81a567c5b,D04GX,person putting the sandwich.,person eating the sandwich.,A1:test,,,
neg_544ea05265b5aaf9,RLQ9K,person pour some medicine.,person take some medicine.,A2_alt:test,,,
neg_54611a6733a3d921,9OJXP,a person closes the door.,a person opens the door.,C1:train;C2_alt:train,,,
neg_5467ed3d0cff1e70,ESM8H,person takes a pair of shoes.,person throws a pair of shoes.,A1:val,,,
neg_546bb3286bf3ee47,7Z69Y,person sit down on a couch.,person sit down on a chair.,A1:train;A2_alt:train;A3:train,,,
neg_547058b212a96156,79WPY,another person closes the cabinet to a refrigerator.,another person closes the door to a refrigerator.,A1:train;A2_alt:train;A3:train,,,
neg_5479f6b5395e15bd,3MWAY,the person opens the closet.,the person opens the refrigerator.,A1:train;A2_alt:train;A3:train;C1:train;C2_alt:train,,,
neg_54b00cee31eff3c3,NMC5N,person pouring a cup of coffee.,person holding a cup of coffee.,A2_alt:val,,,
neg_54becc35017e68db,9JZO2,person putting a glass of water.,person holding a glass of water.,A1:test,,,
neg_54c13761880a71a9,QDZ38,a person walks into a bathroom.,a person runs into a bathroom.,A3:val,,,
neg_54c54cc68c5a7f22,VTEWM,person puts the book.,person opens the book.,A1:val,,,
neg_54c7e8908e3335b6,8F17S,one person is sitting on a bed eating a snack.,one person is sitting on a couch eating a snack.,A1:train;A2_alt:train;A3:train,,,
neg_54cc6c0e77575553,N7130,a person opens a cabinet.,a person opens a door.,A1:train;A2_alt:train;A3:train,,,
neg_54d8caf564323497,CUB69,person sitting in a couch eating food out a plate.,person sitting in a chair eating food out a plate.,A1:val;A2_alt:val;A3:val;C1:val;C2_alt:val,,,
neg_54d9cde53c4063af,C10FA,a person putting a glass opens the refrigerator.,a person holding a glass opens the refrigerator.,A1:test,,,
neg_54dd079ee4f6b033,ZIWZH,a person is sitting on a sofa opening a box.,a person is sitting on a chair opening a box.,A1:train;A2_alt:train;A3:train,,,
neg_54ef04b022c40ac9,OFNQV,person takes the book on the floor.,person throws the book on the floor.,A1:val,,,
neg_54f41dbccadd7a44,UETQS,a person is putting a laptop on a table.,a person is opening a laptop on a table.,A1:test,,,
neg_54f7b9c6093c74f4,WW4MY,a person is sitting on the chair.,a person is sitting on the couch.,A1:val;A2_alt:val;A3:val;C1:val;C2_alt:val,,,
neg_55029388c264246f,RXLKF,person pouring a cup of coffee.,person holding a cup of coffee.,A2_alt:val,,,
neg_5508c3715464a26d,UIHDF,a person closes a door.,a person opens a door.,A1:train;A2_alt:train;A3:train;C1:train;C2_alt:train,,,
neg_551c6b9c8f37604c,6C4DV,the person takes a book.,the person takes a picture.,C1:train;C2_alt:train,,,
neg_551e06fe93c3eb22,KZS5M,person walks the door.,person closes the door.,A3:test,,,
neg_5530707ce46f2968,8W829,person slowly runs to a doorway.,person slowly walks to a doorway.,A3:test,,,
neg_5544f84fdfbb3e48,AK9PN,person walks a closet door.,person opens a closet door.,A3:test,,,
neg_5547375e4ddf87ae,J8JOQ,person takes the phone back on the base.,person puts the phone back on the base.,A1:val,,,
neg_555a85ac7826af5f,FQ8FN,a person awakens in sofa.,a person awakens in bed.,A1:test;A2_alt:test;A3:test;C1:test;C2_alt:test,,,
neg_555c8e270c960f93,BSDSA,person sits in a couch.,person sits in a chair.,A1:train;A2_alt:train;A3:train,,,
neg_556936104dd3a7b5,BLLCM,a person sits in a bed watching television.,a person sits in a chair watching television.,A1:test;A2_alt:test;A3:test;C1:test;C2_alt:test,,,
neg_55766befccbc9897,7C13O,person sits on bed.,person sits on chair.,A1:val;A2_alt:val;A3:val;C1:val;C2_alt:val,,,
neg_557cc814a777b749,LXEPT,person sits in a bed.,person sits in a chair.,A1:test;A2_alt:test;A3:test;C1:test;C2_alt:test,,,
neg_558513b8eba9bcdb,T0PJG,sits on the sofa next to a person lying down.,sits on the bed next to a person lying down.,A1:train;A2_alt:train;A3:train,,,
neg_558b02ac7ffff7cb,N56QO,person the individual pours a drink from a coffee cup.,person the individual takes a drink from a coffee cup.,A2_alt:test,,,
neg_55b74f5ea32e67b1,D04GX,a person is in their entryway putting a camera.,a person is in their entryway holding a camera.,A1:test,,,
neg_55c2e12054ac8745,QMHK8,person walks the door behind them.,person closes the door behind them.,A3:test,,,
neg_55c73860c7c65c49,QUGLP,person opens the cabinet.,person opens the door.,A1:train;A2_alt:train;A3:train,,,
neg_55cce1ccdc5fb704,80E3X,a person awakens in chair.,a person awakens in bed.,A1:train;A2_alt:train;A3:train;C1:train;C2_alt:train,,,
neg_55f5a0dedab34927,W5P6B,a person sits in a bed.,a person sits in a chair.,A1:test;A2_alt:test;A3:test;C1:test;C2_alt:test,,,
neg_55f96e7c29daeb0a,57NFY,person opens a door.,person opens a cabinet.,A1:train;A2_alt:train;A3:train,,,
neg_560236c77fe403af,B57IW,person they are opening a closet.,person they are opening a door.,C1:train;C2_alt:train,,,
neg_56129696e76d22c8,JVLAZ,person puts water from a cup.,person drinks water from a cup.,A1:test,,,
neg_56375a19152fe043,G06QC,a person is putting a glass of water.,a person is drinking a glass of water.,A1:val,,,
neg_56407e37dcb34bf9,LFDQF,person putting a glass of water.,person drinking a glass of water.,A1:test,,,
neg_566664c9068f5ee4,EHIOY,person takes a plate of food.,person eats a plate of food.,A1:test,,,
neg_5685068c0a04ae54,KA3ER,person closes a cabinet.,person opens a cabinet.,A1:train;A2_alt:train;A3:train,,,
neg_568b373e70b70e5a,SJ51G,a person walks a door.,a person opens a door.,A3:test,,,
neg_5699a8ff7a7463ad,TIS3Z,person opens the door.,person closes the door.,A1:train;A2_alt:train;A3:train;C1:train;C2_alt:train,,,
neg_56a31fceca7a44e4,F66WG,a person walks a door.,a person opens a door.,A3:test,,,
neg_56caf9b8141bbb46,57MEO,a person closes the door.,a person opens the door.,C1:train;C2_alt:train,,,
neg_56e2cdd7cba25790,C0CMQ,person walk the door at the bottom of the stairs.,person open the door at the bottom of the stairs.,A3:test,,,
neg_56f704145fb26fa0,LEPM3,a person is closing a cabinet.,a person is opening a cabinet.,A1:train;A2_alt:train;A3:train,,,
neg_5716f9e7f784c44a,E5ZF5,person pouring food.,person eating food.,A2_alt:test,,,
neg_57344eb0b8ed9199,243Y9,person sits down in a couch.,person sits down in a chair.,A1:train;A2_alt:train;A3:train,,,
neg_573906e7c0062ab9,ZNQVC,person walked the doors.,person closed the doors.,A3:test,,,
neg_574e0398f4739e45,3MX8V,a person is taking a blanket.,a person is throwing a blanket.,A1:test,,,
neg_5760fd6d55eb392b,WCY52,person walks some clothes that they spot on the floor.,person throws some clothes that they spot on the floor.,A3:val,,,
neg_577301cd67ebc50e,G6ZOB,person walking the door to the entryway.,person closing the door to the entryway.,A3:test,,,
neg_57898bfbdfee5bd8,MVPQF,a person walks clothes on a shelf.,a person puts clothes on a shelf.,A3:val,,,
neg_578f2e9181e05dac,D0Y4L,person walks the door.,person closes the door.,A3:test,,,
neg_5799d4429bd6162e,YM213,person closes a cabinet from inside a bathroom.,person closes a door from inside a bathroom.,A1:train;A2_alt:train;A3:train,,,
neg_579da6914397befe,9JPV3,a man opens a closet door.,a man closes a closet door.,A1:train;A2_alt:train;A3:train;C1:train;C2_alt:train,,,
neg_57c8b469103882e1,KWHPI,a person puts a bag onto a chair.,a person throws a bag onto a chair.,A1:test,,,
neg_57d07d94a0344041,3W1GP,person they took the bag on the ground.,person they put the bag on the ground.,A1:test,,,
neg_57dbf931b9eb90f0,6AHD0,a person is sitting on a bed.,a person is sitting on a sofa.,A1:val;A2_alt:val;A3:val;C1:val;C2_alt:val,,,
neg_57dc9e824219b3a9,9MOQ7,a person is sitting on a chair sneezing.,a person is sitting on a bed sneezing.,A1:train;A2_alt:train;A3:train,,,
neg_580db1fb71a4b545,2YO6G,a person is opening the closet.,a person is opening the refrigerator.,A1:train;A2_alt:train;A3:train;C1:train;C2_alt:train,,,
neg_5824b5fa4c45708a,XHYA2,person sits down on the couch.,person sits down on the bed.,A1:test;A2_alt:test;A3:test;C1:test;C2_alt:test,,,
neg_5824f00a3f7f670f,III9I,person they open the refrigerator door.,person they close the refrigerator door.,A1:train;A2_alt:train;A3:train;C1:train;C2_alt:train,,,
neg_582d2d0553cad2fc,APQSV,person closes the cabinet.,person closes the door.,A1:train;A2_alt:train;A3:train,,,
neg_582db5594fbc0b41,9GMHF,the person opens the cabinet.,the person opens the door.,A1:train;A2_alt:train;A3:train,,,
neg_5835961120889caf,AFIRW,person puts a picture.,person takes a picture.,A1:test,,,
neg_583b7c8a151d9324,QB7ZN,person they are sitting down on a sofa.,person they are sitting down on a chair.,A1:train;A2_alt:train;A3:train,,,
neg_584ae5dd31cb5f25,MBAA5,person walks the door.,person closes the door.,A3:test,,,
neg_585ea6bbf5804d2e,F99PM,person open the door.,person open the cabinet.,A1:train;A2_alt:train;A3:train,,,
neg_586148fb38e8778a,81YUE,a person is lying on a sofa watching television.,a person is lying on a bed watching television.,A1:train;A2_alt:train;A3:train;C1:train;C2_alt:train,,,
neg_5869635e3677143f,T06AT,one person walks into the bathroom grasping a pillow.,one person runs into the bathroom grasping a pillow.,A3:test,,,
neg_588aa41e3e7f3b6b,7LWW3,the person puts the food somewhere.,the person takes the food somewhere.,A1:test,,,
neg_589bf34167b6e46b,0KZYF,person walks the door.,person opens the door.,A3:test,,,
neg_58d0b5932fed6fc6,7R44Z,a person is walking clothes into a laundry machine.,a person is putting clothes into a laundry machine.,A3:test,,,
neg_58d314071c7041d0,GC1Q1,a person opening a closet is carrying a towel.,a person opening a door is carrying a towel.,A1:train;A2_alt:train;A3:train;C1:train;C2_alt:train,,,
neg_58d9e5dc26bede0b,TR652,person putting book.,person reading book.,A1:test,,,
neg_58e32977c58af815,3SDJE,person puts the picture inside the cabinet.,person puts the book inside the cabinet.,C1:train;C2_alt:train,,,
neg_58ee142bc626b728,R4SJJ,person walks the door.,person closes the door.,A3:test,,,
neg_5900614ea23f191e,JCBDT,person sitting on a chair.,person sitting on a bed.,A1:train;A2_alt:train;A3:train,,,
neg_5906de2a9fb5352d,GL7E6,person they drink the medicine.,person they take the medicine.,A2_alt:test,,,
neg_59397b6dfee81166,1FPW9,person sits on sofa.,person sits on bed.,A1:val;A2_alt:val;A3:val;C1:val;C2_alt:val,,,
neg_594e84fedd34961b,M8NEU,person open the cabinet.,person open the door.,A1:train;A2_alt:train;A3:train,,,
neg_595d9d3550df8165,39LQ8,person closes a cardboard box.,person opens a cardboard box.,A1:train;A2_alt:train;A3:train,,,
neg_59919c2eb9f39491,2P7A9,person sit down in a couch at a desk.,person sit down in a chair at a desk.,A1:test;A2_alt:test;A3:test;C1:test;C2_alt:test,,,
neg_5993a4427e40e3b5,MC45U,person sits in a bed.,person sits in a chair.,A1:train;A2_alt:train;A3:train,,,
neg_59a2b721bd91415d,41CZS,person puts on their jacket they pick a blanket up.,person takes off their jacket they pick a blanket up.,A2_alt:val;A3:val;C1:val;C2_alt:val,,,
neg_59b34d93f183d037,E7ESG,person close a book.,person open a book.,A1:train;A2_alt:train;A3:train;C1:train;C2_alt:train,,,
neg_59b8b36f2a9ef95d,0TKKR,a person is sitting on the bed watching television.,a person is sitting on the couch watching television.,A1:test;A2_alt:test;A3:test;C1:test;C2_alt:test,,,
neg_59c9858597c41cc9,N9KNS,one person is taking their bag.,one person is opening their bag.,A1:test,,,
neg_59cd2bfb8c76a69e,8ICEM,a person is sitting on a couch eating a sandwich.,a person is sitting on a bed eating a sandwich.,A1:train;A2_alt:train;A3:train,,,
neg_59ebbd073c94b714,XO97L,a person sits on a bed with a blanket.,a person sits on a sofa with a blanket.,A1:val;A2_alt:val;A3:val;C1:val;C2_alt:val,,,
neg_5a047b9ae9ba2b89,AL1WC,the person walks the door.,the person closes the door.,A3:test,,,
neg_5a1aaf4fc71e9bc0,I164P,person opening the closet.,person opening the door.,A1:train;A2_alt:train;A3:train;C1:train;C2_alt:train,,,
neg_5a209bfbe270ad9a,NO9MI,person opening the closet.,person opening the door.,A1:train;A2_alt:train;A3:train;C1:train;C2_alt:train,,,
neg_5a236877666cacda,AX46Z,the animal sitting on the couch climbs on the person.,the animal sitting on the bed climbs on the person.,A1:test;A2_alt:test;A3:test;C1:test;C2_alt:test,,,
neg_5a353c31a9921a24,88LYX,person pour a glass.,person wash a glass.,A2_alt:val,,,
neg_5a4f01212df42397,D7W4E,a person pours a cup into a  cupboard.,a person puts a cup into a  cupboard.,A2_alt:test,,,
neg_5a55c5528ae81a92,ZIU9C,person open the closet.,person open the door.,A1:train;A2_alt:train;A3:train;C1:train;C2_alt:train,,,
neg_5a56d7223342bacd,EED7D,the person puts a picture of themself with their phone.,the person takes a picture of themself with their phone.,A1:val,,,
neg_5a5f0f9e54148f2d,IEZFM,person opening door.,person closing door.,A1:train;A2_alt:train;A3:train;C1:train;C2_alt:train,,,
neg_5a6658398e616c5a,QCAUL,person a plate than puts their shoes on.,person a plate than takes their shoes off.,C1:train;C2_alt:train,,,
neg_5a6ba40f670dfe6f,W97NR,person pours a drink of a glass of water.,person takes a drink of a glass of water.,A2_alt:test,,,
neg_5a73bb1ec7c1b94e,4BEZX,the person sits down in a bed.,the person sits down in a chair.,A1:test;A2_alt:test;A3:test;C1:test;C2_alt:test,,,
neg_5a8673df24cfebd1,F19VE,the person pours food from a box.,the person takes food from a box.,A2_alt:test,,,
neg_5a99114b4cc9a205,QSVXJ,person another takes a towel.,person another holds a towel.,A1:test,,,
neg_5ab6cca777a64320,FVMVY,a person sits in a bed.,a person sits in a chair.,A1:train;A2_alt:train;A3:train,,,
neg_5abbc1a17604551f,MZ3X9,person walks a door.,person opens a door.,A3:test,,,
neg_5abcb9c92cc93d30,901GH,person closing the window in the hallway.,person opening the window in the hallway.,A1:train;A2_alt:train;A3:train;C1:train;C2_alt:train,,,
neg_5abd1fca17f7f0fc,YC3OE,person sits down on a chair.,person sits down on a couch.,A1:train;A2_alt:train;A3:train,,,
neg_5ac277d719e81b70,BI6Y4,person sits on the sofa at the dining table.,person sits on the chair at the dining table.,A1:test;A2_alt:test;A3:test;C1:test;C2_alt:test,,,
neg_5af3b50176fe5d57,4021D,person closing the cabinet.,person closing the door.,A1:train;A2_alt:train;A3:train,,,
neg_5af5ec31f4a6ea31,J8781,person sitting on a couch.,person sitting on a chair.,A1:train;A2_alt:train;A3:train,,,
neg_5b0503c55a244aad,TMTAC,person they begin opening a box.,person they begin opening a bag.,A1:train;A2_alt:train;A3:train,,,
neg_5b05e629cd302d20,CR1OK,person sits in a couch at a desk.,person sits in a chair at a desk.,A1:val;A2_alt:val;A3:val;C1:val;C2_alt:val,,,
neg_5b0a5775bd7ef62d,QGQGZ,a person closes the door into the kitchen.,a person opens the door into the kitchen.,A1:train;A2_alt:train;A3:train;C1:train;C2_alt:train,,,
neg_5b1fca48c033a811,DMO76,the person walks into the adjacent living room.,the person runs into the adjacent living room.,A3:test,,,
neg_5b2b1ea3ae3069cb,WBT2F,one person takes a towel out a cabinet.,one person puts a towel in a cabinet.,C1:train;C2_alt:train,,,
neg_5b37c9d1f01b58a1,ONMCW,person pours a glass from the desk.,person takes a glass from the desk.,A2_alt:test,,,
neg_5b3b03e4eaea1a5e,HCSPE,person they close the cabinet.,person they close the door.,A1:train;A2_alt:train;A3:train,,,
neg_5b51e0ce065d65ec,CIIWP,person walking the door behind them.,person closing the door behind them.,A3:val,,,
neg_5b7dff5a9cc1617f,S2XJW,a person is putting a bag of food.,a person is opening a bag of food.,A1:val,,,
neg_5b871b5d00d26f7e,KQ6XW,person put a drink from their water bottle.,person take a drink from their water bottle.,A1:test,,,
neg_5b942925d5db1565,O0349,person so they must walk the pantry door.,person so they must open the pantry door.,A3:test,,,
neg_5b9b42a2213d2ab1,A3MOW,the person sat in a bed eating a sandwich.,the person sat in a chair eating a sandwich.,A1:val;A2_alt:val;A3:val;C1:val;C2_alt:val,,,
neg_5ba01472118ec514,43OXO,person takes a small box on top of the notebook.,person puts a small box on top of the notebook.,A1:val,,,
neg_5bcad1d4a5523124,6CAZU,a person is sitting in a couch putting on shoes.,a person is sitting in a chair putting on shoes.,A1:test;A2_alt:test;A3:test;C1:test;C2_alt:test,,,
neg_5bce0ac401048790,QRHJJ,a person puts a book from a cabinet.,a person takes a book from a cabinet.,A1:val,,,
neg_5c09550d63088cf8,XIUJE,person putting dirty clothes behind the door.,person throwing dirty clothes behind the door.,A1:val,,,
neg_5c26d14efad50ab2,XRG9K,one person puts a box.,one person opens a box.,A1:test,,,
neg_5c73efbda476d532,UR5TU,person walks the cabinet door.,person closes the cabinet door.,A3:test,,,
neg_5c8574d579e6b8d5,LKNZD,a person is taking clothes on the floor.,a person is throwing clothes on the floor.,A1:test,,,
neg_5c93ad7134dd3174,DTUJD,person walks some clothes on the top shelf.,person puts some clothes on the top shelf.,A3:val,,,
neg_5c9bb27a1dee2aa2,5NV2Z,person drinks a cup off a desk.,person takes a cup off a desk.,A2_alt:test,,,
neg_5cbf5eafc098d98e,ZRRC8,person takes a picture.,person takes a book.,C1:train;C2_alt:train,,,
neg_5cc084a029bffa78,FV8CK,person pouring a drink from a bottle of water.,person taking a drink from a bottle of water.,A2_alt:test,,,
neg_5ccf5a5976374af2,LXEPT,person sits in a couch.,person sits in a chair.,A1:test;A2_alt:test;A3:test;C1:test;C2_alt:test,,,
neg_5cd903aab2d9ac4a,95GB4,the person takes the phone away.,the person puts the phone away.,A1:test,,,
neg_5ce420ba8344c9e4,GUCB4,the person puts the glass of water.,the person drinks the glass of water.,A1:val,,,
neg_5ce873ab18524ad6,WWPEN,person opens the closet.,person opens the door.,A1:train;A2_alt:train;A3:train;C1:train;C2_alt:train,,,
neg_5ced2b74ad85184b,3Q6N1,a person takes their laptop to do their work.,a person opens their laptop to do their work.,A1:test,,,
neg_5d158d1861bfa87d,D1WYU,the person sits down in a couch.,the person sits down in a chair.,A1:test;A2_alt:test;A3:test;C1:test;C2_alt:test,,,
neg_5d1cc11a84460e5d,JMPKP,person walks the door.,person closes the door.,A3:test,,,
neg_5d2eec3d880ce20b,AWGMW,person they took their shoes off.,person they put their shoes on.,C1:train;C2_alt:train,,,
neg_5d315a1d32683dcd,E7DKD,a person is opening a box.,a person is opening a bag.,A1:train;A2_alt:train;A3:train,,,
neg_5d330602df39f07e,8H570,a person is taking junk food.,a person is eating junk food.,A1:test,,,
neg_5d433d71efc5ca71,00NN7,person sits down in a bed.,person sits down in a chair.,A1:train;A2_alt:train;A3:train,,,
neg_5d4fd04896305667,MAPVV,person puts a picture down on a table.,person puts a book down on a table.,C1:train;C2_alt:train,,,
neg_5d516740e70d0520,41O3J,person sits on the couch.,person sits on the bed.,A1:train;A2_alt:train;A3:train,,,
neg_5d60da7357b8bae2,06OKE,person puts bottle of water.,person drinks bottle of water.,A1:val,,,
neg_5d61bce292f36847,29WOY,a person is closing a book.,a person is opening a book.,A1:train;A2_alt:train;A3:train;C1:train;C2_alt:train,,,
neg_5d649155290efd78,9TPP3,person taking a cup of coffee.,person drinking a cup of coffee.,A1:test,,,
neg_5d66e665a4aed760,W292V,person walk a closet door.,person open a closet door.,A3:test,,,
neg_5d6e50a63f502af2,QUXYH,person pours some food.,person takes some food.,A2_alt:test,,,
neg_5da3dc14f90d0b4b,4ZJXR,the same person puts a bag.,the same person opens a bag.,A1:test,,,
neg_5dbf6204804bd18d,T06AT,another person is inside taking a blanket.,another person is inside holding a blanket.,A1:test,,,
neg_5dc786efc040df57,EURF2,the person sits on the sofa.,the person sits on the bed.,A1:test;A2_alt:test;A3:test;C1:test;C2_alt:test,,,
neg_5dd1cf5d170ec4db,AX46Z,the animal sitting on the chair climbs on the person.,the animal sitting on the bed climbs on the person.,A1:test;A2_alt:test;A3:test;C1:test;C2_alt:test,,,
neg_5dd5d6e8614612a2,PHN7Z,person opening a door.,person closing a door.,A1:train;A2_alt:train;A3:train;C1:train;C2_alt:train,,,
neg_5ddaab5770fc3ae2,UUF84,person take some food.,person eat some food.,A1:test,,,
neg_5def7c45603efb9c,3JCEI,person walk some clothes on the floor.,person throw some clothes on the floor.,A3:test,,,
neg_5e16a87a80d8235b,8WJIR,a person sitting on a sofa watching a television.,a person sitting on a bed watching a television.,A1:train;A2_alt:train;A3:train,,,
neg_5e494d23d600b0bd,DGHSW,a person walks through the door.,a person runs through the door.,A3:test,,,
neg_5e6fd03ea894bc0d,LU3SU,person they put clothes in of the box.,person they take clothes out of the box.,C1:train;C2_alt:train,,,
neg_5e8bb3f58d07eef3,RS3SQ,man closes up the refrigerator looking for something.,man opens up the refrigerator looking for something.,C1:train;C2_alt:train,,,
neg_5e8f8b35eb25eef1,GMPHO,person walking their closet door.,person opening their closet door.,A3:test,,,
neg_5ea5dd2c8cf8e1bc,R1KMF,person walks a door.,person opens a door.,A3:test,,,
neg_5ea6639c2a60fad2,DDWK5,person opened the door.,person opened the cabinet.,A1:train;A2_alt:train;A3:train,,,
neg_5eadd1b42f9e76ae,3C36H,another person opening box.,another person opening bag.,A1:train;A2_alt:train;A3:train,,,
neg_5eb169daad4141b3,T0PJG,sits on the chair next to a person lying down.,sits on the bed next to a person lying down.,A1:train;A2_alt:train;A3:train,,,
neg_5eb478b55ece67cf,8X49S,person puts a sandwich.,person eats a sandwich.,A1:val,,,
neg_5ec60652411ba8fc,U4XV9,the person takes off shoes.,the person puts on shoes.,C1:train;C2_alt:train,,,
neg_5ec71a92b6770eb9,DG5TX,person sits down in a bed.,person sits down in a chair.,A1:train;A2_alt:train;A3:train,,,
neg_5ecbfc23d8b1ebd9,OPSF8,a person pours some food.,a person eats some food.,A2_alt:test,,,
neg_5ecf8b111148e537,9JZO2,a person pours some food.,a person eats some food.,A2_alt:test,,,
neg_5ed392d69995511c,JIUH7,person taking a bottle of water.,person drinking a bottle of water.,A1:test,,,
neg_5ede9c4a9c964a43,QOJ09,person take a paper from the table.,person take a book from the table.,C1:train;C2_alt:train,,,
neg_5ef340b7c64b5017,EURF2,person sitting on chair.,person sitting on bed.,A1:test;A2_alt:test;A3:test;C1:test;C2_alt:test,,,
neg_5f067b76bbc20502,NVBBD,person they walk the door.,person they open the door.,A3:val,,,
neg_5f0a55d99eb3ccd8,F66WG,person goes into the bathroom took shoes on the floor.,person goes into the bathroom put shoes on the floor.,A1:test,,,
neg_5f11ea0807f67138,BJ7YW,the person is now putting the glass of the window.,the person is now washing the glass of the window.,A1:test,,,
neg_5f361e676d25b042,KS29V,person holding a blanket.,person holding a pillow.,A1:train;A2_alt:train;A3:train;C1:train;C2_alt:train,,,
neg_5f3df280e29705c0,TD2DR,person take books directed towards the windows.,person take pictures directed towards the windows.,C1:train;C2_alt:train,,,
neg_5f43b6e9f0b8df7f,OEYA3,the person sits down in a couch.,the person sits down in a chair.,A1:train;A2_alt:train;A3:train,,,
neg_5f4483ce2a9bb669,R2DA8,person close their refrigerator.,person open their refrigerator.,A1:train;A2_alt:train;A3:train;C1:train;C2_alt:train,,,
neg_5f454f3cb4ebc844,L57L2,person takes the box.,person closes the box.,A1:val,,,
neg_5f6c1b4b90f8ebea,V6H2O,person walk the door.,person open the door.,A3:test,,,
neg_5f8ec9459ab19335,UAIHK,person puts a laptop.,person opens a laptop.,A1:val,,,
neg_5fa403cb71d032a5,CYCEV,person pouring some food.,person holding some food.,A2_alt:test,,,
neg_5fa9c1688f2d8c2c,3TK88,a person opens the cabinet.,a person opens the door.,A1:train;A2_alt:train;A3:train,,,
neg_5fb04e1a3ac5e2e7,4PEL7,person sits on the chair.,person sits on the couch.,A1:test;A2_alt:test;A3:test;C1:test;C2_alt:test,,,
neg_5fb1d10f005c9bc2,LWINQ,the person sits on the chair.,the person sits on the sofa.,A1:train;A2_alt:train;A3:train,,,
neg_5fbd55a9ad282cef,3R4DD,person sits in a bed.,person sits in a chair.,A1:test;A2_alt:test;A3:test;C1:test;C2_alt:test,,,
neg_5fc846766c42c1a2,2OHTZ,a person puts their laptop.,a person opens their laptop.,A1:test,,,
neg_5fe0f6f632155b1d,99B6U,a person walks down the stairs with a book.,a person runs down the stairs with a book.,A3:test,,,
neg_601ce8cf7d3fc426,3AEF5,person open the box.,person close the box.,A1:train;A2_alt:train;A3:train,,,
neg_60235841bba6484a,68OG0,person take a cup of coffee.,person drink a cup of coffee.,A1:test,,,
neg_60379e06646eeac1,K7FNC,a person opens a cabinet.,a person opens a door.,A1:train;A2_alt:train;A3:train,,,
neg_603b4a4ab88504e9,FTG07,the person opened the closet.,the person opened the door.,A1:train;A2_alt:train;A3:train;C1:train;C2_alt:train,,,
neg_6046f04f73e55071,FVPMC,a person takes a broom.,a person holds a broom.,A1:val,,,
neg_605e97fa53a750e5,TPHRR,person sitting on a bed.,person sitting on a chair.,A1:val;A2_alt:val;A3:val;C1:val;C2_alt:val,,,
neg_605f97c7c01d8052,KJRR9,person is walking a door.,person is opening a door.,A3:test,,,
neg_606c528057e08418,RQVJK,person sitting in a couch.,person sitting in a chair.,A1:train;A2_alt:train;A3:train,,,
neg_609d3578e1fb8dce,TJKGJ,the person opens the cabinet.,the person closes the cabinet.,A1:train;A2_alt:train;A3:train,,,
neg_60aa2d273fc9d9ff,AK9IB,the person puts their shoes on.,the person takes their shoes off.,C1:train;C2_alt:train,,,
neg_60aadf222fb0c01b,HHCFO,person they open the cabinet.,person they open the door.,A1:train;A2_alt:train;A3:train,,,
neg_60b1c4f402f0ccd0,9OJXP,a person opens the closet.,a person opens the door.,A1:train;A2_alt:train;A3:train;C1:train;C2_alt:train,,,
neg_60d7d0f762e4cbb5,DGHSW,a person walks down the stairs.,a person runs down the stairs.,A3:test,,,
neg_60e1a7e6fd7e33e7,FNBYE,person putting a box.,person opening a box.,A1:test,,,
neg_612b2fdc1179bace,P3WQV,person they sit on chair.,person they sit on bed.,A1:train;A2_alt:train;A3:train,,,
neg_6141729953832709,I0IW5,person sits on the bed.,person sits on the couch.,A1:train;A2_alt:train;A3:train,,,
neg_6152860b3984ca61,61IVZ,a person walks the door.,a person opens the door.,A3:test,,,
neg_6154303ee4f6520d,CBXVQ,person opens up a door.,person opens up a cabinet.,A1:train;A2_alt:train;A3:train,,,
neg_6156048e21ca43ba,OB660,person walks to the window.,person runs to the window.,A3:test,,,
neg_615bef3c446bb48c,50TLF,one person pours a bottle of medicine from a box.,one person takes a bottle of medicine from a box.,A2_alt:val,,,
neg_616208d339fc2f97,TRVEA,a person takes a pillow.,a person throws a pillow.,A1:test,,,
neg_6195410af4233002,M014B,a person taking a bag of items.,a person holding a bag of items.,A1:test,,,
neg_61a26dc1869b4c69,ARKBT,person walks the door of the dryer.,person closes the door of the dryer.,A3:test,,,
neg_61a3efe684ae6ce8,ZKIBW,another person puts a bag.,another person opens a bag.,A1:val,,,
neg_61ac74eb8aa48893,SAO1A,person puts a drink from a cup.,person takes a drink from a cup.,A1:test,,,
neg_61e5c00c0449b8a8,S407A,person puts a drink from a bottle of water.,person takes a drink from a bottle of water.,A1:test,,,
neg_61e72b377c30eb43,SV6KF,a person takes a broom at the stairs.,a person throws a broom at the stairs.,A1:test,,,
neg_6202cae62c6f525c,H2ZYY,a person opens a refrigerator.,a person opens a cabinet.,A1:train;A2_alt:train;A3:train,,,
neg_620818f7b1118969,XBB9P,a person opens a closet.,a person opens a door.,A1:train;A2_alt:train;A3:train;C1:train;C2_alt:train,,,
neg_62132b569964f0a4,TF95Y,person opens the cabinet.,person opens the refrigerator.,A1:train;A2_alt:train;A3:train,,,
neg_62223c3cc017724c,H3CDC,there is a person that opens a door.,there is a person that opens a cabinet.,A1:train;A2_alt:train;A3:train,,,
neg_62241520cc57bb7b,UAIHK,person sits in couch.,person sits in bed.,A1:val;A2_alt:val;A3:val;C1:val;C2_alt:val,,,
neg_622c5f0e28a71c68,5GP8M,a person walking into a walk-in door holding a phone.,a person walking into a walk-in closet holding a phone.,A1:test;A2_alt:test;A3:test;C1:test;C2_alt:test,,,
neg_62319314a52b677e,UR5TU,person a girl walks the pantry door.,person a girl opens the pantry door.,A3:test,,,
neg_6243932716829b36,F2NAW,person open the door.,person close the door.,A1:train;A2_alt:train;A3:train;C1:train;C2_alt:train,,,
neg_6244b39ff5931712,FVMVY,a person sits in a couch.,a person sits in a chair.,A1:train;A2_alt:train;A3:train,,,
neg_6252452c3b6c5f88,XET54,person opening the door behind them.,person closing the door behind them.,A1:train;A2_alt:train;A3:train;C1:train;C2_alt:train,,,
neg_62582a20b56316c7,V1WN7,person sitting on couch.,person sitting on bed.,A1:test;A2_alt:test;A3:test;C1:test;C2_alt:test,,,
neg_6258c0cb8f42e71b,KERO6,the person pours some food onto a pan.,the person puts some food onto a pan.,A2_alt:test,,,
neg_626fc4c0b0299098,9MNZ5,person puts a book over their head.,person opens a book over their head.,A1:test,,,
neg_6277d4aa84d44ae6,5XKVP,a person is sitting on a bed.,a person is sitting on a chair.,A1:train;A2_alt:train;A3:train,,,
neg_627ae49e051f3227,KE5EM,person sitting down in a couch with a backpack.,person sitting down in a chair with a backpack.,A1:test;A2_alt:test;A3:test;C1:test;C2_alt:test,,,
neg_6287871eddccf743,0LHWF,a person sits in a bed.,a person sits in a chair.,A1:test;A2_alt:test;A3:test;C1:test;C2_alt:test,,,
neg_6292e2cbf9782ed8,PBGYV,a person closes the door to their bathroom.,a person opens the door to their bathroom.,A1:train;A2_alt:train;A3:train;C1:train;C2_alt:train,,,
neg_62970dec7ee140aa,CQPZU,person they open the closet.,person they open the door.,C1:train;C2_alt:train,,,
neg_62a0d7874fb24fe6,FJM2Y,person opens a door.,person opens a cabinet.,A1:train;A2_alt:train;A3:train,,,
neg_62c682dbd7269c2f,P8G8V,person taking a cup of coffee.,person drinking a cup of coffee.,A1:test,,,
neg_62c9ca2f6ce69eae,COFJV,the person puts food.,the person eats food.,A1:test,,,
neg_62f59b2ec8aaa1da,ICQUJ,person starts pouring some food.,person starts eating some food.,A2_alt:test,,,
neg_62f9d6255ea4e6ab,RQRRD,a person walks into the bedroom.,a person runs into the bedroom.,A3:test,,,
neg_62fa242327a4a668,5T607,person open the closet.,person open the door.,A1:train;A2_alt:train;A3:train;C1:train;C2_alt:train,,,
neg_631dbbe5df26984f,8W0XJ,a person opens the garage window.,a person closes the garage window.,A1:train;A2_alt:train;A3:train;C1:train;C2_alt:train,,,
neg_632dd1d789a5b12f,5C4EK,a person takes a book.,a person reads a book.,A1:test,,,
neg_632e4628d790b7e4,Z6HSZ,person they open a nearby open door.,person they close a nearby open door.,A1:train;A2_alt:train;A3:train;C1:train;C2_alt:train,,,
neg_633bcaa99d18f890,XZM6Y,one person with a sandwich closes a door.,one person with a sandwich closes a cabinet.,A1:train;A2_alt:train;A3:train,,,
neg_6340bd20cc104d9a,IALUY,person puts a towel from a rack.,person takes a towel from a rack.,A1:test,,,
neg_6348a675793e98a0,Y25DQ,a person opens a closet.,a person opens a door.,A1:train;A2_alt:train;A3:train;C1:train;C2_alt:train,,,
neg_6355fffa89ea0d82,L09BS,walking a door in a recreation room / man cave.,opening a door in a recreation room / man cave.,A3:val,,,
neg_635aec84553f84f5,NO9MI,person opens the cabinet.,person opens the door.,A1:train;A2_alt:train;A3:train,,,
neg_637f8a9f54ea6790,4BIMI,person walks the pantry door.,person opens the pantry door.,A3:test,,,
neg_6391030bf0f862e3,T8XGN,person closes a door.,person opens a door.,A1:train;A2_alt:train;A3:train;C1:train;C2_alt:train,,,
neg_63a42d471d9db04f,VD58Y,person takes the laptop aside.,person puts the laptop aside.,A1:test,,,
neg_63a6d4f72ef70ae9,XHYA2,person they sit on the sofa.,person they sit on the bed.,A1:test;A2_alt:test;A3:test;C1:test;C2_alt:test,,,
neg_63b90d6bdd3b212b,JNK11,a person pours a cup of coffee on the shelf.,a person puts a cup of coffee on the shelf.,A2_alt:test,,,
neg_63c7530550360b0c,5C4EK,a person puts a book.,a person reads a book.,A1:test,,,
neg_63ca62caa3486804,YT2C3,person taking their phone.,person holding their phone.,A1:test,,,
neg_63e8d9f739dd18e8,TH3M0,the person sits down in a couch.,the person sits down in a chair.,A1:test;A2_alt:test;A3:test;C1:test;C2_alt:test,,,
neg_63e97739a1c55dec,6QSON,person open a box containing groceries.,person open a bag containing groceries.,A1:train;A2_alt:train;A3:train,,,
neg_63fd66c36092f0b3,9JZO2,a person is in a entryway taking a sandwich.,a person is in a entryway eating a sandwich.,A1:test,,,
neg_641567864f25cd0f,CC6JC,a person is sitting on a couch eating a sandwich.,a person is sitting on a bed eating a sandwich.,A1:train;A2_alt:train;A3:train,,,
neg_643309c94451cd3f,29E4A,person taking off shoes.,person putting on shoes.,C1:train;C2_alt:train,,,
neg_6448432399301152,0LDN3,a person walks into the kitchen.,a person runs into the kitchen.,A3:test,,,
neg_64722f71c57b94b9,DWEHS,person closes a book.,person opens a book.,A1:train;A2_alt:train;A3:train;C1:train;C2_alt:train,,,
neg_649be75a8d4b2420,VX39P,person they open the window.,person they close the window.,A1:train;A2_alt:train;A3:train;C1:train;C2_alt:train,,,
neg_649e039a4414a9eb,OY3LS,the person takes their phone on a table.,the person puts their phone on a table.,A1:test,,,
neg_64a247b8a7cbba23,CSPSU,person putting a glass of water.,person drinking a glass of water.,A1:test,,,
neg_64a280582d641a70,JAAVR,person they drink medicine.,person they take medicine.,A2_alt:val,,,
neg_64a32cb927a50de1,KU3WI,a person opens the closet.,a person opens the door.,A1:train;A2_alt:train;A3:train;C1:train;C2_alt:train,,,
neg_64a9e83a8295cce6,99B6U,person takes the book into it.,person puts the book into it.,A1:test,,,
neg_64aacfada60e3eba,DHDCF,person taking a glass of water.,person drinking a glass of water.,A1:test,,,
neg_64af00262ae73aaa,IBX56,a person takes a sandwich.,a person eats a sandwich.,A1:val,,,
neg_64b6cb1cad33ce38,BVX8X,person goes to open the cabinet for something.,person goes to open the refrigerator for something.,A1:train;A2_alt:train;A3:train,,,
neg_64d89bacca158b0a,68YR6,another person opens the closet.,another person opens the door.,A1:train;A2_alt:train;A3:train;C1:train;C2_alt:train,,,
neg_64f832d2e0ce3596,3CAPI,a person is walking clothes everywhere.,a person is throwing clothes everywhere.,A3:val,,,
neg_64f87bde9931cc59,W65SM,a person is putting a pouring water into a glass.,a person is sitting a pouring water into a glass.,A1:test,,,
neg_6505dab9278e3ce4,36T5X,person walks the door.,person closes the door.,A3:test,,,
neg_6510db8f3255a9f7,JFXG8,a person opens the closet.,a person opens the refrigerator.,A1:train;A2_alt:train;A3:train;C1:train;C2_alt:train,,,
neg_6528bc48893f07a4,U03TA,a man takes a pillow.,a man holds a pillow.,A1:val,,,
neg_653feaf6c1f7b7c6,TTZVW,person pour a cup of coffee.,person hold a cup of coffee.,A2_alt:val,,,
neg_6541c137ef042405,LPKPO,a person sitting in a bed at a table.,a person sitting in a chair at a table.,A1:test;A2_alt:test;A3:test;C1:test;C2_alt:test,,,
neg_65453d7eac20803a,1T8RK,one person opens a box.,one person opens a bag.,A1:train;A2_alt:train;A3:train,,,
neg_6546aa40ba4d6db3,MVPPS,a person takes a drink into a cup.,a person pours a drink into a cup.,A1:test,,,
neg_654e5e8ebe8d8606,Z3DBQ,a man opens a closet.,a man opens a door.,A1:train;A2_alt:train;A3:train;C1:train;C2_alt:train,,,
neg_65598592906944c0,D04GX,the person is putting a camera.,the person is holding a camera.,A1:test,,,
neg_6560c26cf8829878,OHNUQ,a person is pouring some food.,a person is eating some food.,A2_alt:test,,,
neg_657037bad39f4798,TFWNO,person they start pouring some food.,person they start eating some food.,A2_alt:test,,,
neg_6570d760b51c648f,VU996,person walks the door behind them.,person closes the door behind them.,A3:test,,,
neg_6586b3b89701a493,BKEYX,person puts a drink from a bottle.,person takes a drink from a bottle.,A1:val,,,
neg_659bb041a7efd023,I7AS7,the person puts the bag.,the person opens the bag.,A1:test,,,
neg_65aaa00b927413bd,JIWY2,person pouring food out of a plastic container.,person eating food out of a plastic container.,A2_alt:val,,,
neg_65ab947cfe58f655,UVPSZ,person after closing the cabinet.,person after closing the door.,A1:train;A2_alt:train;A3:train,,,
neg_65b8e84a91fec3fc,8TNSB,a person opens the cabinet.,a person opens the door.,A1:train;A2_alt:train;A3:train,,,
neg_65ba45f6b15247ab,2SYBS,person puts the pillow back on the bed.,person throws the pillow back on the bed.,A1:val,,,
neg_65c2d23a6000f952,7MRKY,the person takes a laptop that is sitting open.,the person closes a laptop that is sitting open.,A1:test,,,
neg_65d14eedd0a2a227,IKYAW,a person is walking in the doorway of the pantry.,a person is smiling in the doorway of the pantry.,A3:test,,,
neg_65dd69f02fce2cd8,C0CMQ,person walks a door.,person opens a door.,A3:test,,,
neg_65f0e84f49848ad7,KFC28,a person is sitting down on a bed.,a person is sitting down on a chair.,A1:train;A2_alt:train;A3:train,,,
neg_65f1428cf66cbed3,Z6IAE,person opens the cabinet.,person opens the door.,A1:train;A2_alt:train;A3:train,,,
neg_65fc4b56c995fed0,K7FNC,person closes their laptop.,person opens their laptop.,A1:train;A2_alt:train;A3:train;C1:train;C2_alt:train,,,
neg_661c30102760f4e1,VXJS4,a person walks the door.,a person opens the door.,A3:test,,,
neg_66239826e0106b51,P23HN,person close up a book.,person open up a book.,A1:train;A2_alt:train;A3:train;C1:train;C2_alt:train,,,
neg_662a87ee3ef57674,9MNZ5,person start putting the book.,person start reading the book.,A1:test,,,
neg_66419fec665608aa,7EJUR,a person is pouring some food.,a person is cooking some food.,A2_alt:test,,,
neg_665ac82f65bacdbf,MCHRP,person walks a door.,person opens a door.,A3:val,,,
neg_6665de1e7b072376,GUCB4,a person puts water into a glass.,a person pours water into a glass.,A1:val,,,
neg_667d12b57cb3285e,LBJ0W,a person takes their shoes by their desk.,a person throws their shoes by their desk.,A1:test,,,
neg_6681a4c8ffa8d2af,VTYXW,the person opens the closet.,the person opens the refrigerator.,A1:train;A2_alt:train;A3:train;C1:train;C2_alt:train,,,
neg_66894d708c91369a,Y1BWP,a person opens the cabinet.,a person opens the door.,A1:train;A2_alt:train;A3:train,,,
neg_6694f9caa9bfd992,7O6FK,person puts a picture from the wall.,person takes a picture from the wall.,A1:test,,,
neg_66acb3fdead44acc,R87CC,a person sits on the bed.,a person sits on the sofa.,A1:val;A2_alt:val;A3:val;C1:val;C2_alt:val,,,
neg_66af71202ca6e5ad,IWTWJ,the person begins running towards the chair.,the person begins running towards the sofa.,A3:test,,,
neg_66b025a666a5e498,HI75B,person they took a flash light into it.,person they put a flash light into it.,A1:test,,,
neg_66b5eb2fb4846906,VHOYB,person opens the door.,person closes the door.,A1:train;A2_alt:train;A3:train;C1:train;C2_alt:train,,,
neg_66b64306f8ff21b4,Q38XP,person taking food.,person eating food.,A1:test,,,
neg_66bd94ab22e5a14e,DVM8I,person opens a closet.,person opens a door.,A1:train;A2_alt:train;A3:train;C1:train;C2_alt:train,,,
neg_66c408696bd446ee,IWTWJ,person suddenly run over to the bed.,person suddenly run over to the sofa.,A1:test;A2_alt:test;A3:test;C1:test;C2_alt:test,,,
neg_66d7df8c6982f74d,UD0P0,person putting the entire cup.,person drinking the entire cup.,A1:test,,,
neg_66e1ebce9ba35d99,SR8IK,person puts a drink from a glass.,person takes a drink from a glass.,A1:test,,,
neg_66f9f837cb17d1b2,G1BSD,a person is putting a cup of water.,a person is pouring a cup of water.,A1:val,,,
neg_671f546f665e2011,28BVI,person putting a glass of water.,person holding a glass of water.,A1:test,,,
neg_674e46546810d9a7,QIT2W,person pouring food.,person eating food.,A2_alt:test,,,
neg_67569c650761892e,9M48H,a person takes their phone on the kitchen counter.,a person puts their phone on the kitchen counter.,A1:test,,,
neg_676415e34597b502,HSKVH,a person is walking the door.,a person is closing the door.,A3:test,,,
neg_676eb5b8327896d7,N0G70,a person puts a sandwich on a panini maker.,a person cooks a sandwich on a panini maker.,A1:test,,,
neg_6773a507695dd035,Q2U7O,a person puts a glass of water from a window.,a person takes a glass of water from a window.,A1:val,,,
neg_67789090299bd8e3,3XUPT,person opens cabinet.,person opens door.,A1:train;A2_alt:train;A3:train,,,
neg_678b19dbcb490d0e,ME7II,person is opening cabinet.,person is opening door.,A1:train;A2_alt:train;A3:train,,,
neg_679ead670f0345db,MFGLZ,person puts bag.,person opens bag.,A1:test,,,
neg_67ad286fe4e4c5cf,SAO1A,person pours a drink from a cup.,person takes a drink from a cup.,A2_alt:test,,,
neg_67ae46097cca6b21,JLQLC,person they take a book.,person they take a picture.,C1:train;C2_alt:train,,,
neg_67b52715163d7492,3CIVD,person putting some food.,person eating some food.,A1:val,,,
neg_67c2cbdc2b223421,COBEK,person closes the door.,person closes the cabinet.,A1:train;A2_alt:train;A3:train,,,
neg_67c8bb16e919e519,G7LU9,person closes doorknob.,person opens doorknob.,A1:train;A2_alt:train;A3:train;C1:train;C2_alt:train,,,
neg_67d8c1404b81d9bd,759UE,a person is closing a door.,a person is opening a door.,A1:train;A2_alt:train;A3:train;C1:train;C2_alt:train,,,
neg_67e5aa8faca95a0d,GXZHG,person starts running to the bed.,person starts running to the sofa.,C1:train;C2_alt:train,,,
neg_67e680163a0f37b5,K7Z6T,a person puts a plastic bag.,a person opens a plastic bag.,A1:test,,,
neg_67ef79119bc4eb80,SB8G0,person sitting in a couch.,person sitting in a chair.,A1:test;A2_alt:test;A3:test;C1:test;C2_alt:test,,,
neg_67f7a8af55cbcc37,29T54,person close the closet door.,person open the closet door.,A1:train;A2_alt:train;A3:train;C1:train;C2_alt:train,,,
neg_67fd257e4d0703be,4KK20,person putting the box to the floor angrily.,person throwing the box to the floor angrily.,A1:test,,,
neg_6813d95e9d8c9bbd,JKGTN,a person puts a pillow from the shelf.,a person takes a pillow from the shelf.,A1:test,,,
neg_6819d078f9a99443,UZMMO,the person takes a paper from a table.,the person takes a book from a table.,C1:train;C2_alt:train,,,
neg_681b021c55b112b0,ZXHCH,person sits down in a bed.,person sits down in a chair.,A1:test;A2_alt:test;A3:test;C1:test;C2_alt:test,,,
neg_6843d5fc95530132,IST7I,person pouring food out of box.,person eating food out of box.,A2_alt:val,,,
neg_6847e66332c54449,OMX6W,person starts closing the closet door.,person starts opening the closet door.,A1:train;A2_alt:train;A3:train;C1:train;C2_alt:train,,,
neg_6855fc34bd6a2ca8,REOES,person picks the book up.,person puts the book down.,C1:train;C2_alt:train,,,
neg_6856ae3b0d0d4379,CM6T8,a person walks a door to a closet.,a person opens a door to a closet.,A3:test,,,
neg_6857544e0cf5a8cc,OKYYQ,one person opens a book.,one person closes a book.,A1:train;A2_alt:train;A3:train;C1:train;C2_alt:train,,,
neg_6880954a43352a3e,AEKYE,person puts the food.,person eats the food.,A1:test,,,
neg_6895de7d7b50888c,UU2LH,person sit on the chair to put her shoes on.,person sit on the bed to put her shoes on.,A1:val;A2_alt:val;A3:val;C1:val;C2_alt:val,,,
neg_6899687104d714b9,ICQUJ,person starts taking some food.,person starts eating some food.,A1:test,,,
neg_68b3002dc99d8ddf,4H64T,person start to pour the food with a plastic fork.,person start to eat the food with a plastic fork.,A2_alt:test,,,
neg_68b517b1666eb195,C3CGB,person throwing a pillow.,person holding a pillow.,A1:train;A2_alt:train;A3:train;C1:train;C2_alt:train,,,
neg_68b73532e180b2da,3HLP7,a person walks the door.,a person closes the door.,A3:test,,,
neg_68ccf3d0cb3ab255,SE2K2,a person walks the door to the kitchen.,a person opens the door to the kitchen.,A3:test,,,
neg_68cdb1624eeacd4e,CQPZU,person opens the closet.,person opens the door.,C1:train;C2_alt:train,,,
neg_68ddfc1387ae7891,PPY0W,a person is taking a bag.,a person is holding a bag.,A1:test,,,
neg_68e22bac4db11adb,B0XI9,person they begin putting the glass of water.,person they begin drinking the glass of water.,A1:test,,,
neg_68e746edcd822180,9N44Y,the person in the video opened the refrigerator.,the person in the video opened the cabinet.,A1:train;A2_alt:train;A3:train,,,
neg_68ed1c9f8cd0d53b,AXIW1,the person puts on the person's shoes.,the person takes off the person's shoes.,C1:train;C2_alt:train,,,
neg_68ed8c2f80dc0e97,VPI6D,person closes the door to their pantry.,person opens the door to their pantry.,A1:train;A2_alt:train;A3:train;C1:train;C2_alt:train,,,
neg_68fc109c634c29d0,UVPSZ,person after opening the door.,person after closing the door.,A1:train;A2_alt:train;A3:train;C1:train;C2_alt:train,,,
neg_68fca871c58c9655,92QGQ,a person takes clothes out a dryer.,a person puts clothes in a dryer.,C1:train;C2_alt:train,,,
neg_690268424e65c879,PTAZ9,person walk a cabinet door.,person open a cabinet door.,A3:test,,,
neg_69215e8955b0e652,JIWY2,person takes a cup of coffee at the kitchen table.,person drinks a cup of coffee at the kitchen table.,A1:val,,,
neg_6924c9410857ea67,LHMMJ,a person sits in a bed in the kitchen.,a person sits in a chair in the kitchen.,A1:train;A2_alt:train;A3:train,,,
neg_6927593c49a05597,RNLTR,person taking their clothes on the sofa.,person throwing their clothes on the sofa.,A1:test,,,
neg_69323367d55d06f7,FVINY,a person sat on a sofa reading a book.,a person sat on a chair reading a book.,A1:test;A2_alt:test;A3:test;C1:test;C2_alt:test,,,
neg_693cd288351c34b6,41FNM,person closes a cabinet.,person opens a cabinet.,A1:train;A2_alt:train;A3:train,,,
neg_69534073b2e83f34,LIQS5,the person is also running with a camera.,the person is also playing with a camera.,A3:test,,,
neg_6954c0d9caebcf6c,3GY40,a second person takes a pillow at the first person.,a second person throws a pillow at the first person.,A1:val,,,
neg_696010f6c1c9bb42,STDCJ,person opens a door.,person opens a cabinet.,A1:train;A2_alt:train;A3:train,,,
neg_69819b8543046e6c,83654,person puts a box.,person opens a box.,A1:val,,,
neg_69aea6352decd500,HSWPR,a person is pouring a glass on a bedside shelf.,a person is putting a glass on a bedside shelf.,A2_alt:test,,,
neg_69afee354240c5eb,61IVZ,person walks the door.,person closes the door.,A3:test,,,
neg_69d24cf11f16ade3,ZWY3E,a person is taking off their shoes.,a person is putting on their shoes.,C1:train;C2_alt:train,,,
neg_69d537ade03b66e4,1LZ53,person sitting on sofa watching tv.,person sitting on bed watching tv.,A1:train;A2_alt:train;A3:train,,,
neg_69f0142bb2855dc4,0KZYF,person continuing to put the sandwich.,person continuing to eat the sandwich.,A1:test,,,
neg_69f503d3a2c90a3c,JTM7L,person #1 walks the front door.,person #1 opens the front door.,A3:val,,,
neg_69f816424a3316e1,IWTWJ,a person is putting a blanket onto the sofa.,a person is throwing a blanket onto the sofa.,A1:test,,,
neg_6a249f939773f2a1,D4LRR,person they close a laptop.,person they open a laptop.,A1:train;A2_alt:train;A3:train;C1:train;C2_alt:train,,,
neg_6a3381700b6b6181,EYZXC,person takes a cup of coffee.,person pours a cup of coffee.,A1:test,,,
neg_6a3dbf09e51e6acf,WULQ2,person closes the door.,person opens the door.,C1:train;C2_alt:train,,,
neg_6a521bf7371c0e6c,TCOXG,person sits down on a bed.,person sits down on a couch.,A1:test;A2_alt:test;A3:test;C1:test;C2_alt:test,,,
neg_6a6755f5bdca262e,U9LKA,person get up open the cabinet.,person get up open the door.,A1:train;A2_alt:train;A3:train,,,
neg_6a88a0673ba7e5b7,36T5X,person another walks the door.,person another closes the door.,A3:test,,,
neg_6a8da0842b951892,NX8X9,person they put a broom.,person they take a broom.,A1:test,,,
neg_6a9ad31483a102b1,VYW49,person sits in a bed.,person sits in a chair.,A1:train;A2_alt:train;A3:train,,,
neg_6aa0306bd73b8942,5NV2Z,the person walks a door leading outside.,the person opens a door leading outside.,A3:test,,,
neg_6aacc607213618ff,57MEO,a person closes a door.,a person opens a door.,A1:train;A2_alt:train;A3:train;C1:train;C2_alt:train,,,
neg_6ab8cb027e87d917,24XHS,person opening the closet.,person opening the refrigerator.,A1:train;A2_alt:train;A3:train;C1:train;C2_alt:train,,,
neg_6abb77437c165180,HL9YR,person opens the laptop.,person closes the laptop.,A1:train;A2_alt:train;A3:train;C1:train;C2_alt:train,,,
neg_6adf0591dfd18121,RMKOC,person takes a plastic bag.,person holds a plastic bag.,A1:test,,,
neg_6ae55132720e5982,CZPU9,person puts the medicine.,person takes the medicine.,A1:val,,,
neg_6aecbf261acc31f8,6RQHP,person sits in a bed.,person sits in a chair.,A1:train;A2_alt:train;A3:train,,,
neg_6aecd4379026e836,LE7PM,person takes some food onto the table.,person throws some food onto the table.,A1:test,,,
neg_6b162d655b802e4d,KJK56,a person is sitting on the chair holding a phone.,a person is sitting on the sofa holding a phone.,A1:train;A2_alt:train;A3:train,,,
neg_6b3a75aa962a1418,Z6OEM,a person is opening a door.,a person is opening a closet.,A1:train;A2_alt:train;A3:train;C1:train;C2_alt:train,,,
neg_6b46772a6ae18a2e,CXF35,person gets up opens a cabinet to get more lighting.,person gets up opens a door to get more lighting.,A1:train;A2_alt:train;A3:train,,,
neg_6b4ec451d7d1837d,V2GC9,person walking a pantry door.,person opening a pantry door.,A3:test,,,
neg_6b5374939e1b1652,7YMK9,person closing the cabinet behind them.,person closing the door behind them.,A1:train;A2_alt:train;A3:train,,,
neg_6b5afed2f9eb55b6,NC1OC,person sit down on the bed.,person sit down on the sofa.,A1:train;A2_alt:train;A3:train,,,
neg_6b636f0af780012b,CUSTU,person putting a laptop.,person opening a laptop.,A1:test,,,
neg_6b7a4fd012423937,SFPJ7,person open a box with some food.,person open a bag with some food.,A1:train;A2_alt:train;A3:train,,,
neg_6b7c4468117cbb0f,7DGWM,the person sits down on a chair.,the person sits down on a bed.,A1:train;A2_alt:train;A3:train,,,
neg_6b86115a62be49aa,QIQXR,person taking off pink tennis shoes.,person putting on pink tennis shoes.,C1:train;C2_alt:train,,,
neg_6b93faeeb878c150,TRHT1,person sitting on a bed watching television when suddenly rises.,person sitting on a chair watching television when suddenly rises.,A1:test;A2_alt:test;A3:test;C1:test;C2_alt:test,,,
neg_6b954d5bd9f16f42,9MOH2,a person closes the cabinet.,a person opens the cabinet.,A1:train;A2_alt:train;A3:train,,,
neg_6bad1acff4e7314d,KZ746,a person is sitting in a bed.,a person is sitting in a chair.,A1:train;A2_alt:train;A3:train,,,
neg_6bb61e5e9ecd81fb,LLT3E,person runs through a doorway to leave the room.,person walks through a doorway to leave the room.,A3:test,,,
neg_6bb7e1beb8bf78e9,T342T,person opens the door.,person closes the door.,A1:train;A2_alt:train;A3:train;C1:train;C2_alt:train,,,
neg_6bd3891c8538d93d,YW5QQ,person walks the door.,person closes the door.,A3:test,,,
neg_6bd701edb3a6ff84,MA6GY,person begins to pour some medicine.,person begins to take some medicine.,A2_alt:test,,,
neg_6be65482e49ce5cc,3DNW1,person they open a door.,person they open a cabinet.,A1:train;A2_alt:train;A3:train,,,
neg_6be90c5ef9b29a6c,I9SSV,a person is sitting on a bed.,a person is sitting on a chair.,A1:train;A2_alt:train;A3:train,,,
neg_6bef0639997bda28,F8UU2,person opens door.,person opens cabinet.,A1:train;A2_alt:train;A3:train,,,
neg_6bfea408fc8a9760,E8JEJ,person they walk the door multiple times.,person they open the door multiple times.,A3:test,,,
neg_6c0939cbbbdbdd4f,WW4MY,person they take the box.,person they close the box.,A1:val,,,
neg_6c1f065cff636c1e,QDZ38,person puts the mirror with a towel.,person washes the mirror with a towel.,A1:val,,,
neg_6c2240e88371905e,Z8HPQ,person opens the cabinet.,person opens the refrigerator.,A1:train;A2_alt:train;A3:train,,,
neg_6c297fec697be653,J59UP,person sitting in a bed gets up.,person sitting in a chair gets up.,A1:test;A2_alt:test;A3:test;C1:test;C2_alt:test,,,
neg_6c4b6c6ce33bbc1e,8XXZZ,person they begin taking off their shoes.,person they begin putting on their shoes.,C1:train;C2_alt:train,,,
neg_6c5d40f65e136c69,WPU76,a woman drinks a cup off a table.,a woman takes a cup off a table.,A2_alt:test,,,
neg_6c76729669e48779,W74ZY,the person sits down on the bed.,the person sits down on the sofa.,A1:train;A2_alt:train;A3:train,,,
neg_6c81c2ca2611d3d3,UEVVN,a person walks to the open window.,a person runs to the open window.,A3:test,,,
neg_6c89722191ea14fe,R4FOQ,a person is opening a refrigerator.,a person is opening a cabinet.,A1:train;A2_alt:train;A3:train,,,
neg_6c9bb13c56fe84e4,19SJ6,another person is sitting in a bed.,another person is sitting in a chair.,A1:val;A2_alt:val;A3:val;C1:val;C2_alt:val,,,
neg_6cbbf316234cdd25,NSHA7,person they take a paper off the bed.,person they take a book off the bed.,C1:train;C2_alt:train,,,
neg_6cf77f174806a3c6,KAU5T,a person puts water from a glass.,a person drinks water from a glass.,A1:val,,,
neg_6d28d7f257283aad,45Z2A,a person awakens on the bed.,a person awakens on the couch.,A1:train;A2_alt:train;A3:train;C1:train;C2_alt:train,,,
neg_6d45c01739645cfd,TOY9V,a person opens a door.,a person opens a cabinet.,A1:train;A2_alt:train;A3:train,,,
neg_6d4c4000f5f0565a,V8IGX,person begins sitting on the bed.,person begins sitting on the sofa.,A1:test;A2_alt:test;A3:test;C1:test;C2_alt:test,,,
neg_6d5ad488966e43f2,X3ASU,a person is sitting on a couch.,a person is sitting on a chair.,A1:train;A2_alt:train;A3:train,,,
neg_6d63cb4ea3a05b42,FVPMC,person takes a sandwich.,person eats a sandwich.,A1:val,,,
neg_6d6b92226b0bce7c,9A5MP,person closes the cabinet.,person closes the door.,A1:train;A2_alt:train;A3:train,,,
neg_6d6b9eaae2f9f41e,WSKTN,person walks the cupboard door.,person opens the cupboard door.,A3:test,,,
neg_6d8d36aa2249abdc,8ZO48,person put the pillow aside.,person throw the pillow aside.,A1:val,,,
neg_6d8f256be62e54c0,VKXLL,person puts a box.,person opens a box.,A1:val,,,
neg_6d9438329baa31e7,TIWRY,person they pour the glass.,person they wash the glass.,A2_alt:test,,,
neg_6dacc5980f6e1e10,9OMY1,person walks to the sofa to sit down.,person walks to the couch to sit down.,C1:train;C2_alt:train,,,
neg_6dae7c1ad80c765a,D4D2T,person puts a sandwich.,person eats a sandwich.,A1:test,,,
neg_6daf09ee571e8c04,CUZND,person opening the closet.,person opening the door.,C1:train;C2_alt:train,,,
neg_6db57149285d2248,77JGY,person put a picture of themself.,person take a picture of themself.,A1:test,,,
neg_6dc46bae5e624c29,RV48T,person walks the door.,person closes the door.,A3:val,,,
neg_6dd6b61503130abe,2DTZ3,a person closes a cabinet.,a person closes a door.,A1:train;A2_alt:train;A3:train,,,
neg_6ddbba44cb4becd9,5R7VN,person walking the door.,person closing the door.,A3:test,,,
neg_6ddcd7226db334e6,V25D1,person begin to put the sandwich.,person begin to eat the sandwich.,A1:val,,,
neg_6deeaf70635bf714,3YNPY,a person takes a towel onto the shelf.,a person puts a towel onto the shelf.,A1:val,,,
neg_6df1cf2936dbc41b,V4HBP,person sits on a sofa.,person sits on a bed.,A1:val;A2_alt:val;A3:val;C1:val;C2_alt:val,,,
neg_6e3c5be6f8752923,MS4GA,a person walks a closet door.,a person opens a closet door.,A3:test,,,
neg_6e42ec88199aff9c,4SN6Z,person close the cabinet.,person close the door.,A1:train;A2_alt:train;A3:train,,,
neg_6e5ede9e2025fee1,YIK5I,person closing the door to air it out.,person opening the door to air it out.,A1:train;A2_alt:train;A3:train;C1:train;C2_alt:train,,,
neg_6e63eb7bf62229ea,TPHRR,person sitting on a couch.,person sitting on a chair.,A1:val;A2_alt:val;A3:val;C1:val;C2_alt:val,,,
neg_6e6f9e2054ade4c9,J662Y,a person sits on a couch.,a person sits on a chair.,A1:test;A2_alt:test;A3:test;C1:test;C2_alt:test,,,
neg_6e78a31f60fea0d6,KRF68,person close the cabinet.,person close the door.,A1:train;A2_alt:train;A3:train,,,
neg_6e8132da6fd6eda3,FB7MZ,person closes window blinds.,person opens window blinds.,A1:train;A2_alt:train;A3:train;C1:train;C2_alt:train,,,
neg_6e84c1e8182fe010,Z4Y04,person walks the oven door.,person opens the oven door.,A3:test,,,
neg_6e882f4fe51dd8f5,2Z8G8,person they took the bag on a shelf.,person they put the bag on a shelf.,A1:test,,,
neg_6e9893cf1af6ebe0,SBT2X,a person opens the closet to the garage.,a person opens the door to the garage.,C1:train;C2_alt:train,,,
neg_6eb2475e1c2f2658,E6DLK,the person sits in the couch momentarily.,the person sits in the chair momentarily.,A1:test;A2_alt:test;A3:test;C1:test;C2_alt:test,,,
neg_6ec14d761a5247cd,LCLLN,person puts a blanket from somewhere.,person takes a blanket from somewhere.,A1:test,,,
neg_6ecc625c23907420,U5T4M,person walked over to a sofa to sit down.,person walked over to a chair to sit down.,A1:test;A2_alt:test;A3:test;C1:test;C2_alt:test,,,
neg_6edf33eb1472dcc3,APLZS,the person takes a box.,the person opens a box.,A1:test,,,
neg_6ee1526361418cfa,01ZWG,a person closing a laptop.,a person opening a laptop.,A1:train;A2_alt:train;A3:train;C1:train;C2_alt:train,,,
neg_6eea19ebdd356d12,Y665P,person sits down on a bed.,person sits down on a couch.,A1:test;A2_alt:test;A3:test;C1:test;C2_alt:test,,,
neg_6f00a53ac67e1772,VQOI3,person taking a bag.,person opening a bag.,A1:test,,,
neg_6f052c22b5037785,GFK4S,person taking a pillow.,person holding a pillow.,A1:test,,,
neg_6f0863d9ebdc5f60,D7W4E,a person takes a cup into a  cupboard.,a person puts a cup into a  cupboard.,A1:test,,,
neg_6f26371328f99688,GK7S7,person putting a glass of water.,person drinking a glass of water.,A1:val,,,
neg_6f33291e6ae4f446,D1WYU,person sits down on a bed.,person sits down on a chair.,A1:test;A2_alt:test;A3:test;C1:test;C2_alt:test,,,
neg_6f58352795ce89cc,XGS3K,person walks a sliding glass door.,person opens a sliding glass door.,A3:test,,,
neg_6f58390439adbbda,FQGW4,person taking a glass of milk.,person pouring a glass of milk.,A1:test,,,
neg_6f6452a407affe0a,6HT0J,person putting a cup.,person holding a cup.,A1:test,,,
neg_6f9cb2b42d0b6dba,OHBYF,person opens the box.,person closes the box.,A1:train;A2_alt:train;A3:train,,,
neg_6f9ef10bb8480dbc,1BGZ0,the person walks the door.,the person opens the door.,A3:test,,,
neg_6fa5ab4cfd36784f,Y665P,person sits down on the bed.,person sits down on the sofa.,A1:test;A2_alt:test;A3:test;C1:test;C2_alt:test,,,
neg_6fad94fbb4ba48c4,RO9RP,a person opens a cabinet.,a person opens a refrigerator.,A1:train;A2_alt:train;A3:train,,,
neg_6fb0e17226fe3198,FYHTC,person try to walk the door.,person try to open the door.,A3:test,,,
neg_6fbfc24d553e1112,3Q6N1,a person puts their laptop to do their work.,a person opens their laptop to do their work.,A1:test,,,
neg_6ff510c9b7ef9286,0TKKR,a person puts a sandwich on the couch.,a person eats a sandwich on the couch.,A1:test,,,
neg_6ff9257ac04acfe4,4FXUI,the person puts the laptop.,the person closes the laptop.,A1:val,,,
neg_7000664cc11af7b1,SW64W,person is closing a laptop.,person is opening a laptop.,A1:train;A2_alt:train;A3:train;C1:train;C2_alt:train,,,
neg_700a1f2664133a97,5NV2Z,a person puts a cup from a table.,a person takes a cup from a table.,A1:test,,,
neg_70290a5e1dca49f7,120YL,person puts the plate to the table to eat.,person takes the plate to the table to eat.,A1:test,,,
neg_702a70b660c45339,TWU2U,a person begins opening the closet.,a person begins opening the refrigerator.,A1:train;A2_alt:train;A3:train;C1:train;C2_alt:train,,,
neg_70435c50e907db0e,M014B,a person putting a bag of items.,a person holding a bag of items.,A1:test,,,
neg_704577fd3a19885c,I75CL,person putting a sandwich.,person eating a sandwich.,A1:test,,,
neg_70644212c370ca87,HOI6L,person closed the door to walk out of the room.,person opened the door to walk out of the room.,C1:train;C2_alt:train,,,
neg_7078c2fc6c202658,CPM4M,a person walks a refrigerator door.,a person opens a refrigerator door.,A3:test,,,
neg_707b0054787be758,NSF4N,a person opens the closet.,a person opens the refrigerator.,C1:train;C2_alt:train,,,
neg_707b9dd878833e04,ZSHV8,person runs through a doorway.,person walks through a doorway.,A3:val,,,
neg_7081d1d725d61784,9JZO2,person taking a glass of water.,person holding a glass of water.,A1:test,,,
neg_708befe21156a703,HYR9Q,one person takes a laptop on a table.,one person puts a laptop on a table.,A1:val,,,
neg_70950f8705e9536e,KS29V,person throwing a pillow.,person holding a pillow.,A1:train;A2_alt:train;A3:train;C1:train;C2_alt:train,,,
neg_70ab853469eb8681,08QQS,person walking the door.,person opening the door.,A3:val,,,
neg_70c8a89b54a0357c,5R7VN,person walking a door.,person closing a door.,A3:test,,,
neg_70d631f6cc19a2b3,EBTD6,person closing a door.,person opening a door.,A1:train;A2_alt:train;A3:train;C1:train;C2_alt:train,,,
neg_70e12a739ac1559f,DUSJO,person drinks cup on shelf.,person puts cup on shelf.,A2_alt:test,,,
neg_70e29e0929fd125f,CW4AU,person they took their shoes off.,person they put their shoes on.,C1:train;C2_alt:train,,,
neg_710f27c677829558,3T785,one person takes a towel on their head.,one person puts a towel on their head.,A1:test,,,
neg_71134475589ef626,TJJKK,person sitting on a couch with a cell phone.,person sitting on a bed with a cell phone.,A1:test;A2_alt:test;A3:test;C1:test;C2_alt:test,,,
neg_711a76ddbfc4c364,5VUT9,person walk a cabinet door get a cup out.,person open a cabinet door get a cup out.,A3:test,,,
neg_71446ba3ab18090d,WKVWF,person pouring a cup of water than drinks from it.,person holding a cup of water than drinks from it.,A2_alt:test,,,
neg_714f76ddcf5ed4bf,XHYA2,person sits down on the sofa.,person sits down on the bed.,A1:test;A2_alt:test;A3:test;C1:test;C2_alt:test,,,
neg_715356c5e71a11a3,WW4MY,person pours a drink sits the glass back down.,person takes a drink sits the glass back down.,A2_alt:val,,,
neg_71634d2831aa0ae6,5KGCY,person they put a glass off the table.,person they take a glass off the table.,A1:val,,,
neg_716bf6b34be248f6,ZYVTC,person closes a book to read.,person opens a book to read.,A1:train;A2_alt:train;A3:train;C1:train;C2_alt:train,,,
neg_71728071839f4574,8HHI3,a person closes a box.,a person opens a box.,A1:train;A2_alt:train;A3:train,,,
neg_71758d37513d72b1,LFBCQ,a person in a basement is closing a cabinet.,a person in a basement is opening a cabinet.,A1:train;A2_alt:train;A3:train,,,
neg_71847eff4f2dcf04,FPJ9D,person sit on a sofa.,person sit on a chair.,A1:test;A2_alt:test;A3:test;C1:test;C2_alt:test,,,
neg_71857d204b2cd47c,0CX32,person close a window.,person open a window.,A1:train;A2_alt:train;A3:train;C1:train;C2_alt:train,,,
neg_719048ba9bb72094,EFADI,that same person pours some medicine off a shelf.,that same person takes some medicine off a shelf.,A2_alt:test,,,
neg_719b5e3bbba809a5,WF89D,a person puts a drink from a cup.,a person takes a drink from a cup.,A1:test,,,
neg_71b0d282269d24ce,BRBWJ,the person takes their clothes on the shelf as well.,the person puts their clothes on the shelf as well.,A1:test,,,
neg_71e563070c87e197,TJKGJ,person sit in a bed.,person sit in a chair.,A1:train;A2_alt:train;A3:train,,,
neg_71ed79cb70973edc,IIL9C,there is a person laying on the couch eating something.,there is a person laying on the sofa eating something.,A1:test;A2_alt:test;A3:test;C1:test;C2_alt:test,,,
neg_72105fc1cc1a1255,LCLLN,one person puts a glass from a shelf.,one person takes a glass from a shelf.,A1:test,,,
neg_72151b678c786edc,B4MNI,the person sits on a bed.,the person sits on a couch.,A1:train;A2_alt:train;A3:train,,,
neg_72232d7159ae9501,29V7T,person they are putting a broom instead of the glasses.,person they are holding a broom instead of the glasses.,A1:test,,,
neg_722a85305842cb04,RV11J,the person takes their camera away into a bag.,the person puts their camera away into a bag.,A1:val,,,
neg_7238431be000b21f,CB1Z2,person putting box.,person holding box.,A1:val,,,
neg_723d23b30a04dab8,QMKZV,person walked clothes away.,person put clothes away.,A3:test,,,
neg_7247072603e31c50,07LG5,person opens the cabinet door.,person closes the cabinet door.,A1:train;A2_alt:train;A3:train;C1:train;C2_alt:train,,,
neg_7253f2be7956593d,O76GM,a person running in the kitchen opens a cabinet.,a person standing in the kitchen opens a cabinet.,A3:test,,,
neg_725b5862ef891ebd,UXET8,person they walk the door.,person they open the door.,A3:val,,,
neg_72623650980f5c72,JAAVR,the person pours the medicine.,the person takes the medicine.,A2_alt:val,,,
neg_727a97e68e2d314b,AK2KG,a person was sitting on a sofa.,a person was sitting on a bed.,A1:test;A2_alt:test;A3:test;C1:test;C2_alt:test,,,
neg_72a591d5f7dcedd5,ZIU9C,person close the door.,person open the door.,A1:train;A2_alt:train;A3:train;C1:train;C2_alt:train,,,
neg_72b7537ecdbfddf0,2O6RB,a person opens a cabinet.,a person opens a refrigerator.,A1:train;A2_alt:train;A3:train,,,
neg_72d202bbf9e7ad5f,UETQS,a person sits in a bed.,a person sits in a chair.,A1:test;A2_alt:test;A3:test;C1:test;C2_alt:test,,,
neg_72d60dc4b334b483,68JOO,person sit back down in the couch.,person sit back down in the chair.,A1:train;A2_alt:train;A3:train,,,
neg_72db0da11dadce15,DJMZC,a person awakens in sofa.,a person awakens in bed.,A1:train;A2_alt:train;A3:train;C1:train;C2_alt:train,,,
neg_72eb1736440df3e1,CIIWP,person walks the door.,person closes the door.,A3:val,,,
neg_72fcbf6ee67c7f25,FBOF0,a person awakens in sofa.,a person awakens in bed.,A1:test;A2_alt:test;A3:test;C1:test;C2_alt:test,,,
neg_732303756197e2e1,J4QHT,a person through a doorway runs to a closet.,a person through a doorway walks to a closet.,A3:test,,,
neg_734d5a973b1855fc,MA6GY,person begins to drink some medicine.,person begins to take some medicine.,A2_alt:test,,,
neg_7353b57ab1f9c95a,RRDAM,person throwing a pillow.,person holding a pillow.,A1:train;A2_alt:train;A3:train;C1:train;C2_alt:train,,,
neg_735e0758ebf83db5,NO9MI,person closing the door.,person opening the door.,A1:train;A2_alt:train;A3:train;C1:train;C2_alt:train,,,
neg_736409b37836202a,HYR9Q,person takes their laptop on a table.,person puts their laptop on a table.,A1:val,,,
neg_7380b430b5ede3ce,G82VI,person closes the box.,person opens the box.,A1:train;A2_alt:train;A3:train,,,
neg_73c138e7b3b61f26,USNON,person walks the door.,person closes the door.,A3:test,,,
neg_73c3d94050ce6715,57WV7,person sits on the bed.,person sits on the chair.,A1:train;A2_alt:train;A3:train,,,
neg_73cc020bd33cbde5,XHYA2,person poured their coffee cup on a dresser.,person put their coffee cup on a dresser.,A2_alt:test,,,
neg_73f1aab9eedf8d69,1YTD7,person opens the closet.,person opens the door.,A1:train;A2_alt:train;A3:train;C1:train;C2_alt:train,,,
neg_73f32487c5c3bb89,ULD0T,a person runs through a doorway.,a person walks through a doorway.,A3:test,,,
neg_73fd664992b63653,MZ3X9,a person puts a phone.,a person takes a phone.,A1:test,,,
neg_73ffbe9316cfdca9,2FPB3,a person takes an orange book.,a person holds an orange book.,A1:test,,,
neg_742de04093d76f5f,XXIT4,a person is sitting in a bed at a desk.,a person is sitting in a chair at a desk.,A1:train;A2_alt:train;A3:train,,,
neg_74454b986aad3ca8,0HD0T,person opens the door.,person opens the cabinet.,A1:train;A2_alt:train;A3:train,,,
neg_745308a0931ebe27,PGKB4,the person quickly closes their laptop.,the person quickly opens their laptop.,A1:train;A2_alt:train;A3:train;C1:train;C2_alt:train,,,
neg_74532d47d73bb938,UQJ5W,person putting a sandwich.,person eating a sandwich.,A1:test,,,
neg_7458d25a696231e0,VINM0,person putting a pair of shoes.,person holding a pair of shoes.,A1:test,,,
neg_7465561a5daac0b1,K64GM,the person took the camera around their neck.,the person put the camera around their neck.,A1:test,,,
neg_746bb2a08aa47ff8,3P8NL,a person sits in a bed.,a person sits in a chair.,A1:train;A2_alt:train;A3:train,,,
neg_748236d99aca00c6,T4HF9,person walks the door.,person opens the door.,A3:val,,,
neg_748ecd20ca35727a,TE421,person opens the door.,person closes the door.,C1:train;C2_alt:train,,,
neg_749be6f395b1b969,P0ILN,the person puts on their shoes.,the person takes off their shoes.,C1:train;C2_alt:train,,,
neg_74b169c5cb560ad1,V8IGX,person runs through the doorway with a bag.,person walks through the doorway with a bag.,A3:test,,,
neg_74be281ef5c2f6e4,WM6RQ,person pour food.,person take food.,A2_alt:test,,,
neg_74c5c047b81ee2a4,BDZNW,person walking the door.,person closing the door.,A3:test,,,
neg_74c67fe60442a188,EG1XK,person closes the cabinet.,person closes the door.,A1:train;A2_alt:train;A3:train,,,
neg_74e5e2b29c8ef349,ZZ89F,person opens the closet.,person opens the refrigerator.,A1:train;A2_alt:train;A3:train;C1:train;C2_alt:train,,,
neg_74e7a2dadcadd4da,TPHRR,a person is sitting in a couch.,a person is sitting in a chair.,A1:val;A2_alt:val;A3:val;C1:val;C2_alt:val,,,
neg_74ebbac034909789,LRDW5,person walks a closet door.,person opens a closet door.,A3:test,,,
neg_74f7292281cc47a6,VSLQT,a person awakens in chair.,a person awakens in bed.,A1:train;A2_alt:train;A3:train;C1:train;C2_alt:train,,,
neg_750258f1484ae9c6,06OKE,person they sit on the chair.,person they sit on the sofa.,A1:val;A2_alt:val;A3:val;C1:val;C2_alt:val,,,
neg_7507189bd3822ecb,V0ZD9,person takes a cup.,person washes a cup.,A1:test,,,
neg_75367dcf0f764d4d,DLBRW,person opening the door.,person closing the door.,A1:train;A2_alt:train;A3:train;C1:train;C2_alt:train,,,
neg_7542091bed02c223,4JW8U,person closes the door.,person opens the door.,C1:train;C2_alt:train,,,
neg_758294550dd9dc86,OFPAE,a person awakens on a couch.,a person awakens on a sofa.,C1:train;C2_alt:train,,,
neg_75a2aaefef6e0495,QDZ38,one person walks into the bathroom.,one person runs into the bathroom.,A3:val,,,
neg_75db83a8927de9a1,ZFT06,person walks the door.,person opens the door.,A3:test,,,
neg_75ddb3609d6722a3,88LYX,person take a glass.,person wash a glass.,A1:val,,,
neg_75e9b4eeb13cee67,KZ36U,the person puts a picture of something.,the person takes a picture of something.,A1:test,,,
neg_75f89bb6a2ea0989,OEYA3,a person sits in a couch in the closet.,a person sits in a chair in the closet.,A1:train;A2_alt:train;A3:train,,,
neg_7614564629bc4bc2,ZMY8M,person pours some food from a bowl.,person takes some food from a bowl.,A2_alt:test,,,
neg_761b0119111eb10f,5VINT,person closing the cabinet behind them.,person closing the door behind them.,A1:train;A2_alt:train;A3:train,,,
neg_7622980b9f7a755f,I049A,person took off some shoes.,person put on some shoes.,C1:train;C2_alt:train,,,
neg_76299e312092ee7b,0OSJY,a person is sitting on a chair holding a broom.,a person is sitting on a bed holding a broom.,A1:train;A2_alt:train;A3:train,,,
neg_7638995a28f2975a,AWN1C,person they put a drink from a coffee cup.,person they take a drink from a coffee cup.,A1:test,,,
neg_764fb16d6b34955e,R1X8P,person is opening refrigerator.,person is opening cabinet.,A1:train;A2_alt:train;A3:train,,,
neg_7666a8943ed1455f,C0CMQ,person runs through the doorway.,person walks through the doorway.,A3:test,,,
neg_7673f5f813cf24db,S7JTZ,a person runs into the bathroom holding a camera.,a person walks into the bathroom holding a camera.,A3:test,,,
neg_76850398e876c4e4,ATV2F,person takes her laptop to begin doing her work.,person opens her laptop to begin doing her work.,A1:test,,,
neg_768a20ced1136f2d,LFDQF,person taking a glass of water.,person drinking a glass of water.,A1:test,,,
neg_769295bba4edb29a,C1LJS,a person closes the bedroom door.,a person opens the bedroom door.,A1:train;A2_alt:train;A3:train;C1:train;C2_alt:train,,,
neg_76c00177a38fb10e,406LH,person close the cabinet.,person close the door.,A1:train;A2_alt:train;A3:train,,,
neg_76c0a187c55ab44d,7EJUR,person taking a video on a laptop.,person watching a video on a laptop.,A1:test,,,
neg_76c222e39ce14bc7,KOVTR,person pours some medicine.,person takes some medicine.,A2_alt:test,,,
neg_76c58cf350f0fe6d,WUL5P,person after walking the door to a doorway.,person after opening the door to a doorway.,A3:val,,,
neg_76d457bb9b048004,5O31N,a person closes a cabinet.,a person closes a door.,A1:train;A2_alt:train;A3:train,,,
neg_76ea3c9d9ddcadd4,7L3DI,person sitting on a bed than gets up.,person sitting on a sofa than gets up.,A1:val;A2_alt:val;A3:val;C1:val;C2_alt:val,,,
neg_770906289fcdf11d,KX8VW,person sitting on the couch eating out of a dish.,person sitting on the sofa eating out of a dish.,A1:val;A2_alt:val;A3:val;C1:val;C2_alt:val,,,
neg_771947c11ca5de3d,PC7H2,person sits on the bed.,person sits on the couch.,A1:test;A2_alt:test;A3:test;C1:test;C2_alt:test,,,
neg_77346061030a92ad,C8BKE,person puts on shoes.,person takes off shoes.,C1:train;C2_alt:train,,,
neg_7737063befe2fe88,K8OB6,another person runs into the room drinking from a cup.,another person walks into the room drinking from a cup.,A3:test,,,
neg_7737869bae8523c6,4MFE0,person they take the picture.,person they take the book.,C1:train;C2_alt:train,,,
neg_773ee4ff3cff2509,K9GJF,one person takes a box.,one person closes a box.,A1:val,,,
neg_7758b03a43bdf21f,UCPP8,person put their shoes on.,person take their shoes off.,C1:train;C2_alt:train,,,
neg_77676a941280968f,G2DIN,a person walks the closet door.,a person opens the closet door.,A3:test,,,
neg_776b876d73e179ff,BJ7YW,the person is now drinking the glass of the window.,the person is now washing the glass of the window.,A2_alt:test,,,
neg_776c6f1d61d703cc,ZZ4GP,a person is pouring some food on the stove.,a person is cooking some food on the stove.,A2_alt:test,,,
neg_777bf0d4f810c1f2,VZE8E,person walk the door walk back in.,person open the door walk back in.,A3:test,,,
neg_777cb2ba6fa0d420,19SJ6,another person is sitting in a couch.,another person is sitting in a chair.,A1:val;A2_alt:val;A3:val;C1:val;C2_alt:val,,,
neg_777d9a1b5407507c,4683D,person they sit down on a bed.,person they sit down on a chair.,A1:test;A2_alt:test;A3:test;C1:test;C2_alt:test,,,
neg_778fcbfe8e9cff86,7XBPE,the person closes the door of the fridge.,the person opens the door of the fridge.,A1:train;A2_alt:train;A3:train;C1:train;C2_alt:train,,,
neg_77a1d69fa6133332,IUOC0,person sits on the sofa with a box.,person sits on the chair with a box.,A1:train;A2_alt:train;A3:train,,,
neg_77c9ad8a453b18b8,56PK0,person they sit down in a bed.,person they sit down in a chair.,A1:train;A2_alt:train;A3:train,,,
neg_77d2439504b10422,580G0,a person awakens in sofa.,a person awakens in bed.,A1:test;A2_alt:test;A3:test;C1:test;C2_alt:test,,,
neg_77ddd6c4025a2157,H8UJ3,the person sits down on a sofa.,the person sits down on a chair.,A1:val;A2_alt:val;A3:val;C1:val;C2_alt:val,,,
neg_77e2cf8be4b89275,S6W5T,the person puts on their shoes.,the person takes off their shoes.,C1:train;C2_alt:train,,,
neg_77ed0d286425dfb4,YZ8HK,the person takes the laptop.,the person closes the laptop.,A1:test,,,
neg_77fba640ce1f776d,PIRMO,person putting a glass of water the find a box.,person drinking a glass of water the find a box.,A1:val,,,
neg_78052c5c02ee3097,BMVXJ,person opens up the cabinet.,person opens up the refrigerator.,A1:train;A2_alt:train;A3:train,,,
neg_78169ddeaa80b7eb,LOH86,a person runs from a doorway to a table.,a person walks from a doorway to a table.,A3:val,,,
neg_783850bcf2a7a9c8,FAJEA,person they drink some medicine.,person they take some medicine.,A2_alt:test,,,
neg_78413873c1476eb8,W7EDM,person sits on the sofa.,person sits on the bed.,A1:test;A2_alt:test;A3:test;C1:test;C2_alt:test,,,
neg_78529789d8332a01,MVPQF,a person takes clothes on a shelf.,a person puts clothes on a shelf.,A1:val,,,
neg_785a7a4d479d2a81,DRPO3,person starts to open closet.,person starts to open door.,A1:train;A2_alt:train;A3:train;C1:train;C2_alt:train,,,
neg_786e3b533577bd2b,47Y1V,a person in the hallway putting a picture begins undressing.,a person in the hallway holding a picture begins undressing.,A1:test,,,
neg_786fd64b52c461d0,E6DLK,person walks to the window.,person runs to the window.,A3:test,,,
neg_787c6765d1c58a3f,TH3M0,person sits down in couch.,person sits down in chair.,A1:test;A2_alt:test;A3:test;C1:test;C2_alt:test,,,
neg_787e61a3538ae5d6,ES2QH,person sits in a couch.,person sits in a chair.,A1:train;A2_alt:train;A3:train,,,
neg_788c0591906abb19,SJ51G,person walk their closet door.,person open their closet door.,A3:test,,,
neg_789243ebded17180,2VCOB,person opens the fridge door.,person closes the fridge door.,A1:train;A2_alt:train;A3:train;C1:train;C2_alt:train,,,
neg_789c1ab45377a79b,EF7Q9,person they put the glass.,person they take the glass.,A1:test,,,
neg_78ab0621db311a58,HI4NV,person pouring some food on some dishes.,person holding some food on some dishes.,A2_alt:test,,,
neg_78b9850e763973a5,FPJ9D,person sit on a couch.,person sit on a chair.,A1:test;A2_alt:test;A3:test;C1:test;C2_alt:test,,,
neg_78ba18ad4b677323,2OHTZ,person putting a drink from a cup of coffee.,person taking a drink from a cup of coffee.,A1:test,,,
neg_78c8f9c88d3fe2c6,2OHTZ,person pouring a drink from a cup of coffee.,person taking a drink from a cup of coffee.,A2_alt:test,,,
neg_78cfe07a362a85eb,MRZ44,person putting a sandwich.,person eating a sandwich.,A1:test,,,
neg_78ef58515d10d704,T06AT,a man walks into a bathroom holding a pillow.,a man runs into a bathroom holding a pillow.,A3:test,,,
neg_78f93595779077b6,6KDQO,person takes the glass on a chair.,person puts the glass on a chair.,A1:val,,,
neg_78fa7089ac303501,8TNSB,a person opens a closet.,a person opens a door.,A1:train;A2_alt:train;A3:train;C1:train;C2_alt:train,,,
neg_79009580266d7c10,VE5DN,person opens a refrigerator.,person opens a cabinet.,A1:train;A2_alt:train;A3:train,,,
neg_790af471f2df7d4a,LFPWI,the person walks the bathroom door.,the person opens the bathroom door.,A3:test,,,
neg_7949a5f235040a05,NU4XA,person closes a door.,person opens a door.,C1:train;C2_alt:train,,,
neg_795e17e23223361d,V4HBP,person sits on a chair.,person sits on a bed.,A1:val;A2_alt:val;A3:val;C1:val;C2_alt:val,,,
neg_796aa0ba40370bdf,USNON,the person walked the entry door.,the person closed the entry door.,A3:test,,,
neg_796c53cdbf350b7d,HB4AB,person opens a door.,person opens a cabinet.,A1:train;A2_alt:train;A3:train,,,
neg_796c5f12bfed819e,2YO6G,a person opens a cabinet.,a person opens a refrigerator.,A1:train;A2_alt:train;A3:train,,,
neg_7971b90a1c596ff3,HPEE5,person close the cabinet.,person close the door.,A1:train;A2_alt:train;A3:train,,,
neg_7982238c5d3da4f0,NF9ZR,person is trying to close a door.,person is trying to open a door.,A1:train;A2_alt:train;A3:train;C1:train;C2_alt:train,,,
neg_798b06e16b949683,T06AT,another person is inside putting a blanket.,another person is inside holding a blanket.,A1:test,,,
neg_79a60c26acca4f3e,4C1KY,the person puts down the picture.,the person puts down the book.,C1:train;C2_alt:train,,,
neg_79c56c947335cf4f,MD6C0,a man opens a closet.,a man opens a door.,C1:train;C2_alt:train,,,
neg_79d4b4c17d325861,10M0F,a person taking a book.,a person throwing a book.,A1:test,,,
neg_79d75a055b0193cb,12XD3,person putting some food.,person eating some food.,A1:test,,,
neg_79e0e2d73f25819f,4BEZX,person sit down in a couch.,person sit down in a chair.,A1:test;A2_alt:test;A3:test;C1:test;C2_alt:test,,,
neg_79e38c4ce30ca986,WTU0I,a person is sitting in a couch.,a person is sitting in a chair.,A1:train;A2_alt:train;A3:train,,,
neg_7a0811103be8710a,EHCUE,a person is sitting in a bed at a desk.,a person is sitting in a chair at a desk.,A1:train;A2_alt:train;A3:train,,,
neg_7a0e9c9abc762013,FSKKQ,a person walks in their recreation room.,a person awakens in their recreation room.,A3:val,,,
neg_7a155579ede0f7b3,CF1OQ,person takes off shoes.,person puts on shoes.,C1:train;C2_alt:train,,,
neg_7a4385d63b2e3f6f,NBMH9,person walks the door.,person closes the door.,A3:test,,,
neg_7a4db1070ed9b20c,BM5B8,person closed the door.,person opened the door.,A1:train;A2_alt:train;A3:train;C1:train;C2_alt:train,,,
neg_7a4fbf3f14a7acc3,Y50QF,person put a cup of coffee.,person pour a cup of coffee.,A1:test,,,
neg_7a5c171975dbc2ad,NBMH9,person sitting in a couch.,person sitting in a chair.,A1:test;A2_alt:test;A3:test;C1:test;C2_alt:test,,,
neg_7a72db363ce39803,1WI77,the person closes a door.,the person opens a door.,C1:train;C2_alt:train,,,
neg_7a78aaacbd44631a,YYLKT,person begin to put a sandwich.,person begin to eat a sandwich.,A1:test,,,
neg_7a7d8909902dcf57,NBE4C,person close the cabinet.,person close the door.,A1:train;A2_alt:train;A3:train,,,
neg_7a7e9899c9269500,V0ZD9,person drinks a cup.,person washes a cup.,A2_alt:test,,,
neg_7a85223be08905ad,EMWAP,person pouring food.,person eating food.,A2_alt:val,,,
neg_7a87253e0ebe162b,GT43R,the person puts a box of tissues from the shelf.,the person takes a box of tissues from the shelf.,A1:test,,,
neg_7a950ec483223987,0TKKR,a person is sitting on the chair watching television.,a person is sitting on the couch watching television.,A1:test;A2_alt:test;A3:test;C1:test;C2_alt:test,,,
neg_7ab08ff5d7e6ce7e,TRVEA,a person sits on a chair with a pillow.,a person sits on a bed with a pillow.,A1:test;A2_alt:test;A3:test;C1:test;C2_alt:test,,,
neg_7ac8757b52f8fc16,LD6TD,person putting a book.,person reading a book.,A1:test,,,
neg_7ad0e2c9b867c329,Q166J,the person begins closing a book.,the person begins opening a book.,A1:train;A2_alt:train;A3:train;C1:train;C2_alt:train,,,
neg_7ad4b0637c110387,WHJ70,a person is opening a refrigerator.,a person is opening a cabinet.,A1:train;A2_alt:train;A3:train,,,
neg_7ae8ca2b7e0461f1,DVHIB,person takes a picture from a bag.,person takes a book from a bag.,C1:train;C2_alt:train,,,
neg_7aebb8a8ee42fc8a,GL7E6,a person walks in their living room sneezing.,a person awakens in their living room sneezing.,A3:test,,,
neg_7aec783f3ddfe9ff,X8XQE,person takes a book with their cellphone camera.,person takes a picture with their cellphone camera.,C1:train;C2_alt:train,,,
neg_7aec9eb9614f17df,7ICIA,person closes the cabinet.,person closes the door.,A1:train;A2_alt:train;A3:train,,,
neg_7aecdc5e442cf4df,ODM20,person putting a cup of coffee.,person drinking a cup of coffee.,A1:test,,,
neg_7afe337c08cb0570,4FX6G,a person walks a door.,a person opens a door.,A3:test,,,
neg_7b1e38d8dbb36b5e,7JHW2,a person walks into the garage.,a person runs into the garage.,A3:test,,,
neg_7b2abc99260e3759,AFIRW,person puts a selfie picture.,person takes a selfie picture.,A1:test,,,
neg_7b371dfa2a710c24,JFXG8,person close the cabinet.,person close the refrigerator.,A1:train;A2_alt:train;A3:train,,,
neg_7b4163fe929d4e67,ZO3EG,person close the door.,person open the door.,A1:train;A2_alt:train;A3:train;C1:train;C2_alt:train,,,
neg_7b4c64c3553db35e,V8IGX,person sit on the bed.,person sit on the sofa.,A1:test;A2_alt:test;A3:test;C1:test;C2_alt:test,,,
neg_7b56ef1dc3d55cf5,8ZO48,person sits on a sofa.,person sits on a chair.,A1:val;A2_alt:val;A3:val;C1:val;C2_alt:val,,,
neg_7b588a1f7ff6f67f,VA8ZR,a person opens a closet.,a person opens a door.,C1:train;C2_alt:train,,,
neg_7b62769c94b6bc17,4CHXK,person walks the door.,person closes the door.,A3:val,,,
neg_7b6e3a3ca2e7c9b0,JKWJ6,a person is lying on the sofa watching television.,a person is lying on the couch watching television.,A1:test;A2_alt:test;A3:test;C1:test;C2_alt:test,,,
neg_7b86e6ad49008165,IKOAX,person take a book with a camera that they.,person take a picture with a camera that they.,C1:train;C2_alt:train,,,
neg_7b88c80e0474dfd3,PQBGG,person sits in a couch.,person sits in a chair.,A1:val;A2_alt:val;A3:val;C1:val;C2_alt:val,,,
neg_7b920ad680a7d59b,RFH6M,person walks the door.,person closes the door.,A3:test,,,
neg_7b92149f0c7112e5,120YL,the person puts the box of cookies.,the person opens the box of cookies.,A1:test,,,
neg_7b92276e6379ec7b,OWS57,one person was closing the window.,one person was opening the window.,A1:train;A2_alt:train;A3:train;C1:train;C2_alt:train,,,
neg_7b96c1f9f1e461bf,0FM93,person slowly walks the door.,person slowly closes the door.,A3:test,,,
neg_7b975c4078cb07c4,48IQL,the person walks to a couch to sit.,the person walks to a chair to sit.,C1:train;C2_alt:train,,,
neg_7b9e9c10f6f8f837,8ZO48,person puts a pillow.,person throws a pillow.,A1:val,,,
neg_7ba6892aebbe6e5a,DUSJO,person pours the cup on a shelf.,person puts the cup on a shelf.,A2_alt:test,,,
neg_7bb14d956bde0af0,6LUM5,one person sitting in a bed closes a laptop.,one person sitting in a chair closes a laptop.,A1:train;A2_alt:train;A3:train,,,
neg_7bbe46a635564942,CUHT0,person they took the camera on the baby's jumper.,person they put the camera on the baby's jumper.,A1:test,,,
neg_7be42630448e7bdd,F1LTO,person walks the doors.,person closes the doors.,A3:test,,,
neg_7be7dd0fa3592210,8Z5SJ,person opens a window.,person closes a window.,C1:train;C2_alt:train,,,
neg_7bed19ce78ea5c1b,KCEJF,a person is running up the stairs eating a sandwich.,a person is walking up the stairs eating a sandwich.,A3:val,,,
neg_7bf0167ddf760aa0,1MU5L,a person is opening a cabinet.,a person is opening a door.,A1:train;A2_alt:train;A3:train,,,
neg_7bf23587ec463047,30I35,person puts a glass of something.,person pours a glass of something.,A1:test,,,
neg_7bffaa26f25b5e28,FQM2N,person sitting on the sofa.,person sitting on the bed.,A1:test;A2_alt:test;A3:test;C1:test;C2_alt:test,,,
neg_7c0540dc87b53415,G2DIN,person takes a box of medicine on the shelf.,person puts a box of medicine on the shelf.,A1:test,,,
neg_7c1454fc07e0cd04,E002I,person walks the door.,person closes the door.,A3:test,,,
neg_7c1dce3afbcb6732,IWF0U,person sits on a sofa.,person sits on a chair.,A1:train;A2_alt:train;A3:train,,,
neg_7c2f214e861b8f29,2ZICJ,person walks the cabinet door where the mug is.,person closes the cabinet door where the mug is.,A3:test,,,
neg_7c536128dc1c0cb2,JFBTV,person walks a door to a closet.,person opens a door to a closet.,A3:test,,,
neg_7c57bdfe8c144143,H8F1C,person puts down a picture.,person puts down a book.,C1:train;C2_alt:train,,,
neg_7c6e3c583830c066,0F7LW,person puts a laptop from the shelf.,person takes a laptop from the shelf.,A1:test,,,
neg_7c6edd0c5955c0ca,9POJB,person puts a blanket.,person takes a blanket.,A1:test,,,
neg_7c800a57f44dd164,3B97C,a person is walking into their kitchen holding a laptop.,a person is running into their kitchen holding a laptop.,A3:test,,,
neg_7c8bea4055591d5c,EEVD3,person walking the door.,person closing the door.,A3:test,,,
neg_7c9281186821dda2,ZG1EM,next the person sits on a sofa.,next the person sits on a chair.,A1:train;A2_alt:train;A3:train,,,
neg_7cd453a0f425a82f,LFPLP,the person closes the refrigerator door.,the person opens the refrigerator door.,A1:train;A2_alt:train;A3:train;C1:train;C2_alt:train,,,
neg_7cd5eb915c3f7c85,8GXNA,person closing the cabinet.,person closing the door.,A1:train;A2_alt:train;A3:train,,,
neg_7ce40cfd3ec55a6a,UAIHK,person takes a laptop.,person opens a laptop.,A1:val,,,
neg_7ce7a0e824edabf4,P3CLM,person take the book.,person close the book.,A1:test,,,
neg_7ceb4c99356433aa,ETT15,a person sits in a couch at a desk.,a person sits in a chair at a desk.,A1:val;A2_alt:val;A3:val;C1:val;C2_alt:val,,,
neg_7cece3ddc56d04c8,LSCMZ,the person puts a phone from somewhere.,the person takes a phone from somewhere.,A1:test,,,
neg_7cf89a30cb0392df,NMTRI,a person awakens in sofa.,a person awakens in bed.,A1:train;A2_alt:train;A3:train;C1:train;C2_alt:train,,,
neg_7d0dbab3d818cef6,4JKLQ,person pours some food inside.,person puts some food inside.,A2_alt:val,,,
neg_7d1ebe0b41048c05,J0SZG,person opens the cabinet.,person opens the door.,A1:train;A2_alt:train;A3:train,,,
neg_7d3121083da46aa7,EFX3U,a person opens a book.,a person closes a book.,A1:train;A2_alt:train;A3:train;C1:train;C2_alt:train,,,
neg_7d316368a868190b,PQUF6,person try to close a cabinet.,person try to open a cabinet.,A1:train;A2_alt:train;A3:train,,,
neg_7d3f6d8d029fcd19,2K5GR,person they put a drink from a glass.,person they take a drink from a glass.,A1:val,,,
neg_7d3f89914ec2b4f3,7T6MB,person puts on shoes.,person takes off shoes.,C1:train;C2_alt:train,,,
neg_7d4bd6887c5addbf,4VCHD,the person sits in a bed.,the person sits in a chair.,A1:val;A2_alt:val;A3:val;C1:val;C2_alt:val,,,
neg_7d5f6453b2a350d3,469E8,person walks the door.,person opens the door.,A3:val,,,
neg_7d6d92b2724aca78,4J1AP,lastly the person puts a drink from a cup.,lastly the person takes a drink from a cup.,A1:test,,,
neg_7d7f5944dedd9a29,2OHTZ,person putting a laptop.,person opening a laptop.,A1:test,,,
neg_7d88bd3cfb9a3622,FL6DF,a person is closing a laptop.,a person is opening a laptop.,C1:train;C2_alt:train,,,
neg_7da5213280e7aa6c,ONMCW,person drinking the glass.,person holding the glass.,A2_alt:test,,,
neg_7daea6123d226d7c,EFADI,that same person drinks some medicine off a shelf.,that same person takes some medicine off a shelf.,A2_alt:test,,,
neg_7db4fa192a5b7571,HA8MN,person takes the paper away.,person takes the book away.,C1:train;C2_alt:train,,,
neg_7dc228505c1e1261,ABPGE,person they begin taking a glass of water.,person they begin drinking a glass of water.,A1:test,,,
neg_7de4a31270da73eb,XRU9O,person putting a sandwich.,person eating a sandwich.,A1:test,,,
neg_7de71dd376c3e942,YOCRB,person sit down in a couch.,person sit down in a chair.,A1:test;A2_alt:test;A3:test;C1:test;C2_alt:test,,,
neg_7de90a45b9781f3d,SY5QP,a person is running in the room holding a sandwich.,a person is standing in the room holding a sandwich.,A3:test,,,
neg_7dff9451ac229229,3MX8V,person taking the blanket on a shelf.,person putting the blanket on a shelf.,A1:test,,,
neg_7e001233ce6f3479,FZJTT,person takes off their shoes.,person puts on their shoes.,C1:train;C2_alt:train,,,
neg_7e01d06db55d3d61,1VRH1,person they take the book on the floor.,person they throw the book on the floor.,A1:test,,,
neg_7e0287512d1954f2,W8P6Q,person sits in a couch.,person sits in a chair.,A1:test;A2_alt:test;A3:test;C1:test;C2_alt:test,,,
neg_7e064d1a60397f19,WSZSL,the person closes the window.,the person opens the window.,C1:train;C2_alt:train,,,
neg_7e14625ee9dc5828,79YH2,person walk the door.,person open the door.,A3:val,,,
neg_7e1c1f55d8ecbeaa,MLBTH,person closes a laptop.,person opens a laptop.,A1:train;A2_alt:train;A3:train;C1:train;C2_alt:train,,,
neg_7e282a4b8b58e3b6,GK08Z,person walks the door.,person opens the door.,A3:val,,,
neg_7e30898dab9ea6d1,EHS68,another person is putting a pair of shoes.,another person is throwing a pair of shoes.,A1:test,,,
neg_7e3e483ac196c4eb,MSQA1,person opens the closet.,person opens the refrigerator.,A1:train;A2_alt:train;A3:train;C1:train;C2_alt:train,,,
neg_7e55721440a61e3a,CUHT0,a person runs into the living holding a pillow.,a person walks into the living holding a pillow.,A3:test,,,
neg_7e6f6cf023322a86,WFWTU,person opening the door behind them.,person closing the door behind them.,A1:train;A2_alt:train;A3:train;C1:train;C2_alt:train,,,
neg_7e738d498e2f4ff8,BZ5N5,the person puts two glasses from the cabinet.,the person takes two glasses from the cabinet.,A1:test,,,
neg_7e80fff4d2de2493,12XD3,the person begins putting the sandwich.,the person begins eating the sandwich.,A1:test,,,
neg_7e9c913d1d482e6d,73ZXZ,person takes the food away.,person puts the food away.,A1:test,,,
neg_7ea04f65e805cddd,6N4BD,person they open the box.,person they open the bag.,A1:train;A2_alt:train;A3:train,,,
neg_7ea63aa25ce04ee2,9YOI8,person put a drink from the cup they are holding.,person take a drink from the cup they are holding.,A1:test,,,
neg_7eb0fac4800c7001,M18XP,person they walk the door.,person they close the door.,A3:test,,,
neg_7ebc1264e72e39c5,B5VY1,person closes the refrigerator door.,person opens the refrigerator door.,A1:train;A2_alt:train;A3:train;C1:train;C2_alt:train,,,
neg_7ed05dbbd40de425,73XDD,person sits on the bed.,person sits on the couch.,A1:train;A2_alt:train;A3:train,,,
neg_7ed0a2dbfa088d98,ICQZX,the person puts a book from the wardrobe.,the person takes a book from the wardrobe.,A1:test,,,
neg_7ee2fadb150485f9,SB7CW,the person walks the cabinet door.,the person opens the cabinet door.,A3:val,,,
neg_7ee81d7d7517c335,CYLQ0,person opens the refrigerator.,person opens the cabinet.,A1:train;A2_alt:train;A3:train,,,
neg_7ee856d9f1ab9e1d,8BSG7,person open a closet.,person open a door.,A1:train;A2_alt:train;A3:train;C1:train;C2_alt:train,,,
neg_7f04680a59600d3d,6VM42,person puts a laptop from the table.,person takes a laptop from the table.,A1:val,,,
neg_7f1988cb1495b635,358JF,the person puts some water from a glass.,the person drinks some water from a glass.,A1:test,,,
neg_7f279fe4ade31bdb,SJ4QF,person drinks a glass.,person washes a glass.,A2_alt:test,,,
neg_7f5881ea5c87ef93,QWKVM,a man walks a door.,a man opens a door.,A3:test,,,
neg_7f5a792842b1ee8a,6HT0J,person taking a cup.,person holding a cup.,A1:test,,,
neg_7f5bdfc12cf2c498,EXG45,the person opens a book.,the person closes a book.,A1:train;A2_alt:train;A3:train;C1:train;C2_alt:train,,,
neg_7f68ac4e001d2017,V9XR6,person opens a door.,person opens a cabinet.,A1:train;A2_alt:train;A3:train,,,
neg_7f79dfa66d7aa6f5,3VT73,the person puts a book.,the person throws a book.,A1:test,,,
neg_7f7d67e9caf7d4c2,136V6,a person is running through a doorway.,a person is walking through a doorway.,A3:test,,,
neg_7f99369fef37f124,LBGFT,person sits on a sofa.,person sits on a chair.,A1:train;A2_alt:train;A3:train,,,
neg_7f9ea4c914fbdac6,PE41X,a person is sitting on a bed holding a broom.,a person is sitting on a chair holding a broom.,A1:train;A2_alt:train;A3:train,,,
neg_7fa1113546a95632,FK143,person they pour the medicine.,person they take the medicine.,A2_alt:test,,,
neg_7fb2242cc27c1c92,KNN3G,person puts some coffee into a glass.,person pours some coffee into a glass.,A1:val,,,
neg_7fc395fcd94402a9,9ONDD,person open the cabinet to grab eggs.,person open the refrigerator to grab eggs.,A1:train;A2_alt:train;A3:train,,,
neg_7fca5ab0640b46b2,MVPPS,a person puts a drink into a cup.,a person pours a drink into a cup.,A1:test,,,
neg_7fcb57ac9836e129,6AHD0,person pouring some food from a bowl.,person eating some food from a bowl.,A2_alt:val,,,
neg_7fd096e15815a3a1,41T8C,person takes the book on the shelf.,person puts the book on the shelf.,A1:test,,,
neg_7fe6d3859f788b48,BGX4T,person they close the cabinet.,person they close the door.,A1:train;A2_alt:train;A3:train,,,
neg_7ffe8baac227054c,EMWAP,the person quickly puts a piece of food.,the person quickly eats a piece of food.,A1:val,,,
neg_7fff02eb40d79f41,S2XJW,person sits on the chair.,person sits on the sofa.,A1:val;A2_alt:val;A3:val;C1:val;C2_alt:val,,,
neg_80089a4eb56b24e8,IDXZK,person putting a sandwich.,person eating a sandwich.,A1:test,,,
neg_800e09504333c615,57WV7,a person opens a cabinet.,a person opens a door.,A1:train;A2_alt:train;A3:train,,,
neg_800ea0900165de96,I164P,person opening the cabinet.,person opening the door.,A1:train;A2_alt:train;A3:train,,,
neg_802503c0e6c7f85a,J5CAN,person picks the book up on the couch.,person puts the book down on the couch.,C1:train;C2_alt:train,,,
neg_80421cc4b54c10ab,CQPZU,person they close the door.,person they open the door.,A1:train;A2_alt:train;A3:train;C1:train;C2_alt:train,,,
neg_804248328696eb81,B4ED1,a person is putting water into a cup.,a person is pouring water into a cup.,A1:test,,,
neg_8052ef18526e981b,PEWH4,person they put a sandwich.,person they eat a sandwich.,A1:test,,,
neg_8067dfc436163edf,I9CDV,a person is taking a sandwich at the bathroom mirror.,a person is eating a sandwich at the bathroom mirror.,A1:test,,,
neg_80866753e08eef0a,DNWCR,person begins taking off shoes.,person begins putting on shoes.,C1:train;C2_alt:train,,,
neg_80a7ccc7ce36c1bf,U4W3C,one person puts down a picture.,one person puts down a book.,C1:train;C2_alt:train,,,
neg_80b1f77fae60749c,9POJB,the person sits in a bed for a moment.,the person sits in a chair for a moment.,A1:test;A2_alt:test;A3:test;C1:test;C2_alt:test,,,
neg_80c0491ad214a220,J59UP,person sitting in a couch gets up.,person sitting in a chair gets up.,A1:test;A2_alt:test;A3:test;C1:test;C2_alt:test,,,
neg_80cc7443aabc5445,XO8NL,the person takes the pillow into the closet.,the person throws the pillow into the closet.,A1:test,,,
neg_80e4dcf824fe7b4e,UAT1F,person put the picture down.,person put the book down.,C1:train;C2_alt:train,,,
neg_80ede7cd8437d46d,5VUT9,person take a cup of coffee.,person pour a cup of coffee.,A1:test,,,
neg_80f6a810baf3828d,X4BQG,person takes some paper inside.,person puts some paper inside.,A1:test,,,
neg_811c02d5c19043d5,N7AOK,the person puts a pillow from the chair.,the person takes a pillow from the chair.,A1:val,,,
neg_813b9655ad81ee9c,9335E,a person is sitting in a couch making a sandwich.,a person is sitting in a chair making a sandwich.,A1:train;A2_alt:train;A3:train,,,
neg_8157a951cece5245,3WMV4,person taking a sandwich.,person eating a sandwich.,A1:test,,,
neg_815d4fd0ed69ec65,ULD0T,person putting a bag.,person holding a bag.,A1:test,,,
neg_8171b7405c480213,VJ0LT,the person pours the coke from the glass.,the person drinks the coke from the glass.,A2_alt:test,,,
neg_818fe1d5975645d4,C3ZJU,one person sitting in a bed is eating a sandwich.,one person sitting in a chair is eating a sandwich.,A1:train;A2_alt:train;A3:train,,,
neg_819002de5cc5a319,TS2TD,person close the first book to start.,person open the first book to start.,A1:train;A2_alt:train;A3:train;C1:train;C2_alt:train,,,
neg_8193379f2693bb19,7EJUR,a person is putting some food.,a person is cooking some food.,A1:test,,,
neg_819e6e88c055a80f,HAA4O,person opens the door.,person closes the door.,A1:train;A2_alt:train;A3:train;C1:train;C2_alt:train,,,
neg_81bc0b06f60def41,OVHFT,person puts on their shoes.,person takes off their shoes.,C1:train;C2_alt:train,,,
neg_81cc32bf8712f95f,JMCRT,a person is pouring food on the stove they.,a person is cooking food on the stove they.,A2_alt:val,,,
neg_81daf1cb84b3f9ce,HXCGX,person opens the box.,person closes the box.,A1:train;A2_alt:train;A3:train,,,
neg_81e7dfd119fbd62d,81YUE,a person is lying on a couch watching television.,a person is lying on a bed watching television.,A1:train;A2_alt:train;A3:train;C1:train;C2_alt:train,,,
neg_81edb4a335bc88a9,KWQKH,person closes the cabinet.,person closes the door.,A1:train;A2_alt:train;A3:train,,,
neg_8216a2e55cd38af8,YOVS5,person open the door.,person close the door.,A1:train;A2_alt:train;A3:train;C1:train;C2_alt:train,,,
neg_8236fe331dd20fee,KR0SH,person closes a book on the desk.,person opens a book on the desk.,A1:train;A2_alt:train;A3:train;C1:train;C2_alt:train,,,
neg_8249e3bc542e5654,R6TI2,person closes door.,person opens door.,A1:train;A2_alt:train;A3:train;C1:train;C2_alt:train,,,
neg_82504a3367defa83,RG0JH,a person is sitting on the chair.,a person is sitting on the bed.,A1:test;A2_alt:test;A3:test;C1:test;C2_alt:test,,,
neg_82709f9def4fb506,FQGW4,person takes a glass of milk.,person pours a glass of milk.,A1:test,,,
neg_827b0846f53861e8,8W829,a person is taking a sandwich on a tray.,a person is putting a sandwich on a tray.,A1:test,,,
neg_829844ce4fb7a4c5,NKLTK,person walk to a window.,person run to a window.,A3:test,,,
neg_82a402e7a35f863d,YC9FL,person walks the door behind them.,person closes the door behind them.,A3:val,,,
neg_82a80dbd45ea767b,QZ94G,person opens the book.,person closes the book.,A1:train;A2_alt:train;A3:train;C1:train;C2_alt:train,,,
neg_82a87fda8a7846d6,A21M5,the person takes the box.,the person opens the box.,A1:val,,,
neg_82a8edcd4712a5ca,9VF2C,the person quickly takes the blanket off of them.,the person quickly throws the blanket off of them.,A1:test,,,
neg_82aacc56a3db600f,5AE54,lies on the sofa when a second person walks in.,lies on the bed when a second person walks in.,C1:train;C2_alt:train,,,
neg_82b15549d0def780,DAA3F,person put some food.,person take some food.,A1:test,,,
neg_82bb2b11f51fbff2,AVL8A,person puts a book.,person opens a book.,A1:test,,,
neg_82bb8a10928c3e8c,21WN7,person takes the food on a table.,person puts the food on a table.,A1:test,,,
neg_82d6c0161c4e4b3e,DWH0T,person puts themselves a cup of water.,person pours themselves a cup of water.,A1:test,,,
neg_82e2ea5da5dc0260,GHC5X,a person pours a glass of water.,a person takes a glass of water.,A2_alt:test,,,
neg_82f06241f27db41c,WEVQH,person they begin to walk clothes from a bag.,person they begin to throw clothes from a bag.,A3:val,,,
neg_82f0660f355de998,NNZON,person b sit down on the bed.,person b sit down on the couch.,A1:train;A2_alt:train;A3:train,,,
neg_82fba9d4ed518a07,FQGW4,person poured the cup.,person put the cup.,A2_alt:test,,,
neg_83154419e3050885,RZIAJ,person opening the door.,person closing the door.,C1:train;C2_alt:train,,,
neg_831b90f650538d12,4ZSAR,person sit in a couch.,person sit in a chair.,A1:val;A2_alt:val;A3:val;C1:val;C2_alt:val,,,
neg_832fa1bac3206132,2FL0X,person opens the cabinet.,person opens the door.,A1:train;A2_alt:train;A3:train,,,
neg_833104c9f19f8bc7,78SO8,person opens the closet to their pantry.,person opens the door to their pantry.,A1:train;A2_alt:train;A3:train;C1:train;C2_alt:train,,,
neg_8340af37092cede8,1BGZ0,person they walk to the door.,person they run to the door.,A3:test,,,
neg_834990f8ddcd8d1f,S2XJW,person starts putting some food.,person starts eating some food.,A1:val,,,
neg_835ac33368f2bf3f,KQDX6,person walks a door.,person opens a door.,A3:test,,,
neg_83730eb6c04253af,IGZZG,person putting a book.,person reading a book.,A1:test,,,
neg_8377e7fe5da9cfb4,30K2N,a person walks into a garage.,a person runs into a garage.,A3:test,,,
neg_8387a3a3f17fd394,ICXAE,a person is sitting in a bed with food.,a person is sitting in a chair with food.,A1:train;A2_alt:train;A3:train,,,
neg_838c062d863d6ae2,3CIVD,person pouring some food.,person eating some food.,A2_alt:val,,,
neg_83905271e03bb15b,TAQ25,the person takes the laptop.,the person closes the laptop.,A1:test,,,
neg_83908617f6117201,5DYQR,a person opens a door.,a person opens a cabinet.,A1:train;A2_alt:train;A3:train,,,
neg_83a52e0b86dea78e,5M9JX,person is pouring water from a glass.,person is drinking water from a glass.,C1:train;C2_alt:train,,,
neg_83b675f6599152ae,JQRMQ,a person walks a door.,a person opens a door.,A3:test,,,
neg_83bc9090f8e8209d,MZZ8Q,person puts a pair of shoes toward a sofa.,person throws a pair of shoes toward a sofa.,A1:test,,,
neg_83c0b6dafebc14b7,IF4Y9,the person opens the window.,the person closes the window.,A1:train;A2_alt:train;A3:train;C1:train;C2_alt:train,,,
neg_83cc7cb374896b72,XO97L,a person sits on a chair with a blanket.,a person sits on a sofa with a blanket.,A1:val;A2_alt:val;A3:val;C1:val;C2_alt:val,,,
neg_83f5c70a29a56d2d,QUGLP,person closes the door.,person opens the door.,A1:train;A2_alt:train;A3:train;C1:train;C2_alt:train,,,
neg_84113e9459148dc2,CJ58B,person puts some food from a bag of groceries.,person takes some food from a bag of groceries.,A1:val,,,
neg_84263b1057a6a74a,P8G8V,person they casually put a cup of coffee.,person they casually drink a cup of coffee.,A1:test,,,
neg_8429ccb0230cabeb,1J3I0,one person opens a laptop.,one person closes a laptop.,A1:train;A2_alt:train;A3:train;C1:train;C2_alt:train,,,
neg_84440ed07a535129,4BEZX,person they sit down in a couch.,person they sit down in a chair.,A1:test;A2_alt:test;A3:test;C1:test;C2_alt:test,,,
neg_845c53ca9800a32b,ZAJAJ,person holding a blanket.,person holding a pillow.,A1:train;A2_alt:train;A3:train;C1:train;C2_alt:train,,,
neg_8473183be2203b45,WNYV6,person they open a door.,person they open a cabinet.,A1:train;A2_alt:train;A3:train,,,
neg_848c8477a7ac8dec,XRU9O,person puts a sandwich.,person eats a sandwich.,A1:test,,,
neg_849a4733ac6cdea0,O1LMX,the person takes the book away.,the person puts the book away.,A1:test,,,
neg_84a203bef2c5ddab,RSG1C,person opens the refrigerator.,person opens the cabinet.,A1:train;A2_alt:train;A3:train,,,
neg_84a4e03efa9a02f1,NL9AW,person putting their food.,person holding their food.,A1:test,,,
neg_84a72a75be907780,IAHN3,person the other puts a picture with their camera.,person the other takes a picture with their camera.,A1:test,,,
neg_84a87a7b4accaea8,J1RLO,person they close the cabinet.,person they close the door.,A1:train;A2_alt:train;A3:train,,,
neg_84b68a5b74a43e44,KJRR9,a person walks a door.,a person opens a door.,A3:test,,,
neg_84bd6aee45bcbdea,O9WFN,a person is  closing a door.,a person is  opening a door.,A1:train;A2_alt:train;A3:train;C1:train;C2_alt:train,,,
neg_84cbbe6de2351d5c,WGZ29,the person is sitting on the chair.,the person is sitting on the bed.,A1:train;A2_alt:train;A3:train,,,
neg_84dbe268fe6f47fe,8H570,a person is putting junk food.,a person is eating junk food.,A1:test,,,
neg_84e9f2fa318e1f50,3QGLU,person walks the refrigerator door.,person opens the refrigerator door.,A3:val,,,
neg_84ee1487dafb3d7b,TKAUR,person puts a cup of coffee off of the counter.,person takes a cup of coffee off of the counter.,A1:test,,,
neg_84f71561858a842c,Y25DQ,a person closes a door.,a person opens a door.,A1:train;A2_alt:train;A3:train;C1:train;C2_alt:train,,,
neg_84ffcb62f913f2a3,75AX5,person closes the door.,person opens the door.,A1:train;A2_alt:train;A3:train;C1:train;C2_alt:train,,,
neg_85003e2ae141fa49,C9HLB,this person opens the laptop.,this person closes the laptop.,A1:train;A2_alt:train;A3:train;C1:train;C2_alt:train,,,
neg_8505ce4a1d65a0ff,AWN1C,person puts a drink from a cup.,person takes a drink from a cup.,A1:test,,,
neg_851309458d6d54fd,7L3DI,a person is sitting on the bed.,a person is sitting on the sofa.,A1:val;A2_alt:val;A3:val;C1:val;C2_alt:val,,,
neg_852defebfde93ad1,GFVSV,person take the book.,person open the book.,A1:val,,,
neg_85533e3a322e9744,IFO3G,a person is sitting on a couch they.,a person is sitting on a bed they.,A1:train;A2_alt:train;A3:train,,,
neg_8554a1acfb2c3cfe,GH19N,a person walks a door holding a book.,a person opens a door holding a book.,A3:test,,,
neg_85715e0bb33f556d,1B9DK,person the one putting a bag just watches.,person the one holding a bag just watches.,A1:test,,,
neg_85762752e3a68e79,7L18C,person sitting on the couch looking at his laptop.,person sitting on the bed looking at his laptop.,A1:train;A2_alt:train;A3:train,,,
neg_857b2101238c4aeb,W8CWW,a person walks a door.,a person opens a door.,A3:test,,,
neg_857e3d8aa689f0eb,JQ2SN,a person is sitting on a chair eating a sandwich.,a person is sitting on a bed eating a sandwich.,A1:train;A2_alt:train;A3:train,,,
neg_858bd2ba4ac9a4cd,OC6YU,person sits in a couch.,person sits in a chair.,A1:train;A2_alt:train;A3:train,,,
neg_85a91527c6d63115,4J1AP,lastly the person pours a drink from a cup.,lastly the person takes a drink from a cup.,A2_alt:test,,,
neg_85ac28459e18ae2c,SCTNB,a person opens the cabinet.,a person opens the door.,A1:train;A2_alt:train;A3:train,,,
neg_85be962ba66b7a68,TJJKK,person eating on the sofa.,person eating on the bed.,A1:test;A2_alt:test;A3:test;C1:test;C2_alt:test,,,
neg_85c6d072aa036019,120YL,the person sits down in a couch.,the person sits down in a chair.,A1:test;A2_alt:test;A3:test;C1:test;C2_alt:test,,,
neg_85cc12404acf39dc,XP305,a person is sitting down on a couch.,a person is sitting down on a chair.,A1:train;A2_alt:train;A3:train,,,
neg_85d222c731890929,1IIS5,person opening the cabinet.,person opening the refrigerator.,A1:train;A2_alt:train;A3:train,,,
neg_85dac93d25728cb7,JKWJ6,a person is lying on the bed watching television.,a person is lying on the couch watching television.,A1:test;A2_alt:test;A3:test;C1:test;C2_alt:test,,,
neg_85df1bac28b2c69b,3LLXX,a person is pouring a cup.,a person is holding a cup.,A2_alt:val,,,
neg_85e6062dfa542b84,I7GZI,person a girl walks into the room.,person a girl runs into the room.,A3:test,,,
neg_85f859ffb19129c0,65UVU,a person walks the door to the bedroom.,a person opens the door to the bedroom.,A3:test,,,
neg_86077dd4f34d797a,VNQTH,a person is taking clothes on the shelf.,a person is putting clothes on the shelf.,A1:test,,,
neg_8614963330f2c34a,ZQKVY,a person walks into the bedroom.,a person runs into the bedroom.,A3:test,,,
neg_863c40af80fb942b,30I35,person poured a drink from the glass.,person took a drink from the glass.,A2_alt:test,,,
neg_8647cea22ca3cd1d,RSG1C,one person puts a box in a cabinet.,one person puts a bag in a cabinet.,C1:train;C2_alt:train,,,
neg_86491c2a5531ad84,U7Z37,person closing the cabinet on the stove.,person closing the door on the stove.,A1:train;A2_alt:train;A3:train,,,
neg_8651ecc37d576c8e,MIAE4,person run through a doorway.,person walk through a doorway.,A3:test,,,
neg_865645e2018ec003,OTUV7,a person is in a office pouring food.,a person is in a office eating food.,A2_alt:test,,,
neg_86618253f2b35131,L3ZRP,the person puts some piece of food.,the person eats some piece of food.,A1:test,,,
neg_8671175313e495e5,EF7Q9,person they drink the glass.,person they take the glass.,A2_alt:test,,,
neg_86882519716534b0,6PL9Z,person takes a picture.,person takes a book.,C1:train;C2_alt:train,,,
neg_868cbbe864208b25,WC5QK,person they sit in a couch.,person they sit in a chair.,A1:test;A2_alt:test;A3:test;C1:test;C2_alt:test,,,
neg_868df6e1dd5db501,XYGU1,person closes the book.,person opens the book.,A1:train;A2_alt:train;A3:train;C1:train;C2_alt:train,,,
neg_86aee1dc830fc0ec,CBXVQ,person closes up a cabinet.,person opens up a cabinet.,A1:train;A2_alt:train;A3:train,,,
neg_86af7b612c1cbd0e,MY5CQ,person opens laptop.,person closes laptop.,A1:train;A2_alt:train;A3:train;C1:train;C2_alt:train,,,
neg_86b4d0c088c48f2e,YACA8,person walking clothes.,person putting clothes.,A3:test,,,
neg_86bb325186456a9c,8N4O9,person walks a door.,person opens a door.,A3:test,,,
neg_86bf106413874a65,1QP1S,a person is taking a sandwich.,a person is eating a sandwich.,A1:test,,,
neg_86c33ffac2a67983,TW6NZ,a person is sitting on a chair.,a person is sitting on a sofa.,A1:train;A2_alt:train;A3:train,,,
neg_86c9d7cc28a9b9e2,XJ4T3,person opens the closet.,person opens the door.,C1:train;C2_alt:train,,,
neg_86d0fd8cb519dd03,RH44U,person takes a paper off the shelf.,person takes a book off the shelf.,C1:train;C2_alt:train,,,
neg_86dd05edb63d5c0c,DD3Q1,person sitting on the bed.,person sitting on the couch.,A1:test;A2_alt:test;A3:test;C1:test;C2_alt:test,,,
neg_870f1a88eaefd180,7KEON,person they put a picture on the floor.,person they put a book on the floor.,C1:train;C2_alt:train,,,
neg_8720ba16d4059e0d,DMO76,person they took their phone onto the sofa.,person they put their phone onto the sofa.,A1:test,,,
neg_8729e648a7e46ef9,450TW,a person sitting on the bed opens a book.,a person sitting on the couch opens a book.,A1:train;A2_alt:train;A3:train,,,
neg_8731520a346ce4ff,J2XFQ,person put a sandwich.,person eat a sandwich.,A1:test,,,
neg_8734e5900d1bd673,1F4JZ,one person pours some medicine.,one person takes some medicine.,A2_alt:test,,,
neg_8735f27929d29ce2,297S4,person walks door behind them.,person closes door behind them.,A3:val,,,
neg_87463e00db8211d6,UFVO8,a person opens a closet.,a person opens a door.,A1:train;A2_alt:train;A3:train;C1:train;C2_alt:train,,,
neg_8751f02f1b3103f0,7W66P,person sits back on the bed.,person sits back on the couch.,A1:train;A2_alt:train;A3:train,,,
neg_875991c35c01a2d4,K21RO,person opened the cupboard door.,person closed the cupboard door.,A1:train;A2_alt:train;A3:train;C1:train;C2_alt:train,,,
neg_8774fb11c5b94f58,ZL3QP,a person is walking the pantry door.,a person is opening the pantry door.,A3:test,,,
neg_8780bb28e8cb34b5,QGQGZ,a person opens the closet into the kitchen.,a person opens the door into the kitchen.,A1:train;A2_alt:train;A3:train;C1:train;C2_alt:train,,,
neg_87aa364a5ba844eb,LLRKS,a person puts a cup of coffee.,a person pours a cup of coffee.,A1:test,,,
neg_87adfd2be6d7ac31,5RY3S,the person puts a sandwich.,the person holds a sandwich.,A1:val,,,
neg_87b1f84077e64956,LDNE2,person puts a book from the table.,person takes a book from the table.,A1:test,,,
neg_87b62e897bd98ba8,G2QBV,the person puts a water bottle.,the person takes a water bottle.,A1:test,,,
neg_87c6dfb38ab9133c,FC2SK,another person walks the door.,another person opens the door.,A3:test,,,
neg_87d7fe857ed5c177,7W66P,person sit down on a bed.,person sit down on a sofa.,A1:train;A2_alt:train;A3:train,,,
neg_87e42f2230f42f01,B71ZJ,person puts a box.,person opens a box.,A1:val,,,
neg_87f6f9bca20902c0,UDGP2,a person closes a refrigerator door.,a person opens a refrigerator door.,C1:train;C2_alt:train,,,
neg_87fce2824ed7bfcf,F8SNW,person sitting on a bed.,person sitting on a chair.,A1:train;A2_alt:train;A3:train,,,
neg_88195a72cba58b4d,KWHPI,the person walks the open door behind them.,the person closes the open door behind them.,A3:test,,,
neg_881ed8bda77a5f38,LECWG,person closing a door.,person opening a door.,A1:train;A2_alt:train;A3:train;C1:train;C2_alt:train,,,
neg_884b7ad924967070,TFWNO,person putting a towel on the floor.,person throwing a towel on the floor.,A1:test,,,
neg_885a78ca643dd26e,LLT3E,person they run through a doorway.,person they walk through a doorway.,A3:test,,,
neg_88ad6ba95fba0bba,AK9PN,the person is putting a vacuum.,the person is holding a vacuum.,A1:test,,,
neg_88b15677c66da4af,7MRKY,person take a laptop.,person close a laptop.,A1:test,,,
neg_88b3f85fffbedee1,QJM3B,person puts the book.,person closes the book.,A1:test,,,
neg_88c47593a474a609,Y44TV,one person puts a pillow.,one person takes a pillow.,A1:test,,,
neg_88e6de2107028736,GUCB4,the person takes the glass of water.,the person drinks the glass of water.,A1:val,,,
neg_88e87a3a8f80c02b,EJIKG,person takes a paper from a box.,person takes a book from a box.,C1:train;C2_alt:train,,,
neg_88fa00df96aad81a,V70F7,person opens the door.,person closes the door.,C1:train;C2_alt:train,,,
neg_88fc1b18e67f45b6,W5YUE,person drinking a glass in the sink.,person washing a glass in the sink.,A2_alt:test,,,
neg_890bce28ffb7e4a6,REWLB,person pouring food from a plate.,person eating food from a plate.,A2_alt:test,,,
neg_8925e855687c2d23,1GGRY,person walked the closet door.,person closed the closet door.,A3:test,,,
neg_894c500dc8a0b2ce,Q1K00,a person closes the door.,a person opens the door.,C1:train;C2_alt:train,,,
neg_898a9d4745669264,G2JR9,a person taking a light.,a person fixing a light.,A1:test,,,
neg_899ae4cd1a17c788,I68J0,person takes a paper from the shelf.,person takes a book from the shelf.,C1:train;C2_alt:train,,,
neg_89b2146d99684650,92Q8F,a person awakens on a couch.,a person awakens on a bed.,A1:train;A2_alt:train;A3:train;C1:train;C2_alt:train,,,
neg_89b6064118eaa2fb,5G9SV,person takes a picture on a shelf.,person puts a picture on a shelf.,A1:val,,,
neg_89bb6333b583b521,OWS57,person closes a window.,person opens a window.,C1:train;C2_alt:train,,,
neg_89d0f83dbe5de116,HSWPR,a person is taking a glass on a bedside shelf.,a person is putting a glass on a bedside shelf.,A1:test,,,
neg_89de18175c00fcc8,XJU8U,a person opens the closet.,a person opens the door.,A1:train;A2_alt:train;A3:train;C1:train;C2_alt:train,,,
neg_89f42f048eb29655,W0624,person opens the door.,person opens the cabinet.,A1:train;A2_alt:train;A3:train,,,
neg_8a2ddaddc049d3a7,KB916,person taking a towel.,person holding a towel.,A1:test,,,
neg_8a32bd666068e7d1,ME4YL,person they put a laptop.,person they open a laptop.,A1:test,,,
neg_8a3f7f3ed6bcba7b,GL7E6,person they put the medicine.,person they take the medicine.,A1:test,,,
neg_8a5ae5bcfaa434b8,21WN7,person pouring food.,person eating food.,A2_alt:test,,,
neg_8a6555ccf5cbb40a,AZPOX,a person is taking a towel.,a person is holding a towel.,A1:test,,,
neg_8a74e926fa924f16,D0E8H,person they begin putting a sandwich.,person they begin eating a sandwich.,A1:val,,,
neg_8a92157013cc7d3c,MCHRP,person walks the door.,person opens the door.,A3:val,,,
neg_8aadb1556342438a,D4D2T,person takes a sandwich.,person eats a sandwich.,A1:test,,,
neg_8abbc7906b74a577,0KZYF,a person is taking a sandwich.,a person is eating a sandwich.,A1:test,,,
neg_8ad772c57949c4a0,0FVYR,a person closes a door.,a person opens a door.,A1:train;A2_alt:train;A3:train;C1:train;C2_alt:train,,,
neg_8ae6547e3becdeab,1QP1S,a person pours some food.,a person eats some food.,A2_alt:test,,,
neg_8ae7a22f931e4d93,B71ZJ,person takes a bottle of medicine on the table.,person puts a bottle of medicine on the table.,A1:val,,,
neg_8af5aadb5370b402,QRSRE,the person is putting a bottle of water.,the person is drinking a bottle of water.,A1:test,,,
neg_8b06507e81d7d6ec,Y9SMX,person closing the door of the refrigerator in a kitchen.,person opening the door of the refrigerator in a kitchen.,A1:train;A2_alt:train;A3:train;C1:train;C2_alt:train,,,
neg_8b2a7e7fc32b0a30,8X49S,person takes a sandwich.,person eats a sandwich.,A1:val,,,
neg_8b2e2116142f6e81,L0CK7,person sits on the sofa.,person sits on the bed.,A1:train;A2_alt:train;A3:train,,,
neg_8b308104dc9f0472,J4QHT,a person through a doorway walks to a cabinet.,a person through a doorway walks to a closet.,A3:test,,,
neg_8b3cf612d2649a0a,HC62A,a person sits in a couch.,a person sits in a chair.,A1:train;A2_alt:train;A3:train,,,
neg_8b4562ab8a4d700f,E780X,a person takes shoes on the floor.,a person puts shoes on the floor.,A1:val,,,
neg_8b4aa7349018ed38,S7PLQ,the person opens the refrigerator door.,the person closes the refrigerator door.,A1:train;A2_alt:train;A3:train;C1:train;C2_alt:train,,,
neg_8b7ec206545e3ebc,0LHWF,a person sits in a couch.,a person sits in a chair.,A1:test;A2_alt:test;A3:test;C1:test;C2_alt:test,,,
neg_8b8f0a5dcd7619bd,USNFB,person closes door.,person opens door.,A1:train;A2_alt:train;A3:train;C1:train;C2_alt:train,,,
neg_8ba78e62b15b614a,G4MNO,person closes a door.,person opens a door.,A1:train;A2_alt:train;A3:train;C1:train;C2_alt:train,,,
neg_8bbccc456b7fbd4c,C69Y1,a person opens a door.,a person opens a cabinet.,A1:train;A2_alt:train;A3:train,,,
neg_8bc0f4c3826a8f2b,ZWPS3,person sit on a bed.,person sit on a chair.,A1:val;A2_alt:val;A3:val;C1:val;C2_alt:val,,,
neg_8bcc3b3dab10d4c9,VGPCG,person closing the cabinet behind them.,person closing the door behind them.,A1:train;A2_alt:train;A3:train,,,
neg_8bde2d0c1c041cf8,2FL0X,person opens the closet.,person opens the door.,C1:train;C2_alt:train,,,
neg_8c009b2c9f24ed60,FFYL6,a person takes a broom inside a closet.,a person puts a broom inside a closet.,A1:test,,,
neg_8c1001f6242e7239,DQFF2,the person closes a window.,the person opens a window.,A1:train;A2_alt:train;A3:train;C1:train;C2_alt:train,,,
neg_8c2571a7bd1b90ad,DQGYG,a person sits on a bed.,a person sits on a chair.,A1:train;A2_alt:train;A3:train,,,
neg_8c45fa2743753f80,VINM0,a person is taking shoes.,a person is holding shoes.,A1:test,,,
neg_8c4d9a8d6f62bda5,JVLAZ,person is lying on sofa sneezing.,person is lying on bed sneezing.,A1:test;A2_alt:test;A3:test;C1:test;C2_alt:test,,,
neg_8c51b07b7de0f0f9,7O6FK,a person takes a blanket down the stairs.,a person throws a blanket down the stairs.,A1:test,,,
neg_8c5ec667c4448a7d,DQ46N,a person sits in a couch in the kitchen.,a person sits in a chair in the kitchen.,A1:train;A2_alt:train;A3:train,,,
neg_8c774a0cc6b2ac33,H26YY,person takes a piece of food from one of them.,person eats a piece of food from one of them.,A1:val,,,
neg_8c8a0ca62286a962,ZWPS3,a person runs through a doorway holding a bottle.,a person walks through a doorway holding a bottle.,A3:val,,,
neg_8c8ab7e3dbd58b61,C5LCU,person closes a laptop.,person opens a laptop.,A1:train;A2_alt:train;A3:train;C1:train;C2_alt:train,,,
neg_8c8da403935ffb9f,FU7HP,person takes the laptop on top of it.,person puts the laptop on top of it.,A1:val,,,
neg_8c8ef97b7d322ed5,D6MZ4,person pours a drink from a glass.,person takes a drink from a glass.,A2_alt:test,,,
neg_8c97f10ff2d1582b,RKJ0C,a person walks a door.,a person closes a door.,A3:test,,,
neg_8cabb577e8be71bc,8M1TG,person another opens the door.,person another closes the door.,A1:train;A2_alt:train;A3:train;C1:train;C2_alt:train,,,
neg_8cb038e4fab7e5ca,30I35,person put a drink from the glass.,person took a drink from the glass.,A1:test,,,
neg_8cb8a3ea85276c0d,LCLLN,person putting some water from a glass.,person drinking some water from a glass.,A1:test,,,
neg_8ce22fd3e8079bfa,WSZSL,person closes a window.,person opens a window.,A1:train;A2_alt:train;A3:train;C1:train;C2_alt:train,,,
neg_8cf9adfdbe8c8005,ETS92,person they open another closet.,person they open another door.,A1:train;A2_alt:train;A3:train;C1:train;C2_alt:train,,,
neg_8cfd14b5fec631a4,D04GX,person taking a sandwich.,person eating a sandwich.,A1:test,,,
neg_8cfe01c3c03b0d6b,LKNZD,a person is walking clothes on the floor.,a person is throwing clothes on the floor.,A3:test,,,
neg_8d1046f17fb3b0a3,4KK20,person taking a box.,person opening a box.,A1:test,,,
neg_8d3af5d91446d707,DMO76,this person walks into the other room.,this person runs into the other room.,A3:test,,,
neg_8d3fdc9307723e59,BM3UJ,a person walks the door to their study.,a person opens the door to their study.,A3:test,,,
neg_8d49991ffb7bbbf2,D7W4E,a person pours a coffee cup on a shelf.,a person puts a coffee cup on a shelf.,A2_alt:test,,,
neg_8d50e65ede3d4b4b,Z9THH,the person puts a backpack/bag from a bed.,the person takes a backpack/bag from a bed.,A1:val,,,
neg_8d5463274a698efd,3R4DD,person sit down in a bed.,person sit down in a chair.,A1:test;A2_alt:test;A3:test;C1:test;C2_alt:test,,,
neg_8d54dcca33197511,S1XW9,person opening the doorknob.,person closing the doorknob.,A1:train;A2_alt:train;A3:train;C1:train;C2_alt:train,,,
neg_8d730a95bd80df5a,UR5TU,person walks the door.,person closes the door.,A3:test,,,
neg_8d76e02dc75b8659,VNMNF,person sits down in a bed.,person sits down in a chair.,A1:test;A2_alt:test;A3:test;C1:test;C2_alt:test,,,
neg_8d823b39d64f2181,AZC1I,person sit in the bed.,person sit in the chair.,A1:train;A2_alt:train;A3:train,,,
neg_8d9a3e13b6da85ec,OB660,person takes a blanket off of them.,person throws a blanket off of them.,A1:test,,,
neg_8d9edcdfcd54ec96,NYXJ6,person sitting on the sofa.,person sitting on the chair.,A1:train;A2_alt:train;A3:train,,,
neg_8da29492d463b415,XPDI1,this person walks into the room with a cup.,this person runs into the room with a cup.,A3:val,,,
neg_8db54daf3dc8d818,129SP,person closes the cabinet.,person closes the door.,A1:train;A2_alt:train;A3:train,,,
neg_8dbcbd7b695d5318,013SD,a person takes a box on a bed.,a person puts a box on a bed.,A1:val,,,
neg_8dc3676712c01a7a,KZODG,the person puts a laptop on the coffee table.,the person closes a laptop on the coffee table.,A1:val,,,
neg_8dc8e572e9855c78,JCWVV,person puts the picture on the table.,person puts the book on the table.,C1:train;C2_alt:train,,,
neg_8ddf19655e0f88f2,L1Z8A,a person is sitting on a chair.,a person is sitting on a couch.,A1:train;A2_alt:train;A3:train,,,
neg_8df919394b5cdd3c,CPFLM,the person starts walking clothes onto a chair.,the person starts throwing clothes onto a chair.,A3:val,,,
neg_8e3292e56db1ede9,D9PWE,a person runs a vacuum.,a person takes a vacuum.,A3:test,,,
neg_8e3c2bb2847f7f0e,W65SM,a person is drinking a pouring water into a glass.,a person is sitting a pouring water into a glass.,A2_alt:test,,,
neg_8e3f11943e1aac9a,FDDDG,person puts a phone.,person takes a phone.,A1:test,,,
neg_8e54b15aede916ef,EMV0A,person sits in a bed.,person sits in a chair.,A1:val;A2_alt:val;A3:val;C1:val;C2_alt:val,,,
neg_8e5addbcb60c7cf7,0CG15,person he opens a door.,person he opens a cabinet.,A1:train;A2_alt:train;A3:train,,,
neg_8e6036e569f4ee7f,ESTFR,person puts on their shoes.,person takes off their shoes.,C1:train;C2_alt:train,,,
neg_8e6eb040b2876b48,TS2DM,person taking a cell phone.,person holding a cell phone.,A1:test,,,
neg_8e730efda26faea5,2YO6G,person they close the cabinet.,person they close the door.,A1:train;A2_alt:train;A3:train,,,
neg_8e7e70c37d948e8e,LLTBQ,person putting a towel.,person holding a towel.,A1:test,,,
neg_8e81fae44774f181,AT9UV,person begin to sit on the bed.,person begin to sit on the couch.,A1:test;A2_alt:test;A3:test;C1:test;C2_alt:test,,,
neg_8e82864c74e929a8,CGPBZ,person puts on her shoes.,person takes off her shoes.,C1:train;C2_alt:train,,,
neg_8e84759d43a0dc67,VXF18,the person sits down on the chair.,the person sits down on the couch.,A1:train;A2_alt:train;A3:train,,,
neg_8e86c2c3a8d811aa,S2XJW,person starts pouring some food.,person starts eating some food.,A2_alt:val,,,
neg_8e9207ecefd63d06,QF1Y0,person is walking door with bag.,person is opening door with bag.,A3:test,,,
neg_8eabb60a7bcb4439,3W1GP,person take the bag.,person open the bag.,A1:test,,,
neg_8eacb95f6f1e7e6a,4MGUQ,a person is putting dishes.,a person is washing dishes.,A1:val,,,
neg_8eb1aa84ee7a62d3,ZZ3HT,person walk over to a door take a towel out.,person walk over to a cabinet take a towel out.,A3:test,,,
neg_8eb6a7b2f7e06417,I164P,person closing the door.,person opening the door.,A1:train;A2_alt:train;A3:train;C1:train;C2_alt:train,,,
neg_8ecb4bc87c8401f3,WT46G,person drinking a coffee cup.,person holding a coffee cup.,A2_alt:test,,,
neg_8ed3889fef59895a,EMWAP,the person quickly takes a piece of food.,the person quickly eats a piece of food.,A1:val,,,
neg_8ed618e5b0f2e9f5,0HR01,a person walks a pantry door.,a person opens a pantry door.,A3:test,,,
neg_8edc81d22bd21288,IST7I,person takes some food.,person eats some food.,A1:val,,,
neg_8ee9cc54b467f080,TRVEA,person taking the pillow on the floor.,person throwing the pillow on the floor.,A1:test,,,
neg_8ef3212a60c92fb8,0O6RK,the person walks the door.,the person closes the door.,A3:test,,,
neg_8ef616c325e39150,NVBBD,a person walks a door by grasping a doorknob.,a person opens a door by grasping a doorknob.,A3:val,,,
neg_8f1689dcc9d43cf8,9O0HH,person starts running them in the kitchen.,person starts eating them in the kitchen.,A3:val,,,
neg_8f1ad81530586ac2,1WJ6O,a person is opening a closet.,a person is opening a door.,A1:train;A2_alt:train;A3:train;C1:train;C2_alt:train,,,
neg_8f2d0c38380d2012,ZNQVC,person walking the door.,person closing the door.,A3:test,,,
neg_8f465cf68a064ad6,P8UT3,person open the door.,person close the door.,A1:train;A2_alt:train;A3:train;C1:train;C2_alt:train,,,
neg_8f50b865af553321,95GB4,person running with a phone.,person playing with a phone.,A3:test,,,
neg_8f6a7ca3c6786f2d,KKGJ8,a person is sitting on a couch.,a person is sitting on a chair.,A1:train;A2_alt:train;A3:train,,,
neg_8f7d51ae611fd585,50TLF,one person puts a bottle of medicine from a box.,one person takes a bottle of medicine from a box.,A1:val,,,
neg_8facd896b054cd90,DZDD2,a person opens a door.,a person opens a cabinet.,A1:train;A2_alt:train;A3:train,,,
neg_8fbb96b9099ec001,0UPBN,person lies down on a couch behind them.,person lies down on a bed behind them.,A1:test;A2_alt:test;A3:test;C1:test;C2_alt:test,,,
neg_8fc64de390b29c73,I9CDV,a person is putting a sandwich at the bathroom mirror.,a person is eating a sandwich at the bathroom mirror.,A1:test,,,
neg_8ffd7281d89d712c,FAJEA,person they pour some medicine.,person they take some medicine.,A2_alt:test,,,
neg_900e2335caf6e4f7,LOH86,person running with a camera in their hand.,person playing with a camera in their hand.,A3:val,,,
neg_900f739313b04efa,FU7HP,person walks the refrigerator door.,person opens the refrigerator door.,A3:val,,,
neg_9011ae82d3984518,W74ZY,person sits on chair.,person sits on couch.,A1:train;A2_alt:train;A3:train,,,
neg_90273c67420ee208,9IT59,a person is throwing a pillow.,a person is holding a pillow.,A1:train;A2_alt:train;A3:train;C1:train;C2_alt:train,,,
neg_902a7683c23bfd22,5XA4R,person to go sit on a chair.,person to go sit on a couch.,A1:train;A2_alt:train;A3:train,,,
neg_903e6c3f003456ea,ZS7X6,person takes a book out of the box.,person takes a picture out of the box.,C1:train;C2_alt:train,,,
neg_9041cd18aab756d8,HZXXN,person opens a door.,person opens a cabinet.,A1:train;A2_alt:train;A3:train,,,
neg_906fb7b24a089ebe,I52A6,a person takes a glass of water.,a person drinks a glass of water.,A1:test,,,
neg_907dca0169fc5bff,W8P6Q,the person sits in a couch.,the person sits in a chair.,A1:test;A2_alt:test;A3:test;C1:test;C2_alt:test,,,
neg_909a3891ed55ac50,WZZPC,person they start to walk a door.,person they start to open a door.,A3:test,,,
neg_90a3d755102ea535,S06H3,a person pours some food on a shelf.,a person puts some food on a shelf.,A2_alt:test,,,
neg_90ab60ec89f23c07,BEAAA,the person puts their jacket.,the person undresses their jacket.,A1:test,,,
neg_90b2b6fd6f7bc40e,OQ54Y,a person walks a refrigerator door.,a person opens a refrigerator door.,A3:test,,,
neg_90ce75e9588c6773,IBIWF,a person is running with their camera.,a person is playing with their camera.,A3:val,,,
neg_90f0d88e67867709,QWKVM,one person walks the door.,one person opens the door.,A3:test,,,
neg_90f6904c0aba61f6,21WN7,a person sitting in a bed eating something.,a person sitting in a chair eating something.,A1:test;A2_alt:test;A3:test;C1:test;C2_alt:test,,,
neg_90fa22d27d74fc54,QXBTG,a person put a box.,a person opened a box.,A1:val,,,
neg_910174ac7a197135,Q1K00,person puts on shoes.,person takes off shoes.,C1:train;C2_alt:train,,,
neg_910420d7533cb92b,E8JEJ,person walks a door.,person closes a door.,A3:test,,,
neg_910b39c8d30b0879,3IS9Y,person put a wooden box twice.,person closed a wooden box twice.,A1:test,,,
neg_9112079af6010720,EEGGA,person sits in couch.,person sits in chair.,A1:test;A2_alt:test;A3:test;C1:test;C2_alt:test,,,
neg_9114b575fafd97c3,AXS82,person opens the closet to look in.,person opens the refrigerator to look in.,C1:train;C2_alt:train,,,
neg_91160c761f7fa922,1YH1Y,a person opens a box.,a person opens a bag.,A1:train;A2_alt:train;A3:train,,,
neg_9126b619bf00e3c2,3O6KD,the person sits on the sofa.,the person sits on the bed.,A1:train;A2_alt:train;A3:train,,,
neg_912f3acb112e4962,BIQGN,the person takes a towel on a shelf.,the person puts a towel on a shelf.,A1:test,,,
neg_914abfdd2389cd58,MSN1B,person putting a phone.,person holding a phone.,A1:val,,,
neg_914d03ab1088e163,7MRKY,the person puts a laptop that is sitting open.,the person closes a laptop that is sitting open.,A1:test,,,
neg_914de3ec85a81706,FYHTC,person walks the door.,person opens the door.,A3:test,,,
neg_915c78ce4d19f690,J12SC,person closes a box.,person opens a box.,A1:train;A2_alt:train;A3:train,,,
neg_916f34dbfb9d748d,D2VU8,person picks up the book.,person puts down the book.,C1:train;C2_alt:train,,,
neg_917d4b36c41f00b1,8WJIR,a person sits on the chair watching television.,a person sits on the bed watching television.,A1:train;A2_alt:train;A3:train,,,
neg_917dce516e2e5457,GKSL2,the person sits in a bed eating a snack.,the person sits in a chair eating a snack.,A1:train;A2_alt:train;A3:train,,,
neg_9184a51be39a5e82,0VQQL,person close the door.,person open the door.,A1:train;A2_alt:train;A3:train;C1:train;C2_alt:train,,,
neg_918d4184605df892,8M1TG,person another closes the cabinet.,person another closes the door.,A1:train;A2_alt:train;A3:train,,,
neg_91a957c48307a9bd,5N7EW,the person opened a cabinet.,the person opened a door.,A1:train;A2_alt:train;A3:train,,,
neg_91b9485f6616f9f7,XK0QV,person taking a glass of water.,person drinking a glass of water.,A1:test,,,
neg_91bad8b5dc5c5640,9JZO2,a person takes some food.,a person eats some food.,A1:test,,,
neg_91bd65e17eae0700,Q0IHP,person puts a drink from a glass.,person takes a drink from a glass.,A1:test,,,
neg_91bd92921e75c7ab,00X3U,person walking the closet door behind them.,person shutting the closet door behind them.,A3:val,,,
neg_91bea144b7e71eb6,RQRRD,a person walks into the the living room.,a person runs into the the living room.,A3:test,,,
neg_91c999633b391850,DTUJD,person walks a closet door.,person opens a closet door.,A3:val,,,
neg_91e13033c6f103da,UUF84,person pour some food.,person eat some food.,A2_alt:test,,,
neg_91e4436644afed50,88TGX,a person opens the closet.,a person opens the refrigerator.,A1:train;A2_alt:train;A3:train;C1:train;C2_alt:train,,,
neg_91e9dca037f2c38b,6TC5G,the person takes a bag on the closet floor.,the person throws a bag on the closet floor.,A1:test,,,
neg_91ec2f9cf6fdfd41,3T785,a person taking a towel on their head.,a person putting a towel on their head.,A1:test,,,
neg_91ed26fbd68b1b54,KZ36U,a person walks into the garage.,a person runs into the garage.,A3:test,,,
neg_9206b731875e4790,243Y9,person sits down in a bed.,person sits down in a chair.,A1:train;A2_alt:train;A3:train,,,
neg_9229a12bff5a996a,QWKVM,person walks the door.,person closes the door.,A3:test,,,
neg_922a2d5792f079a2,WTJQ0,another person opens the cabinet.,another person opens the door.,A1:train;A2_alt:train;A3:train,,,
neg_922a812b8decb89f,SUG5S,there is a person sitting on a chair.,there is a person sitting on a bed.,A1:test;A2_alt:test;A3:test;C1:test;C2_alt:test,,,
neg_9241cc192a0437b7,PRQSR,person opens a window.,person closes a window.,A1:train;A2_alt:train;A3:train;C1:train;C2_alt:train,,,
neg_924db9daf6748c00,BEAAA,person continues pouring the food.,person continues eating the food.,A2_alt:test,,,
neg_925001435411ddff,WKP5N,the person closes a cabinet.,the person opens a cabinet.,A1:train;A2_alt:train;A3:train,,,
neg_925e9613186f34eb,LPKPO,a person sitting in a couch at a table.,a person sitting in a chair at a table.,A1:test;A2_alt:test;A3:test;C1:test;C2_alt:test,,,
neg_926d311dbd529492,HCSPE,person closes the cabinet.,person closes the door.,A1:train;A2_alt:train;A3:train,,,
neg_927ab880230f01d5,EURF2,person sitting on the sofa themselves.,person sitting on the bed themselves.,A1:test;A2_alt:test;A3:test;C1:test;C2_alt:test,,,
neg_928288682c575bf8,S2S7I,person takes a plastic bag on the table.,person puts a plastic bag on the table.,A1:test,,,
neg_92a02948f4e697f4,BD9UN,another person is putting some clothes.,another person is tidying some clothes.,A1:test,,,
neg_92d0d9cabc790488,8X49S,person they put some food.,person they eat some food.,A1:val,,,
neg_92d6329f722214a7,YX3W8,a person is walking clothes on a chair.,a person is throwing clothes on a chair.,A3:val,,,
neg_92da3d92215529a6,K4XO7,a person awakens on the bed.,a person awakens on the sofa.,A1:train;A2_alt:train;A3:train;C1:train;C2_alt:train,,,
neg_92ece90fa8eb96f7,HOI88,person sits on the chair.,person sits on the sofa.,A1:train;A2_alt:train;A3:train,,,
neg_92f980ca42724ea0,AK2KG,a person is sitting on a couch.,a person is sitting on a bed.,A1:test;A2_alt:test;A3:test;C1:test;C2_alt:test,,,
neg_9307b20167fb01a9,V7LTE,the person opens a cabinet.,the person opens a door.,A1:train;A2_alt:train;A3:train,,,
neg_9312d136705662e5,Q38XP,person putting food.,person eating food.,A1:test,,,
neg_9325a8d675ef034e,FMZOY,person walks the door.,person opens the door.,A3:test,,,
neg_932b81777cdbd4ad,ESTDK,a person opens up the door.,a person opens up the cabinet.,A1:train;A2_alt:train;A3:train,,,
neg_932ded3079f075ae,YNWMW,a person takes some food.,a person eats some food.,A1:test,,,
neg_933160e2fd4bae7f,2RFLZ,person puts a phone off a desk.,person takes a phone off a desk.,A1:test,,,
neg_9335d08fee88abce,EURF2,person sitting on couch.,person sitting on bed.,A1:test;A2_alt:test;A3:test;C1:test;C2_alt:test,,,
neg_9337389c46ebe346,4J1AP,person putting a glass of water.,person drinking a glass of water.,A1:test,,,
neg_933b2475b417e910,X3ASU,a person is sitting on a bed.,a person is sitting on a chair.,A1:train;A2_alt:train;A3:train,,,
neg_935f8bec58df3e9a,D09K3,person they begin closing a door.,person they begin opening a door.,A1:train;A2_alt:train;A3:train;C1:train;C2_alt:train,,,
neg_9363a7ea02c145dd,ZDWM7,a person runs into a room holding a sandwich.,a person walks into a room holding a sandwich.,A3:test,,,
neg_93871f9490975b1e,JF36Q,person takes a laptop.,person closes a laptop.,A1:val,,,
neg_938f76e96828972e,X91NG,person opens the cabinet twice.,person opens the door twice.,A1:train;A2_alt:train;A3:train,,,
neg_93b178cc3ec99ff3,AIT3V,person opens a cabinet.,person opens a door.,A1:train;A2_alt:train;A3:train,,,
neg_93ba1b9e39436cf1,WT46G,person taking a coffee cup.,person holding a coffee cup.,A1:test,,,
neg_93ba3d2244acc4f3,8V8HC,person they both walk in the house very quickly.,person they both run in the house very quickly.,A3:test,,,
neg_93cbd51c152b3173,KWZSA,person runs to the doorway.,person walks to the doorway.,A3:test,,,
neg_93cfedb1120092ba,ZAO65,a person opens a closet.,a person opens a door.,A1:train;A2_alt:train;A3:train;C1:train;C2_alt:train,,,
neg_93d33830377b9cc8,YBVUE,person walking their clothes on the table.,person putting their clothes on the table.,A3:val,,,
neg_93e839999c018813,QQMY8,person pours a glass off of a table.,person takes a glass off of a table.,A2_alt:test,,,
neg_93eb2458ecf868a4,EY6P4,person closes a door.,person opens a door.,A1:train;A2_alt:train;A3:train;C1:train;C2_alt:train,,,
neg_93f06880a9832d2a,NCLD1,person holding a blanket.,person holding a pillow.,A1:train;A2_alt:train;A3:train;C1:train;C2_alt:train,,,
neg_940e80b92461aafe,8EU89,person sitting on a bed.,person sitting on a chair.,A1:val;A2_alt:val;A3:val;C1:val;C2_alt:val,,,
neg_9415469d89c29e95,OY3LS,the person sits on a bed.,the person sits on a couch.,A1:test;A2_alt:test;A3:test;C1:test;C2_alt:test,,,
neg_94560315a67a731d,PCNUP,a person is taking a picture.,a person is holding a picture.,A1:test,,,
neg_94632e0afe485ae6,QOYH2,person pours a drink from a cup.,person takes a drink from a cup.,A2_alt:test,,,
neg_94656b733f7a5cfb,9J0RB,person putting a glass of milk.,person drinking a glass of milk.,A1:test,,,
neg_94660f7e99fcbd5f,JBFPI,the person puts a drink from a glass of water.,the person takes a drink from a glass of water.,A1:test,,,
neg_946fe2eb253818d3,K6W5I,the person walks door.,the person opens door.,A3:test,,,
neg_947ea0a14be9accd,NB0IB,a person walks a pantry door.,a person opens a pantry door.,A3:test,,,
neg_9488418d4e4c3ac0,6AHD0,a person is in a dining room pouring food.,a person is in a dining room eating food.,A2_alt:val,,,
neg_9496c0d5b9a63c02,YYLKT,person begin to take a sandwich.,person begin to eat a sandwich.,A1:test,,,
neg_94aad9d59dbb93dc,TZ9FE,a person walks to the closet.,a person runs to the closet.,A3:test,,,
neg_94b9056e1f05c016,UFNPU,a person opens the closet to the laundry room.,a person opens the door to the laundry room.,A1:train;A2_alt:train;A3:train;C1:train;C2_alt:train,,,
neg_94b9f74425cb893c,CMEA6,a person closes the cabinet in the entryway.,a person closes the door in the entryway.,A1:train;A2_alt:train;A3:train,,,
neg_94bf62c1754b0614,JDZV7,person walking a cabinet door.,person closing a cabinet door.,A3:test,,,
neg_94c25fd0f4192eb0,87Y64,a person is sitting on a sofa.,a person is sitting on a bed.,A1:test;A2_alt:test;A3:test;C1:test;C2_alt:test,,,
neg_94f04609cc7f83fe,C8KER,person opens another refrigerator.,person opens another cabinet.,A1:train;A2_alt:train;A3:train,,,
neg_94f57ef41e3c236c,SR8IK,person taking a glass of water.,person drinking a glass of water.,A1:test,,,
neg_94fc7bd700dc4440,CH0PM,a person opens a closet.,a person opens a door.,C1:train;C2_alt:train,,,
neg_95072e83787d7158,S673O,a person lies on a bed in the living room.,a person lies on a sofa in the living room.,C1:train;C2_alt:train,,,
neg_95221a66a7d71579,N7IH0,the person also opens a box.,the person also opens a bag.,A1:train;A2_alt:train;A3:train,,,
neg_9525680c1e48e702,BRBWJ,the person walks their clothes on the shelf as well.,the person puts their clothes on the shelf as well.,A3:test,,,
neg_952dcdf870aa332c,EY8S6,a person is sitting in a couch.,a person is sitting in a chair.,A1:train;A2_alt:train;A3:train,,,
neg_9534f1a97da2699d,Z3DBQ,person opens cabinet to apartment.,person opens door to apartment.,A1:train;A2_alt:train;A3:train,,,
neg_9545197d210d87fb,FQOGZ,a person pours food into a bowl for a cat.,a person puts food into a bowl for a cat.,A2_alt:test,,,
neg_955745330757f929,5P0ON,a person is walking in the laundry room eating.,a person is standing in the laundry room eating.,A3:val,,,
neg_955aa624e8ba04be,AR4S6,person walking the basement door behind them.,person closing the basement door behind them.,A3:val,,,
neg_956475fa3ad7a751,BEAAA,person pouring food in a hallway.,person eating food in a hallway.,A2_alt:test,,,
neg_956d2bb038746c4c,9TM1K,person puts the book.,person closes the book.,A1:test,,,
neg_957106579ecfeb3e,CGPBZ,person sit down in a couch.,person sit down in a chair.,A1:train;A2_alt:train;A3:train,,,
neg_957aebe76624a9d2,X9R37,person opening the door.,person closing the door.,A1:train;A2_alt:train;A3:train;C1:train;C2_alt:train,,,
neg_95a7ee986e7e7e19,LWEPB,person open a closet.,person open a door.,A1:train;A2_alt:train;A3:train;C1:train;C2_alt:train,,,
neg_95b78b9d099da2ad,BM3UJ,a person walks the front door to their residence.,a person opens the front door to their residence.,A3:test,,,
neg_95c94dad7a703bac,FJM2Y,person opens a refrigerator.,person opens a cabinet.,A1:train;A2_alt:train;A3:train,,,
neg_95d43a063330ad1b,SVIXG,person takes a few pieces from inside.,person eats a few pieces from inside.,A1:test,,,
neg_95efd41e16aefe3a,ISHJ4,a person opens a closet.,a person opens a door.,A1:train;A2_alt:train;A3:train;C1:train;C2_alt:train,,,
neg_95f1f2ef77031397,J3RD3,a person walks the door.,a person opens the door.,A3:test,,,
neg_95ff9cac45c802eb,NATEB,person walking a door.,person closing a door.,A3:test,,,
neg_962f0e40f2e7dc70,2QYZA,one person closes a box.,one person opens a box.,A1:train;A2_alt:train;A3:train,,,
neg_963b32a314ac9c04,83D9H,person runs to a partially open door.,person walks to a partially open door.,A3:val,,,
neg_9645ee55e4cab3f2,4VCHD,person putting a sandwich.,person eating a sandwich.,A1:val,,,
neg_964f327a4d3b6a54,V62NW,a person takes a paper from a table.,a person takes a book from a table.,C1:train;C2_alt:train,,,
neg_96580ef0ed094ea5,JCKRL,person runs in through a doorway.,person walks in through a doorway.,A3:val,,,
neg_96877b9835c4d75f,I9SSV,a person is sitting on a sofa.,a person is sitting on a chair.,A1:train;A2_alt:train;A3:train,,,
neg_96a9f98fcf9694b2,ECW3E,a person walks a closet door.,a person opens a closet door.,A3:test,,,
neg_96dec22f79c3d509,CZPU9,person walks the cabinet door.,person closes the cabinet door.,A3:val,,,
neg_970128c4c882f187,2AG8W,person walking their clothes into the closet.,person throwing their clothes into the closet.,A3:test,,,
neg_9703c82f93493906,U5T4M,person walked over to a couch to sit down.,person walked over to a chair to sit down.,A1:test;A2_alt:test;A3:test;C1:test;C2_alt:test,,,
neg_9717880320d5b4b7,EHIOY,person puts a plate of food.,person eats a plate of food.,A1:test,,,
neg_97561c0403ce7252,SMPEB,a person opens the door.,a person closes the door.,A1:train;A2_alt:train;A3:train;C1:train;C2_alt:train,,,
neg_975ec599999b7f13,LTQS9,a person is sitting on a couch.,a person is sitting on a chair.,A1:val;A2_alt:val;A3:val;C1:val;C2_alt:val,,,
neg_975eefd2a8aad841,ZC017,a person is sitting on the bed watching television.,a person is sitting on the couch watching television.,A1:test;A2_alt:test;A3:test;C1:test;C2_alt:test,,,
neg_9764fb97ed16e64f,MSQA1,person closes the refrigerator.,person opens the refrigerator.,A1:train;A2_alt:train;A3:train;C1:train;C2_alt:train,,,
neg_976516a63451c3c9,ULD0T,person taking a bag.,person holding a bag.,A1:test,,,
neg_977e8c332338e44c,H1GWM,the person runs to the doorway.,the person walks to the doorway.,A3:val,,,
neg_9787aa38b4f0847a,PDRVY,person takes the box into the room.,person takes the bag into the room.,C1:train;C2_alt:train,,,
neg_97abc008be4b05e3,H608V,a person is walking in the living room in circles.,a person is running in the living room in circles.,A3:test,,,
neg_97d3e3c1fcbb7400,UM5II,the person takes a few bite.,the person eats a few bite.,A1:test,,,
neg_97d67493fb94d922,W0XPU,person put some food off of a plate.,person eat some food off of a plate.,A1:test,,,
neg_97e132727d93ec30,A21M5,person putting a box.,person holding a box.,A1:val,,,
neg_97e82acf153899e4,TIGIP,a person opens a cabinet.,a person opens a door.,A1:train;A2_alt:train;A3:train,,,
neg_97ec0e7f808cbbb1,P5YNX,a person is sitting in a couch.,a person is sitting in a chair.,A1:test;A2_alt:test;A3:test;C1:test;C2_alt:test,,,
neg_980e91edcd613d60,QF1Y0,person putting a bag.,person holding a bag.,A1:test,,,
neg_983bec0a5bf354d0,UAIHK,person sits in chair.,person sits in bed.,A1:val;A2_alt:val;A3:val;C1:val;C2_alt:val,,,
neg_98467aad6a8e47b1,59CDL,person sits in the couch to stare outside.,person sits in the chair to stare outside.,A1:train;A2_alt:train;A3:train,,,
neg_98540bbe99aba91c,4BEZX,a person walks the door outside.,a person opens the door outside.,A3:test,,,
neg_9857de45cda2026b,FQGW4,person sits down in a bed to watch tv.,person sits down in a chair to watch tv.,A1:test;A2_alt:test;A3:test;C1:test;C2_alt:test,,,
neg_98689df7fc0b989f,AEKYE,person pours the food.,person eats the food.,A2_alt:test,,,
neg_9879031536ba7178,IMLN5,person put a drink from a glass.,person take a drink from a glass.,A1:test,,,
neg_987e919b43f067f5,ZI1GC,person walking the door.,person opening the door.,A3:test,,,
neg_989771602d6cb9cb,1WI77,person opens a closet.,person opens a door.,A1:train;A2_alt:train;A3:train;C1:train;C2_alt:train,,,
neg_989a8484e8f98f6c,LUYWY,person someone is sitting on a sofa reading a book.,person someone is sitting on a chair reading a book.,A1:train;A2_alt:train;A3:train,,,
neg_98a55eac4afc2d0a,Q9DW7,person lied down on the bed to watch tv.,person lied down on the sofa to watch tv.,C1:train;C2_alt:train,,,
neg_98ad196adaa262ab,AIT3V,person opens a closet.,person opens a door.,C1:train;C2_alt:train,,,
neg_98adae43408c6fb4,HIKIC,person walking a door.,person opening a door.,A3:test,,,
neg_98bab46c5c261bef,ESM8H,person takes his shoes.,person throws his shoes.,A1:val,,,
neg_98c75541eb7b5ff7,QZZPS,person drink some medicine.,person take some medicine.,A2_alt:test,,,
neg_98c9175cbcb855b1,4BEZX,a person walks the front door that leads outside.,a person opens the front door that leads outside.,A3:test,,,
neg_98d991e3202dc178,7QWL3,the person opens the book.,the person closes the book.,A1:train;A2_alt:train;A3:train;C1:train;C2_alt:train,,,
neg_98f8c4772d0dbc88,WC5QK,person they sit in a bed.,person they sit in a chair.,A1:test;A2_alt:test;A3:test;C1:test;C2_alt:test,,,
neg_9904528156abb072,EI0F6,person closes the refrigerator.,person closes the cabinet.,A1:train;A2_alt:train;A3:train,,,
neg_9906b756da86bfa2,GF6TR,the person walks into the closet.,the person runs into the closet.,A3:val,,,
neg_990f18aacee0638f,FVPMC,person walks the cabinet doors.,person closes the cabinet doors.,A3:val,,,
neg_990fa86a6bd8437a,LH6LE,a person opens a door.,a person opens a cabinet.,A1:train;A2_alt:train;A3:train,,,
neg_9922a9a6f6f4f717,UR55B,person taking a bag of groceries.,person holding a bag of groceries.,A1:test,,,
neg_99272592746b00ec,MUE2B,the person walks the door to the bathroom.,the person opens the door to the bathroom.,A3:test,,,
neg_9930b7577cc5acfe,VTY0J,person sits in a couch with a phone.,person sits in a chair with a phone.,A1:val;A2_alt:val;A3:val;C1:val;C2_alt:val,,,
neg_9941e065f920ac34,NV4FC,person they close the door.,person they open the door.,A1:train;A2_alt:train;A3:train;C1:train;C2_alt:train,,,
neg_9959d402110713d7,S8TT8,the person sits down on a sofa.,the person sits down on a chair.,A1:train;A2_alt:train;A3:train,,,
neg_995cdfcb2de3ea71,T2J3M,a person is opening the closet with the doorknob.,a person is opening the door with the doorknob.,A1:train;A2_alt:train;A3:train;C1:train;C2_alt:train,,,
neg_996316297bc25047,QC4R2,person puts the paper on the floor.,person puts the picture on the floor.,C1:train;C2_alt:train,,,
neg_9963d0135780e50c,4VCHD,the person sits in a couch.,the person sits in a chair.,A1:val;A2_alt:val;A3:val;C1:val;C2_alt:val,,,
neg_9976589a0d2c5abf,DHR5F,a person closes a door.,a person opens a door.,A1:train;A2_alt:train;A3:train;C1:train;C2_alt:train,,,
neg_9987402967de219d,ARKBT,person the persin walks the dryer door.,person the persin opens the dryer door.,A3:test,,,
neg_9996fb0b70884bdd,KK7D4,a person walks a closet door.,a person opens a closet door.,A3:test,,,
neg_99977b9b89bd1133,F1V30,a person taking a towel walks up to a counter.,a person holding a towel walks up to a counter.,A1:test,,,
neg_9997d1ad26b746e3,NC1OC,person sits down on the bed.,person sits down on the couch.,A1:train;A2_alt:train;A3:train,,,
neg_99af107d90e9430f,WBT2F,person opens the door.,person closes the door.,A1:train;A2_alt:train;A3:train;C1:train;C2_alt:train,,,
neg_99b4c0309037bf9d,IGZZG,person taking a book.,person reading a book.,A1:test,,,
neg_99bc625519d0d391,YOCRB,person sitting in a bed.,person sitting in a chair.,A1:test;A2_alt:test;A3:test;C1:test;C2_alt:test,,,
neg_99bf54bca31aec99,SZJ09,a person is sitting in a couch reading a book.,a person is sitting in a chair reading a book.,A1:train;A2_alt:train;A3:train,,,
neg_99bfd0e193c8db57,AH4UW,person opens the door.,person closes the door.,A1:train;A2_alt:train;A3:train;C1:train;C2_alt:train,,,
neg_99cbac2c318af141,VA8ZR,a person closes a door.,a person opens a door.,A1:train;A2_alt:train;A3:train;C1:train;C2_alt:train,,,
neg_99d0512dadb357f4,JXNEN,person putting a sandwich.,person eating a sandwich.,A1:val,,,
neg_99d7bb7d85eabf00,BEAAA,a person is sitting on a bed eating food.,a person is sitting on a chair eating food.,A1:test;A2_alt:test;A3:test;C1:test;C2_alt:test,,,
neg_9a0ae8f8361cef43,28BVI,person they put a plate of food.,person they eat a plate of food.,A1:test,,,
neg_9a0f70d5b3796874,HSEH1,a person is putting a light.,a person is fixing a light.,A1:test,,,
neg_9a397bbb0bd886ea,T8XGN,one person opens a closet.,one person opens a door.,C1:train;C2_alt:train,,,
neg_9a3c7e731ec15c08,30I35,person takes a glass of something.,person pours a glass of something.,A1:test,,,
neg_9a3e7a0804ab3e10,AZ5JS,person opens a cabinet.,person opens a door.,A1:train;A2_alt:train;A3:train,,,
neg_9a47ade6d7077510,H9V9I,a person takes their laptop onto a desk.,a person puts their laptop onto a desk.,A1:val,,,
neg_9a5541e8fde83b53,ZS9XR,person sits on a chair.,person sits on a sofa.,A1:train;A2_alt:train;A3:train,,,
neg_9a5a9c97bab52aa3,I713Z,person open the closet.,person open the door.,A1:train;A2_alt:train;A3:train;C1:train;C2_alt:train,,,
neg_9a642529934ee73d,ZFT87,person take out a book.,person take out a picture.,C1:train;C2_alt:train,,,
neg_9a69d203c9d90946,KKGJ8,person closing the door.,person opening the door.,A1:train;A2_alt:train;A3:train;C1:train;C2_alt:train,,,
neg_9a6ed01daf552f5d,E89S9,a person is sitting on a couch.,a person is sitting on a chair.,A1:test;A2_alt:test;A3:test;C1:test;C2_alt:test,,,
neg_9a7ace7972e0af4e,KPAS0,person closing a book in the entryway.,person opening a book in the entryway.,A1:train;A2_alt:train;A3:train;C1:train;C2_alt:train,,,
neg_9a82ecbede8122f8,1QP1S,a person takes some food.,a person eats some food.,A1:test,,,
neg_9a8d4fcf6ca05017,VF49P,a person is putting a pillow towards the window.,a person is throwing a pillow towards the window.,A1:test,,,
neg_9ad27d4e9a867a75,RVVDR,person takes the bag on the table.,person puts the bag on the table.,A1:test,,,
neg_9ae8e23df16811e7,OVFR0,person that they walked a door.,person that they opened a door.,A3:test,,,
neg_9aeaeaf658d279fa,LSKA2,person they put the sandwich.,person they take the sandwich.,A1:test,,,
neg_9aec3447e01a5609,ZTWJB,a person takes a broom ferociously at the floor.,a person throws a broom ferociously at the floor.,A1:test,,,
neg_9afda27815a581c1,F44A2,person put a picture of themself.,person take a picture of themself.,A1:val,,,
neg_9b0f71efb36b35cf,LGCTV,person begins walking some clothes.,person begins tidying some clothes.,A3:val,,,
neg_9b107f6184e1b4c8,BZ5N5,the person pours two glasses from the cabinet.,the person takes two glasses from the cabinet.,A2_alt:test,,,
neg_9b12654073ae5798,X16WJ,a person sits down in a couch.,a person sits down in a chair.,A1:val;A2_alt:val;A3:val;C1:val;C2_alt:val,,,
neg_9b14bc8e6390a0f5,WHJ70,person a towel opens a door.,person a towel opens a cabinet.,A1:train;A2_alt:train;A3:train,,,
neg_9b218a93618a63a9,TFWNO,person pouring food from a plate with a fork.,person eating food from a plate with a fork.,A2_alt:test,,,
neg_9b3b50505aed115f,0O6RK,person walking the refrigerator door.,person closing the refrigerator door.,A3:test,,,
neg_9b5eecdc19a1f41d,0D5I8,person takes a book.,person takes a picture.,C1:train;C2_alt:train,,,
neg_9b7328b0e8ce3d50,SA7GL,a person sits in a couch working on a laptop.,a person sits in a chair working on a laptop.,A1:train;A2_alt:train;A3:train,,,
neg_9b766901cbc9dff8,NTYC3,person they closed their laptop.,person they opened their laptop.,A1:train;A2_alt:train;A3:train;C1:train;C2_alt:train,,,
neg_9b7708d7a86f0dbc,M98YV,person in their right they are taking a sandwich.,person in their right they are holding a sandwich.,A1:test,,,
neg_9b7eff5a780eb8c8,J4QHT,a person through a doorway walks to a door.,a person through a doorway walks to a closet.,A1:test;A2_alt:test;A3:test;C1:test;C2_alt:test,,,
neg_9b9633c7097bcf72,I562C,a person opens a closet than walks to a chair.,a person opens a door than walks to a chair.,C1:train;C2_alt:train,,,
neg_9bbb1eb3276e3392,7HV9Q,one person is closing the laptop.,one person is opening the laptop.,A1:train;A2_alt:train;A3:train;C1:train;C2_alt:train,,,
neg_9bbed095769ad3c0,B0XI9,a person is walking across a room.,a person is running across a room.,A3:test,,,
neg_9bd64cd8fb2951d3,BUL4V,person open the window.,person close the window.,A1:train;A2_alt:train;A3:train;C1:train;C2_alt:train,,,
neg_9be306c9f759fafc,A21M5,the person takes the book.,the person opens the book.,A1:val,,,
neg_9be77f083760a81e,77JGY,person takes some food.,person eats some food.,A1:test,,,
neg_9be9ce1ad9511087,D8HN1,person close a cabinet with their feet.,person close a door with their feet.,A1:train;A2_alt:train;A3:train,,,
neg_9beaa14eb0097f42,3OAGK,person opens the bedroom door.,person closes the bedroom door.,A1:train;A2_alt:train;A3:train;C1:train;C2_alt:train,,,
neg_9bf2b39d70aaf0de,36AJ1,the person opened the cabinet.,the person opened the door.,A1:train;A2_alt:train;A3:train,,,
neg_9c0eaaa3c766ef20,MZZK2,a person is running in the garage holding a book.,a person is standing in the garage holding a book.,A3:test,,,
neg_9c20b9d1a997724c,7E2AJ,person puts sandwich that is seating on side of sink.,person eats sandwich that is seating on side of sink.,A1:test,,,
neg_9c3de0c60e96cc14,WPU76,a woman pours a cup off a table.,a woman takes a cup off a table.,A2_alt:test,,,
neg_9c3df6761cd6a2a8,DW4YF,a person is putting a cup of coffee.,a person is drinking a cup of coffee.,A1:val,,,
neg_9c507ed792c1098b,IA7X9,person closes the laptop.,person opens the laptop.,A1:train;A2_alt:train;A3:train;C1:train;C2_alt:train,,,
neg_9c7172600fcb2c3a,FTG07,the person opened the cabinet.,the person opened the door.,A1:train;A2_alt:train;A3:train,,,
neg_9c8c44099d392ac9,4CV3F,a person takes their shoes on the floor.,a person puts their shoes on the floor.,A1:val,,,
neg_9c94c9af181875ff,9O0NP,a person puts a book into a box.,a person throws a book into a box.,A1:test,,,
neg_9cc25f245394a29d,58Z9R,a person is closing a door.,a person is opening a door.,A1:train;A2_alt:train;A3:train;C1:train;C2_alt:train,,,
neg_9ccb27266956405e,XSVLL,a person walks around the room.,a person runs around the room.,A3:test,,,
neg_9ccc7b3fb984b97d,21F9H,sitting down on a couch in a comfortable manner.,sitting down on a bed in a comfortable manner.,A1:test;A2_alt:test;A3:test;C1:test;C2_alt:test,,,
neg_9cd4a0dd41c40b85,OY3LS,person sit on a chair under a blanket.,person sit on a couch under a blanket.,A1:test;A2_alt:test;A3:test;C1:test;C2_alt:test,,,
neg_9cd9189110d4a029,0YOXV,a person is pouring water from a bottle.,a person is drinking water from a bottle.,C1:train;C2_alt:train,,,
neg_9cdf5875c6c97461,580G0,person put some water with the glass.,person drink some water with the glass.,A1:test,,,
neg_9ce8f8ba64322bf2,RSFII,person opens the window.,person closes the window.,A1:train;A2_alt:train;A3:train;C1:train;C2_alt:train,,,
neg_9cec28c0124de609,QF1Y0,person taking a bag.,person holding a bag.,A1:test,,,
neg_9cfa787fb4e12e25,RJD1Z,a person is putting a light to turn it on.,a person is grasping a light to turn it on.,A1:test,,,
neg_9d0128bc7aa3e05a,A21M5,the person puts the book.,the person opens the book.,A1:val,,,
neg_9d176701cec144e5,NQMMJ,person walking the doors.,person closing the doors.,A3:test,,,
neg_9d1da7528e84e2e4,2K5GR,person they pour a drink from a glass.,person they take a drink from a glass.,A2_alt:val,,,
neg_9d3173f4904be755,BDZNW,person walking the door to it behind them.,person closing the door to it behind them.,A3:test,,,
neg_9d41f5bc1ac43bd2,B71ZJ,person pours a bottle of medicine on the table.,person puts a bottle of medicine on the table.,A2_alt:val,,,
neg_9d44556062371d03,LUYWY,person someone is sitting on a couch reading a book.,person someone is sitting on a chair reading a book.,A1:train;A2_alt:train;A3:train,,,
neg_9d4adba25a9c1371,W7EDM,a person sits down on a couch.,a person sits down on a bed.,A1:test;A2_alt:test;A3:test;C1:test;C2_alt:test,,,
neg_9d5480173d61c483,0WYBK,person putting some groceries.,person eating some groceries.,A1:test,,,
neg_9d7ecd8bf995ca1b,2FW38,a person closes the cabinet.,a person closes the door.,A1:train;A2_alt:train;A3:train,,,
neg_9d80f35d332f642a,WQWT0,a person opens a cabinet.,a person opens a door.,A1:train;A2_alt:train;A3:train,,,
neg_9d85e5e52b2dcd48,LCA0Q,person they took their laptop next to the sink.,person they put their laptop next to the sink.,A1:test,,,
neg_9d893c0338940ad7,1F706,person walks a pantry door.,person opens a pantry door.,A3:test,,,
neg_9d8d690adecbf4db,OHS4T,person sits down in a couch.,person sits down in a chair.,A1:train;A2_alt:train;A3:train,,,
neg_9db6a78e923aa649,73ZXZ,person walks the door.,person closes the door.,A3:test,,,
neg_9dc3b1b0c92fa4f5,FNBYE,person puts a glass.,person takes a glass.,A1:test,,,
neg_9dc860d172c78a8a,W4C5O,person putting a towel.,person holding a towel.,A1:val,,,
neg_9ddd0cd4a1aea727,ETDTU,the person begins putting a mirror.,the person begins holding a mirror.,A1:test,,,
neg_9ddebb1fae7a2dce,WKU7H,a person is opening a cabitnet door.,a person is closing a cabitnet door.,A1:train;A2_alt:train;A3:train;C1:train;C2_alt:train,,,
neg_9e0df35dc0b011a4,68OG0,person put a cup of coffee.,person drink a cup of coffee.,A1:test,,,
neg_9e103bdbeebacf94,TF95Y,person opening cabinet.,person opening refrigerator.,A1:train;A2_alt:train;A3:train,,,
neg_9e3ad18baea70d76,VJ0LT,person walks a door outside.,person closes a door outside.,A3:test,,,
neg_9e441086548714eb,LGCTV,person begins putting some clothes.,person begins tidying some clothes.,A1:val,,,
neg_9e44beb6ba1a628a,D0Y4L,a person walks the door to outside.,a person closes the door to outside.,A3:test,,,
neg_9e48de6abff989b6,PIRMO,person puts a box off the shelf.,person takes a box off the shelf.,A1:val,,,
neg_9e650e2143b6d8d3,XHYA2,person took their coffee cup on a dresser.,person put their coffee cup on a dresser.,A1:test,,,
neg_9e6796f1a25e2801,VZY0C,person running to a couch.,person running to a bed.,C1:train;C2_alt:train,,,
neg_9e69102277374f60,Q0IHP,the person pours a drink from a glass of juice.,the person takes a drink from a glass of juice.,A2_alt:test,,,
neg_9e8f5f8f5d15e7da,FVPMC,person walks the doors of the cabinet.,person opens the doors of the cabinet.,A3:val,,,
neg_9e9d9c8efd446104,7C13O,person sit in a bed when they are done.,person sit in a chair when they are done.,A1:val;A2_alt:val;A3:val;C1:val;C2_alt:val,,,
neg_9ea0a1183387aa26,G3UF4,a person puts a book.,a person opens a book.,A1:test,,,
neg_9ea504aea4e7ab27,61WIS,person they sit down on the bed.,person they sit down on the sofa.,A1:train;A2_alt:train;A3:train,,,
neg_9eb2370e80427602,X8JVY,the person is taking a bag.,the person is opening a bag.,A1:test,,,
neg_9ed7b483e2bda253,SRTX6,person pours the food to the kitchen.,person takes the food to the kitchen.,A2_alt:test,,,
neg_9ee480f58a96aceb,OY3LS,person lied down on the bed.,person lied down on the couch.,A1:test;A2_alt:test;A3:test;C1:test;C2_alt:test,,,
neg_9ee6e16ad829dd3f,KB7WQ,person they put the box.,person they close the box.,A1:test,,,
neg_9f036f8ae29791a4,NPEA3,person opened the door.,person closed the door.,A1:train;A2_alt:train;A3:train;C1:train;C2_alt:train,,,
neg_9f075f94e69677e2,JAAVR,the person puts the medicine.,the person takes the medicine.,A1:val,,,
neg_9f08e8c79fc30bea,FRGXE,person taking a glass of orange juice.,person drinking a glass of orange juice.,A1:test,,,
neg_9f0a905c0b2d2327,GC1Q1,a person closing a door is carrying a towel.,a person opening a door is carrying a towel.,A1:train;A2_alt:train;A3:train;C1:train;C2_alt:train,,,
neg_9f22ecdac4fb45da,A3MOW,the person is sitting on a sofa eating a sandwich.,the person is sitting on a chair eating a sandwich.,A1:val;A2_alt:val;A3:val;C1:val;C2_alt:val,,,
neg_9f2c89c076247cc7,NBMH9,person sits in a bed.,person sits in a chair.,A1:test;A2_alt:test;A3:test;C1:test;C2_alt:test,,,
neg_9f4622902c263c58,S407A,person putting a glass of water.,person pouring a glass of water.,A1:test,,,
neg_9f49a2c0577e3ebf,0F453,person is closing refrigerator.,person is opening refrigerator.,A1:train;A2_alt:train;A3:train;C1:train;C2_alt:train,,,
neg_9f692a01e757a0b1,IST7I,person they put a box of ritz crackers.,person they open a box of ritz crackers.,A1:val,,,
neg_9f89a719b061e98f,K87AC,a person opens a cabinet.,a person opens a door.,A1:train;A2_alt:train;A3:train,,,
neg_9f8b5931dd71aa49,QSQK2,person closes the cabinet.,person closes the door.,A1:train;A2_alt:train;A3:train,,,
neg_9f8fc30f9b23eea5,RO8Y6,person walk the door.,person close the door.,A3:test,,,
neg_9f9cde63f6073fc4,2Y8XQ,person taking glass.,person drinking glass.,A1:test,,,
neg_9fa520c179c2eb06,MV9N4,person opens the cabinet.,person opens the refrigerator.,A1:train;A2_alt:train;A3:train,,,
neg_9fae3b402a2676dd,8MQH6,person they put the shoes.,person they hold the shoes.,A1:test,,,
neg_9fb84c4a4f504005,V26U3,person takes a pillow at the refrigerator.,person throws a pillow at the refrigerator.,A1:test,,,
neg_9fc3962c3165af3a,N0ZPI,person pour a drink from the cup.,person take a drink from the cup.,A2_alt:test,,,
neg_9fc528a2999ff68e,4YBN9,person walk a door.,person open a door.,A3:test,,,
neg_9fe35edcdad6c537,XS7RN,person closes a box.,person opens a box.,A1:train;A2_alt:train;A3:train,,,
neg_9feeba20bd479b09,ZDV60,a person walks a closet door.,a person opens a closet door.,A3:test,,,
neg_a020ca5fd4378df5,9X208,a person awakens in chair.,a person awakens in bed.,A1:train;A2_alt:train;A3:train;C1:train;C2_alt:train,,,
neg_a05497c0e516edd0,Z9RED,a person runs through a bathroom doorway.,a person walks through a bathroom doorway.,A3:test,,,
neg_a05b0cceb7873db4,0HGNK,person takes a box on the counter.,person puts a box on the counter.,A1:test,,,
neg_a063cc00ecd05098,87Y64,a person is sitting on a couch.,a person is sitting on a bed.,A1:test;A2_alt:test;A3:test;C1:test;C2_alt:test,,,
neg_a071ec249256e351,0FM93,person walks a door.,person closes a door.,A3:test,,,
neg_a07e2a4a497719e6,Y9930,the person closes a door.,the person opens a door.,A1:train;A2_alt:train;A3:train;C1:train;C2_alt:train,,,
neg_a083d08b6121a921,B5NS3,the person is undressing themselves in front of a mirror.,the person is dressing themselves in front of a mirror.,A1:train;A2_alt:train;A3:train;C1:train;C2_alt:train,,,
neg_a088c9f9e61157bc,JVISI,person he puts a drink from the cup.,person he takes a drink from the cup.,A1:val,,,
neg_a0b388c159d5ad4f,TTZVW,person they are putting a plate of food.,person they are holding a plate of food.,A1:val,,,
neg_a0dcea738b41a646,D1NT7,a person is taking some dishes into a box.,a person is putting some dishes into a box.,A1:test,,,
neg_a0e52a700264f92c,REWLB,person taking food from a plate.,person eating food from a plate.,A1:test,,,
neg_a0e59b5ebc243b47,APLZS,person puts the box back up.,person closes the box back up.,A1:test,,,
neg_a0ed66998b29c6e2,3C8OG,the person the opens a box.,the person the opens a bag.,A1:train;A2_alt:train;A3:train,,,
neg_a0fdf7c6bee28f6a,TJJKK,person sitting on a sofa with a cell phone.,person sitting on a bed with a cell phone.,A1:test;A2_alt:test;A3:test;C1:test;C2_alt:test,,,
neg_a11958ef5484facb,N9KNS,one person is taking a bag.,one person is holding a bag.,A1:test,,,
neg_a124567dcf51bd16,51RLB,the person puts a drink from a water bottle.,the person takes a drink from a water bottle.,A1:test,,,
neg_a131fe6b08cf8be3,S8TT8,the person sits down on a couch.,the person sits down on a chair.,A1:train;A2_alt:train;A3:train,,,
neg_a1378ce10d31beb9,8PL34,person puts their shoes on.,person takes their shoes off.,C1:train;C2_alt:train,,,
neg_a13e6aa9af84710a,50E06,a person in their recreation room is putting some food.,a person in their recreation room is eating some food.,A1:test,,,
neg_a159980355f05fcd,1NJOQ,a person runs through the doorway.,a person walks through the doorway.,A3:test,,,
neg_a17396e40b039066,XSVLL,person walks to a table.,person runs to a table.,A3:test,,,
neg_a175c2e900418f85,IA7X9,a person is closing a laptop.,a person is opening a laptop.,A1:train;A2_alt:train;A3:train;C1:train;C2_alt:train,,,
neg_a17bc52ffe3d8853,AK9PN,person sits on a chair.,person sits on a couch.,A1:test;A2_alt:test;A3:test;C1:test;C2_alt:test,,,
neg_a18c2279cfb90ba4,9J0RB,a person is walking in a room watching television.,a person is standing in a room watching television.,A3:test,,,
neg_a1906167f5becc8a,KZ7Y8,a person opens a closet.,a person opens a door.,A1:train;A2_alt:train;A3:train;C1:train;C2_alt:train,,,
neg_a1933a0789bbde8c,9JZO2,person drinking a glass of water.,person holding a glass of water.,A2_alt:test,,,
neg_a1950c11443ba08e,5HPZ1,person taking a book.,person reading a book.,A1:test,,,
neg_a1ab7b51720bf1ee,RLQ9K,person drink some medicine.,person take some medicine.,A2_alt:test,,,
neg_a1b8e9cb3e4c9e57,DJ6ZW,person pours some water from a glass.,person drinks some water from a glass.,C1:train;C2_alt:train,,,
neg_a1df2a74a9dc4bc1,21WN7,person took the plate on a table.,person put the plate on a table.,A1:test,,,
neg_a1dfccb2ba03728c,8EYST,person closing a book on the stairs.,person opening a book on the stairs.,A1:train;A2_alt:train;A3:train;C1:train;C2_alt:train,,,
neg_a1e7a97e5667596c,7VMDP,person takes a box on the table.,person puts a box on the table.,A1:val,,,
neg_a1eabe834f1848b5,BFCU9,a person is pouring some food.,a person is holding some food.,A2_alt:test,,,
neg_a20bda9ec5992f97,0RJKT,person putting their phone.,person holding their phone.,A1:val,,,
neg_a2308f9f35f7efa4,7L0TN,a person opens a closet.,a person opens a door.,A1:train;A2_alt:train;A3:train;C1:train;C2_alt:train,,,
neg_a24a9f27e8d58abb,813XE,person walk a door.,person open a door.,A3:val,,,
neg_a24d189b14d87944,IMLN5,person pour a drink from a glass.,person take a drink from a glass.,A2_alt:test,,,
neg_a2516072348ed54a,9EEGQ,person is taking dishes on shelf.,person is putting dishes on shelf.,A1:test,,,
neg_a2687fab3bf02eba,FQOGZ,a person takes food into a bowl for a cat.,a person puts food into a bowl for a cat.,A1:test,,,
neg_a26adb3a39ad98ea,ZMY8M,the person pours some food.,the person eats some food.,A2_alt:test,,,
neg_a26d032de857ba21,ZL55N,person open the door.,person close the door.,C1:train;C2_alt:train,,,
neg_a272e4b26125eaaf,PJUM0,person puts it into a glass.,person pours it into a glass.,A1:test,,,
neg_a279563213b3e1b9,Q4UO4,person they open the closet to the refrigerator.,person they open the door to the refrigerator.,A1:train;A2_alt:train;A3:train;C1:train;C2_alt:train,,,
neg_a29352d6bab95c75,6N7G6,a person takes their dish on the table.,a person puts their dish on the table.,A1:val,,,
neg_a2ba1a6f587964ed,CC6JC,a person is sitting on a chair eating a sandwich.,a person is sitting on a bed eating a sandwich.,A1:train;A2_alt:train;A3:train,,,
neg_a2ecdcbededa9426,X9R37,person opening the door they reopen the door.,person closing the door they reopen the door.,C1:train;C2_alt:train,,,
neg_a2f2ceee681780e4,B6487,a person opens a closet.,a person opens a refrigerator.,A1:train;A2_alt:train;A3:train;C1:train;C2_alt:train,,,
neg_a2fc1eb5d17f5c64,Y2MGC,person start putting food.,person start eating food.,A1:test,,,
neg_a3050dc3a0b12c89,MF09L,person opens refrigerator.,person opens cabinet.,A1:train;A2_alt:train;A3:train,,,
neg_a30aedfd20cd6765,GWDF9,person walks in room.,person runs in room.,A3:val,,,
neg_a32d1001209d2025,3LLXX,a person is putting a cup.,a person is holding a cup.,A1:val,,,
neg_a34bf1e62b0af19b,TQO6O,the person puts some paper.,the person takes some paper.,A1:test,,,
neg_a34d4f64a97e867a,5NV2Z,person puts a cup off a desk.,person takes a cup off a desk.,A1:test,,,
neg_a36428936ee5a412,OT35M,person puts a picture of themselves.,person takes a picture of themselves.,A1:test,,,
neg_a365c32665840ab4,03M0K,person closes a laptop.,person opens a laptop.,A1:train;A2_alt:train;A3:train;C1:train;C2_alt:train,,,
neg_a3944919f57ca639,FBOF0,a person awakens in chair.,a person awakens in bed.,A1:test;A2_alt:test;A3:test;C1:test;C2_alt:test,,,
neg_a39801f4709eed27,PCF14,person puts on their shoes.,person takes off their shoes.,C1:train;C2_alt:train,,,
neg_a3a5f40c4fcf0c97,QKP9V,person opens the closet.,person opens the door.,A1:train;A2_alt:train;A3:train;C1:train;C2_alt:train,,,
neg_a3ce7d8c8de330bb,RG0JH,a person sits on the sofa.,a person sits on the bed.,A1:test;A2_alt:test;A3:test;C1:test;C2_alt:test,,,
neg_a3e1d1800449297d,Q2U7O,person pouring a glass of water.,person holding a glass of water.,A2_alt:val,,,
neg_a3ea84666a2e5224,GFK4S,person putting a pillow.,person holding a pillow.,A1:test,,,
neg_a3f5f18f90309042,N0G70,a person takes a sandwich on a panini maker.,a person cooks a sandwich on a panini maker.,A1:test,,,
neg_a40e00bf39e84795,UUF84,the person drinks the medicine.,the person takes the medicine.,A2_alt:test,,,
neg_a442411a19ed8f0a,YC9FL,person walks the door.,person closes the door.,A3:val,,,
neg_a44308cc14dae986,8V8HC,the person puts a pillow off a sofa.,the person takes a pillow off a sofa.,A1:test,,,
neg_a44cce921e1f153f,R5O7F,a person walks some clothes into a cabinet.,a person puts some clothes into a cabinet.,A3:test,,,
neg_a453c05ab1a034f8,PT4XS,person where he begins taking dishes.,person where he begins washing dishes.,A1:test,,,
neg_a454744a777a7ac2,S1XW9,person closes the cabinet.,person closes the door.,A1:train;A2_alt:train;A3:train,,,
neg_a456bfd3aeb70e67,BEC09,person closing a box.,person opening a box.,A1:train;A2_alt:train;A3:train,,,
neg_a47e0c6e6d0cbf92,9J7EW,there is a person taking a bag.,there is a person holding a bag.,A1:test,,,
neg_a4938d6c5b3f49b1,4CAHN,person walk the door.,person close the door.,A3:val,,,
neg_a4a1b60fa117fa2e,IUOC0,person opens the door.,person closes the door.,A1:train;A2_alt:train;A3:train;C1:train;C2_alt:train,,,
neg_a4af1830e0071d1c,D7W4E,a person drinks a cup into a  cupboard.,a person puts a cup into a  cupboard.,A2_alt:test,,,
neg_a4b92606fd04cb89,VJ0LT,person takes a glass of soda.,person pours a glass of soda.,A1:test,,,
neg_a4c728d69df9d6b5,GBD1Y,person walks the door.,person closes the door.,A3:test,,,
neg_a4d5a0783526e32d,UUF84,the person puts the medicine.,the person takes the medicine.,A1:test,,,
neg_a4e17e3830d11c35,RBQ9Y,person sits down on the sofa to fix his shoes.,person sits down on the bed to fix his shoes.,A1:test;A2_alt:test;A3:test;C1:test;C2_alt:test,,,
neg_a4f3f32d354ed72a,NMC5N,person drinking a cup of coffee.,person holding a cup of coffee.,A2_alt:val,,,
neg_a518da6d956cd4bf,1ZAN8,person open the door.,person close the door.,C1:train;C2_alt:train,,,
neg_a51a3dfd1fdee31c,FVINY,a person sat on a couch reading a book.,a person sat on a chair reading a book.,A1:test;A2_alt:test;A3:test;C1:test;C2_alt:test,,,
neg_a520c194f1ea16f0,1BGZ0,a person is putting a bag.,a person is holding a bag.,A1:test,,,
neg_a5396ce1ecf7227b,2XSK6,person they open the cabinet again.,person they open the door again.,A1:train;A2_alt:train;A3:train,,,
neg_a5602ac8f8098722,0HGNK,person takes box on the table.,person puts box on the table.,A1:test,,,
neg_a57434191e17d965,DML20,a person puts on their shoes.,a person takes off their shoes.,C1:train;C2_alt:train,,,
neg_a5929e6c50ae8355,SBW7O,the person opens the cabinet.,the person opens the door.,A1:train;A2_alt:train;A3:train,,,
neg_a59db725e7d8f2ad,WHJ70,person a towel opens a refrigerator.,person a towel opens a cabinet.,A1:train;A2_alt:train;A3:train,,,
neg_a5bf6791700fef6d,JK4Q2,person begins putting the mirror over their bed.,person begins washing the mirror over their bed.,A1:val,,,
neg_a5c7deac8964e92d,C9FMC,person opens the closet.,person opens the refrigerator.,A1:train;A2_alt:train;A3:train;C1:train;C2_alt:train,,,
neg_a5cbc4743318f5e3,6TC5G,the person puts a bag on the closet floor.,the person throws a bag on the closet floor.,A1:test,,,
neg_a5ec041389b6b9e3,TH3M0,person sits on a sofa.,person sits on a chair.,A1:test;A2_alt:test;A3:test;C1:test;C2_alt:test,,,
neg_a5fcdc647df627f2,2LCLG,person takes out a picture grabs it.,person takes out a book grabs it.,C1:train;C2_alt:train,,,
neg_a61e450051515713,C1DK7,person walks a door.,person opens a door.,A3:test,,,
neg_a622d7f4eb803589,IBWAW,puts a box from the other person.,takes a box from the other person.,A1:test,,,
neg_a624248c72277fb4,GMPHO,person walks a closet door.,person opens a closet door.,A3:test,,,
neg_a62584538a61124f,9335E,person opens a door.,person opens a cabinet.,A1:train;A2_alt:train;A3:train,,,
neg_a62b4be46784fba2,R1RDT,person open the door behind them.,person close the door behind them.,A1:train;A2_alt:train;A3:train;C1:train;C2_alt:train,,,
neg_a62bed1b81944d9a,IA5TC,person closing the refrigerator.,person closing the cabinet.,A1:train;A2_alt:train;A3:train,,,
neg_a64fcd080b706560,YIV35,the person picks the book up sneezes.,the person puts the book down sneezes.,C1:train;C2_alt:train,,,
neg_a65b8dbe7b86e90f,0C5IQ,a person runs in through the doorway.,a person walks in through the doorway.,A3:val,,,
neg_a663cd933cb15a6c,8NW4J,a person is lying on a sofa holding a pillow.,a person is lying on a bed holding a pillow.,A1:train;A2_alt:train;A3:train;C1:train;C2_alt:train,,,
neg_a6648a0a03fdefb4,Z3DBQ,a man opens a cabinet.,a man opens a door.,A1:train;A2_alt:train;A3:train,,,
neg_a67229aef624ffe8,CN480,person sits on couch.,person sits on bed.,A1:train;A2_alt:train;A3:train,,,
neg_a68069b23d852811,3JCEI,person put some clothes on the floor.,person throw some clothes on the floor.,A1:test,,,
neg_a686d15059aae272,BYP85,person takes items onto a shelf.,person puts items onto a shelf.,A1:test,,,
neg_a68e31f4e78512a4,5CN21,a person is running in their garage holding a pillow.,a person is standing in their garage holding a pillow.,A3:test,,,
neg_a6a1ec5085a37ae3,1GGRY,a person walks a pantry door.,a person opens a pantry door.,A3:test,,,
neg_a6ac35aec5227aa4,KW0K8,a person sits down on a sofa.,a person sits down on a chair.,A1:train;A2_alt:train;A3:train,,,
neg_a6d192224f58bb32,TIWRY,person begins to put dishes.,person begins to wash dishes.,A1:test,,,
neg_a6d256ce2a9b0177,JFBTV,the person walks the door.,the person closes the door.,A3:test,,,
neg_a707fc5cc3836d35,2KMGY,person puts a cup from a table.,person takes a cup from a table.,A1:test,,,
neg_a710808d582aed28,9J7EW,person they sit on a sofa.,person they sit on a chair.,A1:test;A2_alt:test;A3:test;C1:test;C2_alt:test,,,
neg_a722118f245ca8ca,FK143,person they put the medicine.,person they take the medicine.,A1:test,,,
neg_a722dda873879d03,5XEOB,person closing a cabinet in a pantry.,person closing a door in a pantry.,A1:train;A2_alt:train;A3:train,,,
neg_a728cf8bb7f766cf,RT1JY,person sits on the chair.,person sits on the bed.,A1:test;A2_alt:test;A3:test;C1:test;C2_alt:test,,,
neg_a737df9fece0906c,OJLFZ,person close a box with clothes in it.,person open a box with clothes in it.,A1:train;A2_alt:train;A3:train,,,
neg_a742572c77538568,IF4Y9,person opening the window.,person closing the window.,A1:train;A2_alt:train;A3:train;C1:train;C2_alt:train,,,
neg_a74599df377a1083,3JXKZ,a person is taking a bag.,a person is opening a bag.,A1:test,,,
neg_a745ff9050355a2f,X16WJ,a person sitting down in a bed.,a person sitting down in a chair.,A1:val;A2_alt:val;A3:val;C1:val;C2_alt:val,,,
neg_a7477bbc7edf75e6,VINM0,person taking a pair of shoes.,person holding a pair of shoes.,A1:test,,,
neg_a74ec4abf6279f0e,DNXBJ,a person is closing the refrigerator.,a person is closing the cabinet.,A1:train;A2_alt:train;A3:train,,,
neg_a75b8bb11c7aaa27,FQOGZ,person taking the food on the table.,person putting the food on the table.,A1:test,,,
neg_a7664f8d3e072edc,JNK11,a person takes a cup of coffee on the shelf.,a person puts a cup of coffee on the shelf.,A1:test,,,
neg_a77e6e05e82398de,FBIVN,person opens door.,person closes door.,A1:train;A2_alt:train;A3:train;C1:train;C2_alt:train,,,
neg_a783cef90faecb38,URWJL,person sits in chair for a few seconds.,person sits in bed for a few seconds.,A1:train;A2_alt:train;A3:train,,,
neg_a79bc0119d7df8b5,A3MOW,the person is sitting on a couch eating a sandwich.,the person is sitting on a chair eating a sandwich.,A1:val;A2_alt:val;A3:val;C1:val;C2_alt:val,,,
neg_a7aec85b2fd14ad7,SUG5S,a person is sitting on a chair.,a person is sitting on a bed.,A1:test;A2_alt:test;A3:test;C1:test;C2_alt:test,,,
neg_a7afdaac7de3e35f,P4MBS,person take the lid of the laptop.,person close the lid of the laptop.,A1:val,,,
neg_a7bbdfe53db43a1a,72LJ3,person takes the book on the bed.,person throws the book on the bed.,A1:test,,,
neg_a7c436cf4d9ce1a3,ZFQNZ,a person running in their kitchen opens their refrigerator.,a person cooking in their kitchen opens their refrigerator.,A3:val,,,
neg_a7d1121549cf27ea,WPPAT,a person opens a refrigerator.,a person opens a cabinet.,A1:train;A2_alt:train;A3:train,,,
neg_a7e130ee739944aa,IZZ3Y,person closing a laptop.,person opening a laptop.,A1:train;A2_alt:train;A3:train;C1:train;C2_alt:train,,,
neg_a7e2aaaed3936f00,WW4MY,person they put the box.,person they close the box.,A1:val,,,
neg_a7ff55f1a518c77e,6OQYV,a person walks into the laundry room.,a person runs into the laundry room.,A3:test,,,
neg_a812a44978b53fad,F1V30,person putting a glass.,person washing a glass.,A1:test,,,
neg_a81bfd9dfd42e565,1M89F,a person is putting a drink into a cup.,a person is pouring a drink into a cup.,A1:val,,,
neg_a82b05758a031894,24XDE,a man putting a picture on a shelf.,a man putting a book on a shelf.,C1:train;C2_alt:train,,,
neg_a82e54b71e523821,G2QBV,person dust pan they walk the door.,person dust pan they close the door.,A3:test,,,
neg_a84c90545278e0ba,EXYY8,a person walks into the closet holding a laptop.,a person runs into the closet holding a laptop.,A3:test,,,
neg_a85052a2e5b1427b,Y50QF,person taking a cup of coffee.,person pouring a cup of coffee.,A1:test,,,
neg_a86f032d8084f97c,Q071E,person a towel they put the bag.,person a towel they open the bag.,A1:val,,,
neg_a8773e73b10d63f6,DSWWV,person open the refrigerator.,person open the cabinet.,A1:train;A2_alt:train;A3:train,,,
neg_a87b99593a60ec3e,CZPU9,a person takes clothes on a doorknob.,a person puts clothes on a doorknob.,A1:val,,,
neg_a888ed0fd097ddc5,7RXMM,a person sits in a bed.,a person sits in a chair.,A1:test;A2_alt:test;A3:test;C1:test;C2_alt:test,,,
neg_a88eb798e941f046,QKP9V,person opens a closet to another room.,person opens a door to another room.,C1:train;C2_alt:train,,,
neg_a8ad80a25cd9e444,6LUM5,person sits in the bed.,person sits in the chair.,A1:train;A2_alt:train;A3:train,,,
neg_a8ad96937c2daf03,F7TG5,person sits down on a sofa.,person sits down on a chair.,A1:test;A2_alt:test;A3:test;C1:test;C2_alt:test,,,
neg_a8b0c6765172224e,3QL7J,person pours some food on the stove.,person cooks some food on the stove.,A2_alt:test,,,
neg_a8be12634c69d2a5,SP1QS,person sitting on a bed watching coffee brew.,person sitting on a chair watching coffee brew.,A1:val;A2_alt:val;A3:val;C1:val;C2_alt:val,,,
neg_a8cc0ef13867b0cc,ATWCT,person opens a closet.,person opens a door.,A1:train;A2_alt:train;A3:train;C1:train;C2_alt:train,,,
neg_a8ee00f3294147f4,OWUW8,person takes another towel.,person holds another towel.,A1:test,,,
neg_a8f4402318d7e7fb,OETY6,a person sits in a couch next to a table.,a person sits in a chair next to a table.,A1:test;A2_alt:test;A3:test;C1:test;C2_alt:test,,,
neg_a8f797a6322880ef,OJVOV,a person putting a mirror is sitting on a chair.,a person holding a mirror is sitting on a chair.,A1:val,,,
neg_a901d0e462e92610,7P5R2,a person is opening a closet.,a person is opening a door.,C1:train;C2_alt:train,,,
neg_a91532f3feeae6d8,ZS9IX,person puts on their shoes.,person takes off their shoes.,C1:train;C2_alt:train,,,
neg_a91733bcb18f76c6,OJLFZ,a person sits on the bed.,a person sits on the sofa.,A1:train;A2_alt:train;A3:train,,,
neg_a91e46a484b07001,J2XFQ,person walking the fridge door.,person opening the fridge door.,A3:test,,,
neg_a92ea6b2aaaf24a5,TRVEA,this person takes the pillow on the floor.,this person throws the pillow on the floor.,A1:test,,,
neg_a92eec8f339e8399,GBD1Y,person walking the door.,person closing the door.,A3:test,,,
neg_a93e2558c93370ee,QE4YE,the person takes the bag on a counter.,the person puts the bag on a counter.,A1:test,,,
neg_a94a7f924116abc1,Z9W47,a person walks a closet door with a light on.,a person opens a closet door with a light on.,A3:val,,,
neg_a96fc69261a92515,1RD2K,a person walks the door to a house.,a person closes the door to a house.,A3:test,,,
neg_a97c3a3c1498e2a4,1GII3,person putting a bag of chips.,person eating a bag of chips.,A1:test,,,
neg_a9804f5fb05ac583,0KZYF,person continuing to take the sandwich.,person continuing to eat the sandwich.,A1:test,,,
neg_a9928b1b711e049c,FQGW4,person puts a glass of milk.,person pours a glass of milk.,A1:test,,,
neg_a9b404251eca320d,LTQS9,a person is sitting on a bed.,a person is sitting on a chair.,A1:val;A2_alt:val;A3:val;C1:val;C2_alt:val,,,
neg_a9c02641b1594466,I8I5F,person throwing a pillow.,person holding a pillow.,A1:train;A2_alt:train;A3:train;C1:train;C2_alt:train,,,
neg_a9cb90bd4677302a,120YL,the person sits down in a bed.,the person sits down in a chair.,A1:test;A2_alt:test;A3:test;C1:test;C2_alt:test,,,
neg_a9d5429c3c82e780,6JB5R,person sit in the bed eating a sandwich.,person sit in the chair eating a sandwich.,A1:train;A2_alt:train;A3:train,,,
neg_aa01f57c46b2203e,CXNYW,person putting a sandwich.,person eating a sandwich.,A1:test,,,
neg_aa0eb881656cd0b1,0J5T4,a person puts some food from the refrigerator.,a person takes some food from the refrigerator.,A1:val,,,
neg_aa1cf9d3831907a3,67MSU,person they open the closet.,person they open the refrigerator.,A1:train;A2_alt:train;A3:train;C1:train;C2_alt:train,,,
neg_aa2aedf907266963,RG0JH,a person is sitting on the sofa.,a person is sitting on the bed.,A1:test;A2_alt:test;A3:test;C1:test;C2_alt:test,,,
neg_aa2b84319b2e09de,DFSHF,person they walk the door.,person they open the door.,A3:test,,,
neg_aa339c9394106d34,8PL34,person sits on the chair.,person sits on the bed.,A1:train;A2_alt:train;A3:train,,,
neg_aa652c7a58df7f17,6C65Z,person walks the refrigerator door.,person closes the refrigerator door.,A3:val,,,
neg_aa6b46f7b216ecd7,J0JD1,person closes the cabinet.,person closes the door.,A1:train;A2_alt:train;A3:train,,,
neg_aa8328f7a94ae97f,V26U3,a person is taking a pillow at the refrigerator.,a person is throwing a pillow at the refrigerator.,A1:test,,,
neg_aaaa95f20ebb9270,APH4V,person walks the closet door.,person closes the closet door.,A3:val,,,
neg_aad4e4942d353438,0M0T4,person walks clothes on a bed.,person puts clothes on a bed.,A3:test,,,
neg_aae74148845bef5d,J7D0D,the person closed a cabinet.,the person opened a cabinet.,A1:train;A2_alt:train;A3:train,,,
neg_aae9b58be6cd087d,GV9M4,person pour a drink from a glass.,person take a drink from a glass.,A2_alt:val,,,
neg_aaefe29515f43d28,7DU77,a person closes a cabinet.,a person closes a door.,A1:train;A2_alt:train;A3:train,,,
neg_aafd9e75ed163a63,1ESKX,person takes a book with a camera.,person takes a picture with a camera.,C1:train;C2_alt:train,,,
neg_ab0aeddb93debc2d,0OUEP,one person is putting a camera.,one person is holding a camera.,A1:val,,,
neg_ab14ae8db6080f31,I8I5F,a person is holding a blanket.,a person is holding a pillow.,A1:train;A2_alt:train;A3:train;C1:train;C2_alt:train,,,
neg_ab169932940fca78,SR8IK,person put a drink from a cup on the table.,person take a drink from a cup on the table.,A1:test,,,
neg_ab31d2df6d3311ac,P6SOI,that same person opens the closet.,that same person opens the door.,A1:train;A2_alt:train;A3:train;C1:train;C2_alt:train,,,
neg_ab645988f31b55a1,LSCMZ,person taking a pair of shoes.,person holding a pair of shoes.,A1:test,,,
neg_ab95bb0b0e535e67,2KMGY,person pours a cup from a table.,person takes a cup from a table.,A2_alt:test,,,
neg_aba429363cebe9d2,DLOS7,person begins putting the light that was not working.,person begins fixing the light that was not working.,A1:test,,,
neg_abc2741e15ef241b,618HP,person sitting on bed jumps up turns off light.,person sitting on chair jumps up turns off light.,A1:train;A2_alt:train;A3:train,,,
neg_abc815d3ab181651,01K8X,person opening the closet.,person opening the door.,A1:train;A2_alt:train;A3:train;C1:train;C2_alt:train,,,
neg_abe39f4c59e27526,6XB10,a person runs through a doorway into a room.,a person walks through a doorway into a room.,A3:test,,,
neg_ac13663d9a97e57a,3DLKC,another person opens the cabinet.,another person opens the door.,A1:train;A2_alt:train;A3:train,,,
neg_ac204bc976031bab,UETKQ,person puts the box in a closet.,person puts the bag in a closet.,C1:train;C2_alt:train,,,
neg_ac2c0d7d37fd1027,77JGY,a person is taking a sandwich over their laptop.,a person is eating a sandwich over their laptop.,A1:test,,,
neg_ac35a71e61c7d8b1,KOVTR,person puts some medicine.,person takes some medicine.,A1:test,,,
neg_ac39a5f68410ec9e,JP60G,person take a book with their phone.,person take a picture with their phone.,C1:train;C2_alt:train,,,
neg_ac3af2d2573d5e11,0UPBN,another person puts a box.,another person holds a box.,A1:test,,,
neg_ac3b0848bb9dac97,JQKR5,a person sits on a chair.,a person sits on a couch.,A1:train;A2_alt:train;A3:train,,,
neg_ac47279df78a2a36,9YOI8,person pour a drink from the cup they are holding.,person take a drink from the cup they are holding.,A2_alt:test,,,
neg_ac61f4a0f3d3c8ed,SBHID,person one opens up closet.,person one opens up door.,A1:train;A2_alt:train;A3:train;C1:train;C2_alt:train,,,
neg_ac79f61812108557,809QT,person takes a paper from it.,person takes a book from it.,C1:train;C2_alt:train,,,
neg_ac7a839c638700f8,555RO,person opens the bathroom door.,person closes the bathroom door.,A1:train;A2_alt:train;A3:train;C1:train;C2_alt:train,,,
neg_ac8fc9210bfa5723,TS880,a person runs through a doorway with a box.,a person walks through a doorway with a box.,A3:val,,,
neg_ac927af652423a7e,8EU89,person sitting on a sofa.,person sitting on a chair.,A1:val;A2_alt:val;A3:val;C1:val;C2_alt:val,,,
neg_ac937ead01194a5e,ZIWZH,a person is sitting on a couch opening a box.,a person is sitting on a chair opening a box.,A1:train;A2_alt:train;A3:train,,,
neg_acb0cc9aaf4afcb3,BT7FV,the person puts the book.,the person closes the book.,A1:val,,,
neg_acc6a77f569c3753,VU996,person taking a pillow.,person holding a pillow.,A1:test,,,
neg_acc9ad970db44e8f,LUQWY,person they put the laptop.,person they open the laptop.,A1:test,,,
neg_acd2b58d7cd97752,BJ7YW,the person is now pouring the glass of the window.,the person is now washing the glass of the window.,A2_alt:test,,,
neg_ace72b3858b82dca,KTL2G,person they walk the door.,person they close the door.,A3:val,,,
neg_ace8b7b6a302445b,SJJLG,person sits down on a sofa.,person sits down on a chair.,A1:test;A2_alt:test;A3:test;C1:test;C2_alt:test,,,
neg_acf04aea600a1e47,AYMCZ,person finally closing a laptop in a laundry room.,person finally opening a laptop in a laundry room.,C1:train;C2_alt:train,,,
neg_ad0b5a66be0248b8,PBGYV,person takes a book.,person takes a picture.,C1:train;C2_alt:train,,,
neg_ad0d2d667705bbc6,SLIH4,person closing the cabinet behind them.,person closing the door behind them.,A1:train;A2_alt:train;A3:train,,,
neg_ad151d2f53abdb5e,GL2JW,person walks a cupboard door.,person closes a cupboard door.,A3:test,,,
neg_ad1d67545e194910,OHOFG,person sitting down in a couch.,person sitting down in a chair.,A1:test;A2_alt:test;A3:test;C1:test;C2_alt:test,,,
neg_ad25f3913843ba0e,UETQS,person puts a laptop.,person opens a laptop.,A1:test,,,
neg_ad2c788679149223,FVINY,a person is sitting on a bed reading a book.,a person is sitting on a chair reading a book.,A1:test;A2_alt:test;A3:test;C1:test;C2_alt:test,,,
neg_ad30b516bb427142,V26U3,person takes a pillow at a refrigerator.,person throws a pillow at a refrigerator.,A1:test,,,
neg_ad5f70fedbf3fea2,3K6HO,person close the cabinet when exiting the doorway.,person close the door when exiting the doorway.,A1:train;A2_alt:train;A3:train,,,
neg_ad64e7db2b4725d6,NBIR0,person which they walk the door.,person which they close the door.,A3:val,,,
neg_ad7143ca3e4113c3,9N44Y,the person in the video opened the door.,the person in the video opened the cabinet.,A1:train;A2_alt:train;A3:train,,,
neg_ad8a9862fbf53fa6,LVLVR,person they open the box.,person they open the bag.,A1:train;A2_alt:train;A3:train,,,
neg_ad8d5445667c25d9,VNQTH,a person takes clothes into their closet on a shelf.,a person puts clothes into their closet on a shelf.,A1:test,,,
neg_adc1d4ddf01e04f1,QXBTG,person start putting shoes at the desk.,person start throwing shoes at the desk.,A1:val,,,
neg_adcf68bebb58d4dd,X16WJ,person takes the cup on the floor.,person puts the cup on the floor.,A1:val,,,
neg_add105f33f6c5c87,E6PSM,a person opens a cabinet.,a person opens a door.,A1:train;A2_alt:train;A3:train,,,
neg_add521b278afdfc0,WXXYY,person walks the door.,person closes the door.,A3:test,,,
neg_addde1da59facae2,GV0L7,person sits on a chair.,person sits on a couch.,A1:test;A2_alt:test;A3:test;C1:test;C2_alt:test,,,
neg_adddf4637c8cfa5f,WP5RH,person walks into kitchen.,person runs into kitchen.,A3:test,,,
neg_ade27f8edc83246e,LV4U7,a person taking a broom opens a pantry door.,a person holding a broom opens a pantry door.,A1:test,,,
neg_adec45b24a1e3156,0VMUZ,in the laundry room the person is walking their clothes.,in the laundry room the person is washing their clothes.,A3:val,,,
neg_adf701aaf7f27760,3WMV4,person putting a sandwich.,person eating a sandwich.,A1:test,,,
neg_adf84269b62956c2,J3RD3,a person walks the door to a room.,a person opens the door to a room.,A3:test,,,
neg_ae05050318ab6249,UPXBJ,person closes a window.,person opens a window.,A1:train;A2_alt:train;A3:train;C1:train;C2_alt:train,,,
neg_ae066951089907fc,IKBYS,a person puts a medicine bottle.,a person holds a medicine bottle.,A1:val,,,
neg_ae071dafa08cbeaf,AX46Z,the animal sitting on the sofa climbs on the person.,the animal sitting on the bed climbs on the person.,A1:test;A2_alt:test;A3:test;C1:test;C2_alt:test,,,
neg_ae11c4c7f5c95f40,6BXG4,person sitting in a bed.,person sitting in a chair.,A1:train;A2_alt:train;A3:train,,,
neg_ae1834ab7ebc9d4a,ESTFR,the person puts their shoes on.,the person takes their shoes off.,C1:train;C2_alt:train,,,
neg_ae2023b2929f9ea1,35C4E,person opens the closet.,person opens the door.,A1:train;A2_alt:train;A3:train;C1:train;C2_alt:train,,,
neg_ae33c043047e88aa,Y50QF,person putting a cup of coffee.,person pouring a cup of coffee.,A1:test,,,
neg_ae382ab0d28857b0,XIVBU,person putting a glass of water.,person drinking a glass of water.,A1:val,,,
neg_ae5cf57eb8c12f37,ONMCW,person putting the glass.,person holding the glass.,A1:test,,,
neg_ae83e168d8293a02,ONMCW,person pouring the glass.,person holding the glass.,A2_alt:test,,,
neg_aead7e78d0bb9157,VRY89,person they open the door behind them.,person they close the door behind them.,A1:train;A2_alt:train;A3:train;C1:train;C2_alt:train,,,
neg_aeb61b12cf8469fa,USPJK,the person puts a broom.,the person takes a broom.,A1:test,,,
neg_aeca0e0858c1c3dc,I7MEA,person opens the closet.,person opens the refrigerator.,A1:train;A2_alt:train;A3:train;C1:train;C2_alt:train,,,
neg_aecb23a250d3a22b,SP1QS,person sitting on a sofa watching coffee brew.,person sitting on a chair watching coffee brew.,A1:val;A2_alt:val;A3:val;C1:val;C2_alt:val,,,
neg_af1d1181dc959fa4,03AA8,another person is sitting on bed.,another person is sitting on sofa.,A1:train;A2_alt:train;A3:train,,,
neg_af28e4884bf33693,6E7Q4,person opens a closet.,person opens a door.,A1:train;A2_alt:train;A3:train;C1:train;C2_alt:train,,,
neg_af2a2e84e84687e6,E5ZF5,the person put a drink from a cup.,the person took a drink from a cup.,A1:test,,,
neg_af2e6fbc9d6ac834,TJKGJ,person sit down in a couch.,person sit down in a chair.,A1:train;A2_alt:train;A3:train,,,
neg_af32f13e783d9fe8,OHS4T,person opens a door.,person closes a door.,A1:train;A2_alt:train;A3:train;C1:train;C2_alt:train,,,
neg_af3da466fdde9069,KP53W,person they open a laptop that's on the counter.,person they close a laptop that's on the counter.,A1:train;A2_alt:train;A3:train;C1:train;C2_alt:train,,,
neg_af83057031310f79,3AE3T,a second person sits on a bed.,a second person sits on a sofa.,A1:train;A2_alt:train;A3:train,,,
neg_af8b44edf781d560,3CLVI,person walks the door.,person opens the door.,A3:test,,,
neg_af8d746d838c9d9e,DR1ZU,a person is taking the light near the stairs.,a person is fixing the light near the stairs.,A1:test,,,
neg_af902fb31ad355dc,H5ZG9,a person opens the cabinet.,a person opens the refrigerator.,A1:train;A2_alt:train;A3:train,,,
neg_afa2f514d25456a6,EW3VV,person sits on the chair.,person sits on the sofa.,A1:train;A2_alt:train;A3:train,,,
neg_afa92e9819dbdfe8,3W1GP,person take a bag.,person open a bag.,A1:test,,,
neg_afcbd5c41b0c429f,FFYL6,a person takes a broom into the closet.,a person puts a broom into the closet.,A1:test,,,
neg_afd45fb261d206dd,8LLI3,person walking the door behind them.,person closing the door behind them.,A3:test,,,
neg_aff84b840941ca86,D04GX,person taking the sandwich.,person eating the sandwich.,A1:test,,,
neg_affb6f390b518ead,2OHTZ,a person takes a laptop.,a person opens a laptop.,A1:test,,,
neg_afff05fa388c2e9e,Q366H,a third person is sitting in a bed.,a third person is sitting in a chair.,A1:train;A2_alt:train;A3:train,,,
neg_b01a745a67b11cf7,JMCBE,a person is putting items off the stairs like blankets.,a person is throwing items off the stairs like blankets.,A1:test,,,
neg_b01f330b2329ddce,HSEH1,a person is putting a light on the room.,a person is fixing a light on the room.,A1:test,,,
neg_b020768ab77b883e,Q3BCC,a person walks a door.,a person closes a door.,A3:test,,,
neg_b0337e44d91bef8c,AADCE,the person is pouring water from a water bottle.,the person is drinking water from a water bottle.,C1:train;C2_alt:train,,,
neg_b034ad0fb90cd6d3,MZZ8Q,person takes a pair of shoes toward a sofa.,person throws a pair of shoes toward a sofa.,A1:test,,,
neg_b0351118a3619c11,WZZPC,person walk a door.,person open a door.,A3:test,,,
neg_b0445e85af4e5a7c,P4MBS,person puts the laptop.,person closes the laptop.,A1:val,,,
neg_b080a801c4e90190,DWH0T,person start putting themselves a glass of water.,person start pouring themselves a glass of water.,A1:test,,,
neg_b0994d080ba970e5,ZDV60,person walks the door.,person opens the door.,A3:test,,,
neg_b0abb4c68f487a09,Q0IHP,the person puts a drink from a glass of juice.,the person takes a drink from a glass of juice.,A1:test,,,
neg_b0b9956e45b90382,RO429,a person opens the closet.,a person opens the refrigerator.,A1:train;A2_alt:train;A3:train;C1:train;C2_alt:train,,,
neg_b0bc45e13d2fbb58,0VMUZ,person putting a picture.,person holding a picture.,A1:val,,,
neg_b0c2336da8f299b6,ZWPS3,another person sits on a bed working on a laptop.,another person sits on a chair working on a laptop.,A1:val;A2_alt:val;A3:val;C1:val;C2_alt:val,,,
neg_b0cc298d6f99bd18,4ZSAR,person sit in a bed.,person sit in a chair.,A1:val;A2_alt:val;A3:val;C1:val;C2_alt:val,,,
neg_b0d7116ade290da6,CLORP,person closes a book.,person opens a book.,A1:train;A2_alt:train;A3:train;C1:train;C2_alt:train,,,
neg_b0f47bda8112afd7,75M1Z,person sits on the bed.,person sits on the sofa.,A1:test;A2_alt:test;A3:test;C1:test;C2_alt:test,,,
neg_b0fda56025405ac4,RSRZ0,the first person closes the window.,the first person opens the window.,A1:train;A2_alt:train;A3:train;C1:train;C2_alt:train,,,
neg_b1015012e05d9a69,OY3LS,the person sits on a chair.,the person sits on a couch.,A1:test;A2_alt:test;A3:test;C1:test;C2_alt:test,,,
neg_b11ab332736cb2c8,KA3ER,person opens a refrigerator.,person opens a cabinet.,A1:train;A2_alt:train;A3:train,,,
neg_b1231af1075b7bb7,BEAAA,person continues putting the food.,person continues eating the food.,A1:test,,,
neg_b12ad55fc156b559,1ZWPP,person they walk the door.,person they open the door.,A3:test,,,
neg_b12fd08ba950be60,IV1S7,a person drinks a glass from a cabinet.,a person takes a glass from a cabinet.,A2_alt:test,,,
neg_b1428ebef1d49fc5,31TDO,person puts some food.,person eats some food.,A1:val,,,
neg_b152a99f6bbcccb9,DLQIT,person sits on a sofa.,person sits on a chair.,A1:train;A2_alt:train;A3:train,,,
neg_b155d729c4d246e8,SUG5S,a person is sitting on a sofa.,a person is sitting on a bed.,A1:test;A2_alt:test;A3:test;C1:test;C2_alt:test,,,
neg_b157e49a592a0b91,TW6NZ,a person sits down on the chair.,a person sits down on the sofa.,A1:train;A2_alt:train;A3:train,,,
neg_b16b70257a561d87,WK5PL,person walking the door.,person closing the door.,A3:val,,,
neg_b17cd89d55dd4ef0,A2Z46,a person awakens on the sofa.,a person awakens on the couch.,A1:train;A2_alt:train;A3:train;C1:train;C2_alt:train,,,
neg_b194605fe846e213,HXCGX,person sitting on the sofa eating pick up a box.,person sitting on the bed eating pick up a box.,A1:train;A2_alt:train;A3:train,,,
neg_b1a0f22392b9604c,EAWW4,a person walks a laundry room door.,a person opens a laundry room door.,A3:val,,,
neg_b1a3aafee5fc446e,UD7R8,person taking off their shoes.,person putting on their shoes.,C1:train;C2_alt:train,,,
neg_b1b032f7cdfa092a,EEVD3,a person is walking the door to the refrigerator open.,a person is holding the door to the refrigerator open.,A3:test,,,
neg_b1d493e414b6d905,OU3XH,person pours some food off a plate.,person eats some food off a plate.,A2_alt:test,,,
neg_b1e71d1bfdeff4af,43OXO,person sits up on the bed.,person sits up on the couch.,A1:val;A2_alt:val;A3:val;C1:val;C2_alt:val,,,
neg_b1f682b3d3db5402,9JZO2,the person runs into the house puts down the food.,the person walks into the house puts down the food.,A3:test,,,
neg_b1ff141843ee9a43,KX8VW,person puts some water into a glass.,person pours some water into a glass.,A1:val,,,
neg_b202d0d3aa6f17cb,BIQGN,person walks the door.,person closes the door.,A3:test,,,
neg_b2105b9ac8c6368b,I7AS7,the person takes the bag.,the person opens the bag.,A1:test,,,
neg_b2131a67c29646f7,R87CC,person walk a door.,person open a door.,A3:val,,,
neg_b228e6269cae9fc2,TKJCI,person lies down on the sofa to review the pictures.,person lies down on the bed to review the pictures.,A1:test;A2_alt:test;A3:test;C1:test;C2_alt:test,,,
neg_b2566d7fdf954a00,JF0O8,this person is sitting on the chair holding a pillow.,this person is sitting on the couch holding a pillow.,A1:val;A2_alt:val;A3:val;C1:val;C2_alt:val,,,
neg_b25ed62342bedbb5,UB1QP,person putting a phone.,person holding a phone.,A1:val,,,
neg_b2605192748d77a6,G2QBV,the person pours a water bottle.,the person takes a water bottle.,A2_alt:test,,,
neg_b27b43f8f789a101,CC87Z,person closed the cabinet.,person closed the door.,A1:train;A2_alt:train;A3:train,,,
neg_b2859d53ae56e842,M8NEU,person enter the room closing the door behind them.,person leave the room closing the door behind them.,A1:train;A2_alt:train;A3:train;C1:train;C2_alt:train,,,
neg_b28ff407f351486a,8SDK5,person sits down in a bed.,person sits down in a chair.,A1:test;A2_alt:test;A3:test;C1:test;C2_alt:test,,,
neg_b2a633870454fa92,WULQ2,person opens the cabinet.,person opens the door.,A1:train;A2_alt:train;A3:train,,,
neg_b2c740a0156c285c,88LYX,person put a glass.,person wash a glass.,A1:val,,,
neg_b2d89c7843c73b93,Q3BCC,person trying to walk the door.,person trying to close the door.,A3:test,,,
neg_b2e1945b86283631,TGDWN,person closes a cabinet.,person closes a door.,A1:train;A2_alt:train;A3:train,,,
neg_b2ec7de720b81768,4YBN9,one person takes a bag on a small desk.,one person opens a bag on a small desk.,A1:test,,,
neg_b2f3b4fc99e427ad,9LHP3,person sits on a bed.,person sits on a sofa.,A1:train;A2_alt:train;A3:train,,,
neg_b323a8b0e1a583a6,JA3MN,person open the cabinet.,person open the door.,A1:train;A2_alt:train;A3:train,,,
neg_b323d6ca172947c1,8D6PU,a person is running through a doorway.,a person is walking through a doorway.,A3:test,,,
neg_b3286bfc66c93b8a,D1WYU,the person sits down in a bed.,the person sits down in a chair.,A1:test;A2_alt:test;A3:test;C1:test;C2_alt:test,,,
neg_b33d184cbc5a8b29,06OKE,person takes bottle of water.,person drinks bottle of water.,A1:val,,,
neg_b33ebfdd47dbb41e,13XM4,person takes some food inside.,person puts some food inside.,A1:test,,,
neg_b3647f633c51cf10,K0X80,person walking the door open.,person leaving the door open.,A3:val,,,
neg_b366bc70212ae263,1CYLM,a person sits down on a bed.,a person sits down on a couch.,A1:test;A2_alt:test;A3:test;C1:test;C2_alt:test,,,
neg_b36971a89782f57e,5BQMX,person opening the closet.,person opening the door.,A1:train;A2_alt:train;A3:train;C1:train;C2_alt:train,,,
neg_b375349338ef98a1,A0MZ9,one person opens a window.,one person closes a window.,A1:train;A2_alt:train;A3:train;C1:train;C2_alt:train,,,
neg_b382d5c5ee5fb6d3,5AW54,person they put the box in front of a door.,person they put the bag in front of a door.,C1:train;C2_alt:train,,,
neg_b3872edd144070e5,9U82D,person they start putting a glass of coffee.,person they start drinking a glass of coffee.,A1:test,,,
neg_b389b8afe999a475,7P5R2,a person opens a closet.,a person opens a door.,A1:train;A2_alt:train;A3:train;C1:train;C2_alt:train,,,
neg_b392ded2f8267fc8,9ONDD,the person is closing the cabinet.,the person is closing the refrigerator.,A1:train;A2_alt:train;A3:train,,,
neg_b3c041a8635b5cea,U36AB,person pours cup on floor.,person puts cup on floor.,A2_alt:val,,,
neg_b3d939b65559ae0a,SLHDI,person walking the refrigerator doors.,person opening the refrigerator doors.,A3:test,,,
neg_b3ebc39b98ac4651,VF49P,a person is taking a pillow towards the window.,a person is throwing a pillow towards the window.,A1:test,,,
neg_b3ebde256a023f40,1F4JZ,one person puts some medicine.,one person takes some medicine.,A1:test,,,
neg_b3ed747d8845722a,WSB7W,a person is closing a laptop.,a person is opening a laptop.,A1:train;A2_alt:train;A3:train;C1:train;C2_alt:train,,,
neg_b3f4bff6edcde9f6,TH3M0,person sits down in bed.,person sits down in chair.,A1:test;A2_alt:test;A3:test;C1:test;C2_alt:test,,,
neg_b3f6974137390958,VZE8E,person walking the closet door.,person opening the closet door.,A3:test,,,
neg_b410506d2e13389c,3R7NX,the person closes a cabinet.,the person opens a cabinet.,A1:train;A2_alt:train;A3:train,,,
neg_b41461efbecf83d7,0QES3,person opens the cabinet.,person opens the door.,A1:train;A2_alt:train;A3:train,,,
neg_b426761f5c7f70b4,UNOW9,person puts on their shoes.,person takes off their shoes.,C1:train;C2_alt:train,,,
neg_b4324fd714d20724,TCOXG,a person puts a glass of water from the shelf.,a person takes a glass of water from the shelf.,A1:test,,,
neg_b43a429763aae863,LK3BW,person closes the cabinet.,person closes the door.,A1:train;A2_alt:train;A3:train,,,
neg_b45355c3a14ff413,YMM1Z,the person walks to the refrigerator.,the person runs to the refrigerator.,A3:val,,,
neg_b45658845bf2e921,JMPKP,person they took the shoes away.,person they put the shoes away.,A1:test,,,
neg_b466a22bb3f649f1,DP7KP,person puts the book.,person throws the book.,A1:val,,,
neg_b4851e75789b89fa,OK2AF,person takes a picture out from a chair.,person takes a book out from a chair.,C1:train;C2_alt:train,,,
neg_b4855528aabc9ab9,TJKGJ,person opens the door.,person closes the door.,C1:train;C2_alt:train,,,
neg_b48e777e91a31092,GV9M4,a person walks the closet door.,a person opens the closet door.,A3:val,,,
neg_b4a2f15c52c248be,CJ58B,person pours some food from a bag of groceries.,person takes some food from a bag of groceries.,A2_alt:val,,,
neg_b4a36a72f78e3b27,FNBYE,person taking a sandwich.,person eating a sandwich.,A1:test,,,
neg_b4b958b77c07059c,Y2EID,person walks the door leading back outside.,person closes the door leading back outside.,A3:test,,,
neg_b4be794af9f9b4d4,E5WJJ,person taking off some shoes.,person putting on some shoes.,C1:train;C2_alt:train,,,
neg_b4e04a98f5f601b2,SB7CW,person walks a door to get some medicine.,person opens a door to get some medicine.,A3:val,,,
neg_b4f514a37c3acd0b,OHOFG,person starts putting food from a plate.,person starts eating food from a plate.,A1:test,,,
neg_b4f51a771599d5e9,3SNSC,the person puts the picture down.,the person puts the book down.,C1:train;C2_alt:train,,,
neg_b4f5ca30d6ca9966,FNBYE,person put a box.,person open a box.,A1:test,,,
neg_b501396433efcfaf,8FH2F,a person opens a closet with a glass.,a person opens a door with a glass.,A1:train;A2_alt:train;A3:train;C1:train;C2_alt:train,,,
neg_b51a5b1ac061bf87,9335E,a person sits in a bed.,a person sits in a chair.,A1:train;A2_alt:train;A3:train,,,
neg_b52267c00ab1f23e,YT2C3,person walks door.,person opens door.,A3:test,,,
neg_b566891ce2ccbf7b,SJJLG,person sits down on a bed.,person sits down on a chair.,A1:test;A2_alt:test;A3:test;C1:test;C2_alt:test,,,
neg_b56931ee6f5334a2,SJJLG,person sits on a couch.,person sits on a chair.,A1:test;A2_alt:test;A3:test;C1:test;C2_alt:test,,,
neg_b57c697981fca833,QLFR5,the person takes the book.,the person closes the book.,A1:test,,,
neg_b58028ffa05de33d,FBOF0,the person takes the blanket off of the bed.,the person throws the blanket off of the bed.,A1:test,,,
neg_b583fc7bd940c3f0,UEXO4,a person awakens on a couch.,a person awakens on a sofa.,A1:val;A2_alt:val;A3:val;C1:val;C2_alt:val,,,
neg_b59eeeffca7e46f0,KW0K8,person begins to sit on a bed.,person begins to sit on a chair.,A1:train;A2_alt:train;A3:train,,,
neg_b5a069f3ba2e359e,CLB72,person puts a pillow from it.,person takes a pillow from it.,A1:test,,,
neg_b5a78bb78c2235ba,Y665P,person sits down on the bed to read the book.,person sits down on the couch to read the book.,A1:test;A2_alt:test;A3:test;C1:test;C2_alt:test,,,
neg_b5ee5ffa09432a89,TTVN5,a person is putting a camera.,a person is holding a camera.,A1:test,,,
neg_b5f220754385e9e3,JEB7V,person sitting on chair looks out window.,person sitting on bed looks out window.,A1:test;A2_alt:test;A3:test;C1:test;C2_alt:test,,,
neg_b603a6e76a8f9eca,W3DYV,person closes cabinet.,person closes door.,A1:train;A2_alt:train;A3:train,,,
neg_b605a0c91ae46185,AFTMI,person put a pillow off a shelf.,person take a pillow off a shelf.,A1:val,,,
neg_b616241112b57633,29T54,person closing a wardrobe cabinet to get clothes.,person opening a wardrobe cabinet to get clothes.,A1:train;A2_alt:train;A3:train,,,
neg_b61de5ad90b71bd0,5TG2E,that person takes off their tennis shoes.,that person puts on their tennis shoes.,C1:train;C2_alt:train,,,
neg_b621d734304dc16e,ETT15,a person sits in a bed at a desk.,a person sits in a chair at a desk.,A1:val;A2_alt:val;A3:val;C1:val;C2_alt:val,,,
neg_b62a236f176a16eb,97086,person closes a laptop.,person opens a laptop.,A1:train;A2_alt:train;A3:train;C1:train;C2_alt:train,,,
neg_b62be593be2dd3c6,CD11G,person open the cabinet.,person open the refrigerator.,A1:train;A2_alt:train;A3:train,,,
neg_b638708e5fdb5411,YG9UR,person put the book.,person opened the book.,A1:test,,,
neg_b64e33620274f512,H8UJ3,the person put the book.,the person opened the book.,A1:val,,,
neg_b652b5236ed7584b,8EU89,person sitting on a couch.,person sitting on a chair.,A1:val;A2_alt:val;A3:val;C1:val;C2_alt:val,,,
neg_b655c4c582456e94,8TNSB,a person opens the closet.,a person opens the door.,A1:train;A2_alt:train;A3:train;C1:train;C2_alt:train,,,
neg_b67fd6b28905dcd0,PEWH4,person takes a sandwich.,person eats a sandwich.,A1:test,,,
neg_b69251e38f1683a9,LFDQF,the person is taking a glass of water.,the person is drinking a glass of water.,A1:test,,,
neg_b6926223119b8223,41O3J,person sits on the sofa.,person sits on the bed.,A1:train;A2_alt:train;A3:train,,,
neg_b69373dbf0e9e094,UU2LH,person sit on the couch to put her shoes on.,person sit on the bed to put her shoes on.,A1:val;A2_alt:val;A3:val;C1:val;C2_alt:val,,,
neg_b693c15931d09db3,U91SO,person start opening a nearby cabinet.,person start closing a nearby cabinet.,A1:train;A2_alt:train;A3:train,,,
neg_b6a956fe08696adf,DUSJO,person takes cup on shelf.,person puts cup on shelf.,A1:test,,,
neg_b6cd47c4ad34b4ed,6J8NE,person walks door.,person closes door.,A3:val,,,
neg_b6cf2813acd1cda9,JTXUA,a person opens a closet.,a person opens a door.,A1:train;A2_alt:train;A3:train;C1:train;C2_alt:train,,,
neg_b6eaf8951d339194,X8DZV,person closes a box to grab a pillow.,person opens a box to grab a pillow.,A1:train;A2_alt:train;A3:train,,,
neg_b6f16746187b3b24,06X2V,person puts a towel in of a box.,person takes a towel out of a box.,C1:train;C2_alt:train,,,
neg_b7160123100838ad,TK1VC,person sits on the bed.,person sits on the couch.,A1:test;A2_alt:test;A3:test;C1:test;C2_alt:test,,,
neg_b7210ac7541977fb,0Z1PC,person walks the closet doors.,person closes the closet doors.,A3:test,,,
neg_b72339166eff3c54,G2AMK,person walking the door to it behind them.,person closing the door to it behind them.,A3:test,,,
neg_b737bfd3835c6682,WT46G,person putting a coffee cup.,person holding a coffee cup.,A1:test,,,
neg_b73c2c7e2d158de2,JDZV7,person walks a cabinet door.,person opens a cabinet door.,A3:test,,,
neg_b76aed80fa73fb14,W8P6Q,the person sits in a bed.,the person sits in a chair.,A1:test;A2_alt:test;A3:test;C1:test;C2_alt:test,,,
neg_b76cb19a26be0d75,5SGU6,the person next opens a door.,the person next opens a cabinet.,A1:train;A2_alt:train;A3:train,,,
neg_b7777d25abdede00,NBE4C,person open the door.,person close the door.,A1:train;A2_alt:train;A3:train;C1:train;C2_alt:train,,,
neg_b78566260f152d4e,EXYY8,person walking the door behind them.,person closing the door behind them.,A3:test,,,
neg_b78a1d3799a5f4ad,TDGNE,person walk the door to the refrigerator.,person open the door to the refrigerator.,A3:test,,,
neg_b7ab10d6bb3b2977,YQ6Z6,person closes cabinet.,person closes door.,A1:train;A2_alt:train;A3:train,,,
neg_b7bf924e8f5210ff,ZIP18,person take a sandwich.,person eat a sandwich.,A1:test,,,
neg_b7c78654aa01e008,RBQ9Y,person taking his clothes on the bed beside him.,person putting his clothes on the bed beside him.,A1:test,,,
neg_b7d21525d19446d2,OIL1V,person takes a drinking glass from the floor.,person grabs a drinking glass from the floor.,A1:test,,,
neg_b7e7aa26f9eaf500,H0L5S,person walks the door.,person opens the door.,A3:test,,,
neg_b7e998585c9bfaaa,XJA7Z,a person puts water into a glass.,a person pours water into a glass.,A1:test,,,
neg_b7f5ef02c4f8b212,2YJUQ,person sits in a bed.,person sits in a chair.,A1:train;A2_alt:train;A3:train,,,
neg_b80748b52a4b999d,UETQS,person takes a laptop.,person opens a laptop.,A1:test,,,
neg_b80954339017d117,4BEZX,a person walks the door.,a person opens the door.,A3:test,,,
neg_b8105af69c24afdb,LWP5F,the person begins closing a box.,the person begins opening a box.,A1:train;A2_alt:train;A3:train,,,
neg_b8177cc90a127ba2,YXJBA,person putting a book that is put on a table.,person reading a book that is put on a table.,A1:val,,,
neg_b81963f538aab7e4,OQSXX,a person sits on a bed.,a person sits on a couch.,A1:test;A2_alt:test;A3:test;C1:test;C2_alt:test,,,
neg_b83cfd352c1fc139,LWINQ,person sit on the bed with blanket over the head.,person sit on the sofa with blanket over the head.,A1:train;A2_alt:train;A3:train,,,
neg_b83dd7fd9e56dc75,Y2NAO,person take a book.,person take a picture.,C1:train;C2_alt:train,,,
neg_b843cae4b5a3d8b8,29JK6,person opens the cabinet.,person closes the cabinet.,A1:train;A2_alt:train;A3:train,,,
neg_b8548d89164b7db0,A1PEO,person opens the closet to leave.,person opens the door to leave.,A1:train;A2_alt:train;A3:train;C1:train;C2_alt:train,,,
neg_b856f6ce00399c6f,XJE7I,person walk the door.,person close the door.,A3:test,,,
neg_b869faa19b73b315,3W1GP,person walks the door.,person closes the door.,A3:test,,,
neg_b87de8a8302947bf,N7130,a person opens a closet.,a person opens a door.,A1:train;A2_alt:train;A3:train;C1:train;C2_alt:train,,,
neg_b8a7fc9aca0fa6cb,OGLCO,person pours food from a bag.,person eats food from a bag.,A2_alt:test,,,
neg_b8b28d4172062d6a,OFPAE,a person awakens on a bed.,a person awakens on a sofa.,A1:train;A2_alt:train;A3:train;C1:train;C2_alt:train,,,
neg_b8c29cd0177d43c1,4LDRK,person is walking door with groceries in hand.,person is opening door with groceries in hand.,A3:val,,,
neg_b8cd4f52b89f4837,FIA2R,person closed a box in the corner.,person opened a box in the corner.,A1:train;A2_alt:train;A3:train,,,
neg_b8d22baf50764725,VNVRA,person closes the cabinet.,person closes the door.,A1:train;A2_alt:train;A3:train,,,
neg_b8d9c5842dcaecd9,WF89D,a person pours a drink from a cup.,a person takes a drink from a cup.,A2_alt:test,,,
neg_b8e110a93d7516ed,MNGT1,person put it in a box.,person put it in a bag.,C1:train;C2_alt:train,,,
neg_b8e1250a5f5a80bc,ZSAQG,another person walks across the room with shoes.,another person runs across the room with shoes.,A3:test,,,
neg_b8e81509b3c36355,UWRQV,person opens a refrigerator.,person opens a cabinet.,A1:train;A2_alt:train;A3:train,,,
neg_b8f4c1ad27021bab,95GB4,the person puts a picture of something.,the person takes a picture of something.,A1:test,,,
neg_b8fb14cd5b2e0a30,R1X8P,person is closing cabinet.,person is opening cabinet.,A1:train;A2_alt:train;A3:train,,,
neg_b8fb6307f3e8215a,M98YV,person in their right they are putting a sandwich.,person in their right they are holding a sandwich.,A1:test,,,
neg_b9087682009762e8,MZ3X9,person putting the phone.,person holding the phone.,A1:test,,,
neg_b954aed07ff55836,TNDT2,person pouring food from a plate.,person eating food from a plate.,A2_alt:test,,,
neg_b95d545bed9d4a9d,386XM,a person opens a cabinet.,a person opens a door.,A1:train;A2_alt:train;A3:train,,,
neg_b95dd0be590b5e0e,P4DL9,one person opens the refrigerator.,one person closes the refrigerator.,A1:train;A2_alt:train;A3:train;C1:train;C2_alt:train,,,
neg_b961786817512a66,ZZ89F,person opens the cabinet.,person opens the refrigerator.,A1:train;A2_alt:train;A3:train,,,
neg_b965a0733c46ba11,RJNAB,this person puts a box.,this person opens a box.,A1:test,,,
neg_b9738c2ca111c781,TCJCJ,a person takes a book on the sofa.,a person throws a book on the sofa.,A1:test,,,
neg_b987df89a326a950,DC94A,a person is opening a refrigerator.,a person is opening a cabinet.,A1:train;A2_alt:train;A3:train,,,
neg_b991979a057b554e,9MOH2,a person opens the refrigerator.,a person opens the cabinet.,A1:train;A2_alt:train;A3:train,,,
neg_b9b9e23a57777072,8IPWO,the person put a book.,the person opened a book.,A1:val,,,
neg_b9c2844732299542,XPXWY,a person walks a pantry door.,a person opens a pantry door.,A3:test,,,
neg_b9d2e3f075a3cb05,KZS5M,person pours some food.,person eats some food.,A2_alt:test,,,
neg_b9d65774b1cdd12e,42SEP,person sits down on couch.,person sits down on chair.,A1:train;A2_alt:train;A3:train,,,
neg_b9efacb36db3e608,GA7SB,person started to take his food.,person started to eat his food.,A1:test,,,
neg_b9f81130a3c9d2c5,83XF0,a person closes the door.,a person opens the door.,A1:train;A2_alt:train;A3:train;C1:train;C2_alt:train,,,
neg_b9fa9f8fc73275bd,N6FZ7,a person walks into the living room.,a person runs into the living room.,A3:test,,,
neg_ba0b2a657b8492aa,N1RJW,person closes the cabinet to the room.,person closes the door to the room.,A1:train;A2_alt:train;A3:train,,,
neg_ba78d6b9ba6ea00e,T8O8Y,the person is sitting on the couch tapping his feet.,the person is sitting on the bed tapping his feet.,A1:val;A2_alt:val;A3:val;C1:val;C2_alt:val,,,
neg_ba802f08d7f141c6,D04GX,a person is in their entryway taking a camera.,a person is in their entryway holding a camera.,A1:test,,,
neg_ba8d7dcb03c323e1,1B9DK,person the one taking a bag just watches.,person the one holding a bag just watches.,A1:test,,,
neg_ba98493e8d890677,VJG6E,the person is taking blankets.,the person is holding blankets.,A1:test,,,
neg_baa10f8b3c85791f,OHOFG,person sitting down in a bed.,person sitting down in a chair.,A1:test;A2_alt:test;A3:test;C1:test;C2_alt:test,,,
neg_baa6dfd789c30167,GL7E6,person drinks some medicine.,person takes some medicine.,A2_alt:test,,,
neg_baada76447bc01a9,I6H4R,person takes the box.,person takes the bag.,C1:train;C2_alt:train,,,
neg_bac22b6e778ba010,W0624,person opens a refrigerator.,person opens a cabinet.,A1:train;A2_alt:train;A3:train,,,
neg_bac7b31d25f2185b,Z97SD,person opens the closet.,person opens the refrigerator.,A1:train;A2_alt:train;A3:train;C1:train;C2_alt:train,,,
neg_baf4e93e4678c3e0,E6DLK,a person sits in a bed.,a person sits in a chair.,A1:test;A2_alt:test;A3:test;C1:test;C2_alt:test,,,
neg_bb034251584ddde2,2IC8O,a person is sitting in a couch watching television.,a person is sitting in a chair watching television.,A1:train;A2_alt:train;A3:train,,,
neg_bb09b3dab06f8a72,QWKVM,person pours a glass on the desk.,person puts a glass on the desk.,A2_alt:test,,,
neg_bb0caae0ac060bf6,28BVI,person pours some food.,person eats some food.,A2_alt:test,,,
neg_bb0fd4ab3c7da425,D0AGO,person puts some into a glass.,person pours some into a glass.,A1:test,,,
neg_bb459a6bf723f6e4,1NYKM,person put away the picture.,person put away the book.,C1:train;C2_alt:train,,,
neg_bb5c900f9a8f10ed,JTTAP,person open a refrigerator.,person open a cabinet.,A1:train;A2_alt:train;A3:train,,,
neg_bb64a4d11ea1906d,XHYA2,person sits down on the chair.,person sits down on the bed.,A1:test;A2_alt:test;A3:test;C1:test;C2_alt:test,,,
neg_bb660219e7908e4c,OKVGK,person closing the cabinet.,person closing the door.,A1:train;A2_alt:train;A3:train,,,
neg_bb75740e47b943db,F1GWF,person closes a laptop.,person opens a laptop.,A1:train;A2_alt:train;A3:train;C1:train;C2_alt:train,,,
neg_bb8590099d4af523,E5WJJ,person putting a paper on the wall.,person putting a picture on the wall.,C1:train;C2_alt:train,,,
neg_bb91e454f7b0b014,J3RP9,a person runs through a doorway.,a person walks through a doorway.,A3:test,,,
neg_bb92bdb5385f8f36,8XFAV,person they put a glass of juice.,person they pour a glass of juice.,A1:val,,,
neg_bb966f72eb63b60a,M014B,person putting a bag.,person holding a bag.,A1:test,,,
neg_bbd9e924b1b70dec,F1V30,a person putting a towel walks up to a counter.,a person holding a towel walks up to a counter.,A1:test,,,
neg_bbde60cd887f6fd8,PBEUF,a person is putting a drink into a glass.,a person is pouring a drink into a glass.,A1:test,,,
neg_bbde659957ffdb13,SB8G0,a person is sitting on a sofa.,a person is sitting on a chair.,A1:test;A2_alt:test;A3:test;C1:test;C2_alt:test,,,
neg_bbfb9eadc023bcfe,SM4AO,a person is taking a bag.,a person is holding a bag.,A1:test,,,
neg_bc0a8ed6e800ac7c,SJ4QF,person pours a glass.,person washes a glass.,A2_alt:test,,,
neg_bc1dc279d8fc706f,BEAAA,person taking a sandwich.,person eating a sandwich.,A1:test,,,
neg_bc214a14a9be0272,OY3LS,person took the laptop.,person opened the laptop.,A1:test,,,
neg_bc36aaa47b83cc0f,77JGY,person pours some food.,person eats some food.,A2_alt:test,,,
neg_bc3af88238b812b2,CVPQR,a person is in a basement closing their laptop.,a person is in a basement opening their laptop.,A1:train;A2_alt:train;A3:train;C1:train;C2_alt:train,,,
neg_bc3b963955e09cee,U5T4M,person sits in a couch.,person sits in a chair.,A1:test;A2_alt:test;A3:test;C1:test;C2_alt:test,,,
neg_bc4477c78a332f0f,O1LMX,a person takes a book.,a person holds a book.,A1:test,,,
neg_bc4be17aafc99fa4,9GMHF,person opens another cabinet.,person opens another door.,A1:train;A2_alt:train;A3:train,,,
neg_bc4dc13149a91be3,1BBIY,person walks the door.,person opens the door.,A3:test,,,
neg_bc59317999f3b149,QEY8N,person sits in a couch eating the sandwich.,person sits in a chair eating the sandwich.,A1:train;A2_alt:train;A3:train,,,
neg_bc7661e7cb386f86,7RXMM,the person sits on a couch next to a sink.,the person sits on a chair next to a sink.,A1:test;A2_alt:test;A3:test;C1:test;C2_alt:test,,,
neg_bc911ea6b90d921d,11DD3,the person sits back down on the couch.,the person sits back down on the bed.,A1:train;A2_alt:train;A3:train,,,
neg_bc91d47afbf006b1,LY10X,person closes cabinet.,person opens cabinet.,A1:train;A2_alt:train;A3:train,,,
neg_bcbecd7b56e30db0,E002I,the person gets up to walk the door.,the person gets up to close the door.,A3:test,,,
neg_bcd0e3db5c3a51d2,B3HCE,a person opens a closet.,a person opens a door.,A1:train;A2_alt:train;A3:train;C1:train;C2_alt:train,,,
neg_bcd8e23115ffa321,FQGW4,person sits down in a bed to take a drink.,person sits down in a chair to take a drink.,A1:test;A2_alt:test;A3:test;C1:test;C2_alt:test,,,
neg_bce40d9f07c8f661,11DD3,the person sits back down on the chair.,the person sits back down on the bed.,A1:train;A2_alt:train;A3:train,,,
neg_bd05fc7afbb6ec41,USM36,person putting a laptop.,person opening a laptop.,A1:val,,,
neg_bd1b415cd69f5915,WW4MY,person puts a drink sits the glass back down.,person takes a drink sits the glass back down.,A1:val,,,
neg_bd2c0820208b58c9,36T5X,person walking the door.,person closing the door.,A3:test,,,
neg_bd3a721fcccd9fdf,U5T4M,person sits in a bed.,person sits in a chair.,A1:test;A2_alt:test;A3:test;C1:test;C2_alt:test,,,
neg_bd53c4fc771819a2,5NV2Z,a person drinks a cup from a table.,a person takes a cup from a table.,A2_alt:test,,,
neg_bd5c65894f748e34,VU996,a person runs into their closet holding a pillow.,a person walks into their closet holding a pillow.,A3:test,,,
neg_bd7bebb1015a19ab,CGPBZ,person sit down in a bed.,person sit down in a chair.,A1:train;A2_alt:train;A3:train,,,
neg_bd7cfc9009e12f40,EMWAP,person putting food.,person eating food.,A1:val,,,
neg_bdce6c5fae98a25e,35C4E,person opened the closet.,person opened the door.,A1:train;A2_alt:train;A3:train;C1:train;C2_alt:train,,,
neg_bdd32251b0d6f26d,SFWBN,person they sit down in a couch.,person they sit down in a chair.,A1:train;A2_alt:train;A3:train,,,
neg_bde248b915365b36,ZPUVC,a person walks a door.,a person opens a door.,A3:val,,,
neg_bdecdad615912554,RRZU3,the person closes the laptop.,the person opens the laptop.,A1:train;A2_alt:train;A3:train;C1:train;C2_alt:train,,,
neg_bdf63809ecabb689,NOJK1,a person awakens in a sofa.,a person awakens in a chair.,A1:train;A2_alt:train;A3:train;C1:train;C2_alt:train,,,
neg_be035efef9dbc9aa,R1KMF,person walks a door by turning the handle.,person opens a door by turning the handle.,A3:test,,,
neg_be050927ce9e3274,GCI2J,the person puts a pair of running shoes from nearby.,the person takes a pair of running shoes from nearby.,A1:test,,,
neg_be0eb4dba3049931,G30NS,person taking things on a shelf.,person putting things on a shelf.,A1:test,,,
neg_be175fbf1794b604,TTVN5,a person is taking a camera.,a person is holding a camera.,A1:test,,,
neg_be1982057a96e960,19MUM,person closing the cabinet behind them.,person closing the door behind them.,A1:train;A2_alt:train;A3:train,,,
neg_be19a5047add3f2c,UFNPU,a person opens the cabinet to the laundry room.,a person opens the door to the laundry room.,A1:train;A2_alt:train;A3:train,,,
neg_be1f558c70b583f5,NVKDC,the person takes the bag onto a shelf.,the person puts the bag onto a shelf.,A1:val,,,
neg_be2332d74304992a,MS4GA,a person walks a door.,a person opens a door.,A3:test,,,
neg_be2af25b11a629dd,ST7MR,person walks a door.,person closes a door.,A3:test,,,
neg_be42cdd1056460a7,7RXMM,the person sits on a sofa next to a sink.,the person sits on a chair next to a sink.,A1:test;A2_alt:test;A3:test;C1:test;C2_alt:test,,,
neg_be4799cfce1a9347,CIIWP,person takes a bag onto the shelf.,person throws a bag onto the shelf.,A1:val,,,
neg_be4a1e53c65748a0,VQOI3,person putting a bag.,person opening a bag.,A1:test,,,
neg_be618bb440d2d00c,PV856,a person opens a closet in their garage.,a person opens a door in their garage.,A1:train;A2_alt:train;A3:train;C1:train;C2_alt:train,,,
neg_be7bcb756a7306de,35ZZP,the person pours the food on the table.,the person puts the food on the table.,A2_alt:test,,,
neg_be7fa5256e1d6c81,5R7VN,a person takes two shoes down the stairs.,a person throws two shoes down the stairs.,A1:test,,,
neg_be88d9d499b238bf,DB52Q,a person closes a cabinet door.,a person opens a cabinet door.,A1:train;A2_alt:train;A3:train;C1:train;C2_alt:train,,,
neg_bea0cbb0c8437e3f,JTXUA,person opens the closet.,person opens the door.,A1:train;A2_alt:train;A3:train;C1:train;C2_alt:train,,,
neg_beae9665345f646a,8V8HC,a person is walking through an entryway.,a person is running through an entryway.,A3:test,,,
neg_becb226ebafd5057,0A8CF,person pours a glass from somewhere.,person takes a glass from somewhere.,A2_alt:test,,,
neg_bed0adc7c7039d35,WKPQ3,person walk the closet door.,person close the closet door.,A3:test,,,
neg_beefaac0dda982d0,RRNDQ,person sitting in a bed.,person sitting in a chair.,A1:train;A2_alt:train;A3:train,,,
neg_bef49cda398e05a0,IBX56,a person in the recreation room is putting a sandwich.,a person in the recreation room is eating a sandwich.,A1:val,,,
neg_bf0f14a50ff2c3cb,TS2DM,person putting a cell phone.,person holding a cell phone.,A1:test,,,
neg_bf21cafff3585137,6YN3J,a person is sitting on the bed eating a sandwich.,a person is sitting on the couch eating a sandwich.,A1:train;A2_alt:train;A3:train,,,
neg_bf2278f5e4b994cb,2Y8XQ,person putting glass.,person drinking glass.,A1:test,,,
neg_bf242c9c04bc1040,6YGBD,person putting a glass of water with the other hand.,person drinking a glass of water with the other hand.,A1:val,,,
neg_bf34a66fb14c51a6,6JB5R,person sits down on sofa.,person sits down on chair.,A1:train;A2_alt:train;A3:train,,,
neg_bf396c7eb2dc714c,C278V,a woman is sitting on a bed folding laundry.,a woman is sitting on a sofa folding laundry.,A1:train;A2_alt:train;A3:train,,,
neg_bf40e5e337f86b23,6C0BK,a person is taking a towel on a towel rack.,a person is putting a towel on a towel rack.,A1:test,,,
neg_bf4a3cfac36e3e1e,BLIFO,person opens the door.,person opens the cabinet.,A1:train;A2_alt:train;A3:train,,,
neg_bf4a722b71681df1,6TV29,the person opens the closet.,the person opens the door.,A1:train;A2_alt:train;A3:train;C1:train;C2_alt:train,,,
neg_bf6fc6fddc97cbbf,P4SB9,person start putting some food from the stove.,person start eating some food from the stove.,A1:test,,,
neg_bf7cd7f32aed594c,3W1GP,a person walks the door.,a person opens the door.,A3:test,,,
neg_bf7cfb5bdf649258,VAXUU,person opening the door behind themselves.,person closing the door behind themselves.,A1:train;A2_alt:train;A3:train;C1:train;C2_alt:train,,,
neg_bf865e1d96aa4184,FBIVN,a person is opening a door.,a person is closing a door.,A1:train;A2_alt:train;A3:train;C1:train;C2_alt:train,,,
neg_bf8ff9b28639450d,58YA5,a person is sitting on the chair.,a person is sitting on the couch.,A1:train;A2_alt:train;A3:train,,,
neg_bfa59f22bd1cff62,485I1,a person sits in a couch.,a person sits in a chair.,A1:train;A2_alt:train;A3:train,,,
neg_bfb5feed124aa103,N0G70,a person pours food into a sandwich maker.,a person puts food into a sandwich maker.,A2_alt:test,,,
neg_bfceebdf2b1494da,K1M15,person running with their phone.,person playing with their phone.,A3:val,,,
neg_bfcffcb6e9135ca2,9GMHF,person opens another closet.,person opens another door.,A1:train;A2_alt:train;A3:train;C1:train;C2_alt:train,,,
neg_bfd527df8668e98e,HI4NV,the person is also pouring some food.,the person is also holding some food.,A2_alt:test,,,
neg_bfdda0566f811c2c,W65SM,a person is pouring a pouring water into a glass.,a person is sitting a pouring water into a glass.,A2_alt:test,,,
neg_bfdfd4e1ba0dfabd,7QH3I,a second person is sitting on the bed.,a second person is sitting on the couch.,A1:train;A2_alt:train;A3:train,,,
neg_bfecee4ebf80a8e8,9HI9D,the person closes the cabinet door.,the person opens the cabinet door.,A1:train;A2_alt:train;A3:train;C1:train;C2_alt:train,,,
neg_bfed319e81dc354c,HDHGT,person puts the box.,person opens the box.,A1:test,,,
neg_c02ac01abb055828,CR1OK,person sits in a couch.,person sits in a chair.,A1:val;A2_alt:val;A3:val;C1:val;C2_alt:val,,,
neg_c033c72b63a61e17,3MV13,the person starts running to the doorway.,the person starts walking to the doorway.,A3:test,,,
neg_c03e168ac695a93f,7QWL3,person they open the book.,person they close the book.,A1:train;A2_alt:train;A3:train;C1:train;C2_alt:train,,,
neg_c047d42aca34a42d,E8468,person close the cabinet.,person close the door.,A1:train;A2_alt:train;A3:train,,,
neg_c06f03fb0bde8873,RZIAJ,a person sitting on a couch.,a person sitting on a bed.,A1:train;A2_alt:train;A3:train,,,
neg_c070f72f18e0cd56,RBQ9Y,person walking his clothes on the bed beside him.,person putting his clothes on the bed beside him.,A3:test,,,
neg_c07222e0001c5ed6,9OJXP,a person closes a door.,a person opens a door.,A1:train;A2_alt:train;A3:train;C1:train;C2_alt:train,,,
neg_c08eefa020a35486,8ZO48,a person is awakened on the sofa.,a person is awakened on the bed.,A1:val;A2_alt:val;A3:val;C1:val;C2_alt:val,,,
neg_c096d5864e12156a,Z9W47,a person walks a door.,a person opens a door.,A3:val,,,
neg_c09b8425face4b3a,LEPM3,a person is opening a door.,a person is opening a cabinet.,A1:train;A2_alt:train;A3:train,,,
neg_c09dc15675727379,7C13O,person sit in a couch when they are done.,person sit in a chair when they are done.,A1:val;A2_alt:val;A3:val;C1:val;C2_alt:val,,,
neg_c0a8610d858d1f4b,OADOE,person walking the door behind him.,person closing the door behind him.,A3:val,,,
neg_c0c0d015018581fd,3W1GP,a person walks a door.,a person opens a door.,A3:test,,,
neg_c0c69f15aa47ffe6,UPT25,person sit down on the bed.,person sit down on the sofa.,A1:test;A2_alt:test;A3:test;C1:test;C2_alt:test,,,
neg_c0d2e71be6acb124,F66WG,a person taking shoes enters a bathroom.,a person holding shoes enters a bathroom.,A1:test,,,
neg_c0fb698746868126,1FPW9,person sits on couch.,person sits on bed.,A1:val;A2_alt:val;A3:val;C1:val;C2_alt:val,,,
neg_c0fdb6a0221f63bf,ZC59Y,a person is taking a book.,a person is opening a book.,A1:test,,,
neg_c0feee564633cc37,W292V,person puts a drink from a red cup.,person takes a drink from a red cup.,A1:test,,,
neg_c1064d4dfa6969ea,4YBN9,one person puts a bag on a small desk.,one person opens a bag on a small desk.,A1:test,,,
neg_c10b20ef07f8c9cc,VKKIQ,a person opens a cabinet.,a person opens a refrigerator.,A1:train;A2_alt:train;A3:train,,,
neg_c1305af0cf380d2b,VGAMG,a person is sitting in a couch at a desk.,a person is sitting in a chair at a desk.,A1:train;A2_alt:train;A3:train,,,
neg_c13e8953ebad8b39,ONMCW,person drinks a glass from the desk.,person takes a glass from the desk.,A2_alt:test,,,
neg_c150e209b86e1dad,CBXVQ,a person opens a door.,a person opens a cabinet.,A1:train;A2_alt:train;A3:train,,,
neg_c15577da4656ca40,DXUQS,person putting a broom.,person holding a broom.,A1:val,,,
neg_c15984e7573e6198,JMCBE,a person is putting a blanket down the stairs.,a person is throwing a blanket down the stairs.,A1:test,,,
neg_c172655f4f762681,D04GX,a person walks a door.,a person opens a door.,A3:test,,,
neg_c17d80feae3f722b,SM41Q,person puts a laptop.,person takes a laptop.,A1:test,,,
neg_c17f89a1d5368e47,G30NS,person pouring things on a shelf.,person putting things on a shelf.,A2_alt:test,,,
neg_c181fae1178f7ed2,A21M5,person takes a book.,person closes a book.,A1:val,,,
neg_c1989f6d25194548,7P0JX,person opening the door behind them.,person closing the door behind them.,A1:train;A2_alt:train;A3:train;C1:train;C2_alt:train,,,
neg_c1ac4f957e323d5c,KX7FC,person closed the doors beneath the sink.,person closed the cabinets beneath the sink.,A1:train;A2_alt:train;A3:train,,,
neg_c1b696097765ab16,MGDO2,person closing the cabinet behind them.,person closing the door behind them.,A1:train;A2_alt:train;A3:train,,,
neg_c1dc64b80e373935,QQGU3,a person walks a small cabinet door.,a person opens a small cabinet door.,A3:test,,,
neg_c1df8ed27ea7dcb0,D9PWE,a person puts a vacuum.,a person takes a vacuum.,A1:test,,,
neg_c1ea32092fdbaa5d,LLTBQ,a person walks the bedroom door.,a person opens the bedroom door.,A3:test,,,
neg_c1f0b88dd8d23645,UJOLG,person puts on their shoes.,person takes off their shoes.,C1:train;C2_alt:train,,,
neg_c1f703af2a6f9d8f,3LLXX,the person pours some medicine.,the person takes some medicine.,A2_alt:val,,,
neg_c20886bd855a0a4a,1P7GJ,person they walk a door to grab a broom.,person they open a door to grab a broom.,A3:test,,,
neg_c20bb7505004a655,AFTMI,the person puts a pillow from the shelf.,the person takes a pillow from the shelf.,A1:val,,,
neg_c2175bbeea92feee,DP7KP,person takes the book.,person throws the book.,A1:val,,,
neg_c22040e9b7578b5f,6LUM5,one person sitting in a couch closes a laptop.,one person sitting in a chair closes a laptop.,A1:train;A2_alt:train;A3:train,,,
neg_c22815501bfb1339,0Z1PC,person takes the pillow in there.,person puts the pillow in there.,A1:test,,,
neg_c238032474e8e03e,V0ZD9,person puts a cup.,person washes a cup.,A1:test,,,
neg_c24dbcfc1d3c6015,9ZE0J,one person walks up the stairs eating.,one person runs up the stairs eating.,A3:test,,,
neg_c260cc9d7946bdd8,1DL0E,person takes a book.,person takes a picture.,C1:train;C2_alt:train,,,
neg_c266996d0c9bc778,RFH6M,person takes a towel over the shoulder.,person puts a towel over the shoulder.,A1:test,,,
neg_c26cd92f9cf9b6ee,CMC93,person sitting on a couch.,person sitting on a chair.,A1:train;A2_alt:train;A3:train,,,
neg_c2754502fefd5f64,57WV7,person sits on the sofa.,person sits on the chair.,A1:train;A2_alt:train;A3:train,,,
neg_c278ddf4578a9aae,EURF2,the person sits on the chair.,the person sits on the bed.,A1:test;A2_alt:test;A3:test;C1:test;C2_alt:test,,,
neg_c279099dee6e5d3b,XO8NL,a person takes a pillow into a closet.,a person throws a pillow into a closet.,A1:test,,,
neg_c2a6282ce7a9d35f,8YFD1,person is running in laundry room looking fixing their hair.,person is standing in laundry room looking fixing their hair.,A3:test,,,
neg_c2abbb0fd3b4ae0a,8PL34,person sits on the couch.,person sits on the bed.,A1:train;A2_alt:train;A3:train,,,
neg_c2b60ad451f982e2,H032R,person takes a towel on the floor.,person throws a towel on the floor.,A1:test,,,
neg_c2ce52f3e8b3fd24,T8O8Y,a person is sitting on the sofa holding their phone.,a person is sitting on the bed holding their phone.,A1:val;A2_alt:val;A3:val;C1:val;C2_alt:val,,,
neg_c2d0f79c4a75bd0d,JMCBE,a person is taking a blanket down the stairs.,a person is throwing a blanket down the stairs.,A1:test,,,
neg_c2d4dc4a817678a5,T4NAU,a person opens a door.,a person opens a cabinet.,A1:train;A2_alt:train;A3:train,,,
neg_c2e624cc1722b935,LRDW5,a person walks a closet door.,a person opens a closet door.,A3:test,,,
neg_c2ea51f9f2d8106c,N9KNS,one person is putting a bag.,one person is holding a bag.,A1:test,,,
neg_c2edd416956ace1c,NTW37,person closes the cabinet.,person closes the door.,A1:train;A2_alt:train;A3:train,,,
neg_c2fae6d3f5690077,7EJUR,person pours some food from it.,person takes some food from it.,A2_alt:test,,,
neg_c2fca2b172f2a336,MS4GA,a person walks a door with the doorknob.,a person opens a door with the doorknob.,A3:test,,,
neg_c308d0a2b0ea6008,VYW49,person sits down in a bed.,person sits down in a chair.,A1:train;A2_alt:train;A3:train,,,
neg_c3145678c4bc0211,GFVSV,person put the book.,person open the book.,A1:val,,,
neg_c315238037738902,T8VDU,a person is sitting in a bed watching tv.,a person is sitting in a chair watching tv.,A1:test;A2_alt:test;A3:test;C1:test;C2_alt:test,,,
neg_c316e35903bdab83,UTLNI,person open a refrigerator.,person open a cabinet.,A1:train;A2_alt:train;A3:train,,,
neg_c31e94eff0e6d945,URK3G,person take the books.,person open the books.,A1:test,,,
neg_c3253d773d2c20cd,WCY52,person takes some clothes that they spot on the floor.,person throws some clothes that they spot on the floor.,A1:val,,,
neg_c3299825cc430933,50E06,a person in their recreation room is pouring some food.,a person in their recreation room is eating some food.,A2_alt:test,,,
neg_c32c588a5793fe41,G1BSD,one person puts water into 2 cups.,one person pours water into 2 cups.,A1:val,,,
neg_c333086dce0687f2,9IT59,a person throwing a pillow walks through a hallway.,a person holding a pillow walks through a hallway.,C1:train;C2_alt:train,,,
neg_c34d306c88f9f208,MBAA5,person walking a closet door in the hallway.,person closing a closet door in the hallway.,A3:test,,,
neg_c3503fc2eaff1aa2,ZTWJB,a person puts a broom ferociously at the floor.,a person throws a broom ferociously at the floor.,A1:test,,,
neg_c357f3961189b27e,8O07M,person walks a door.,person opens a door.,A3:test,,,
neg_c3692d3dd7237ee4,XHYA2,person they take their shoes behind the door.,person they throw their shoes behind the door.,A1:test,,,
neg_c36ead1037d018ce,0HD0T,person closes a cabinet.,person opens a cabinet.,A1:train;A2_alt:train;A3:train,,,
neg_c39ec325b4672bfc,OT35M,a person took a towels around their neck.,a person put a towels around their neck.,A1:test,,,
neg_c3bd53c04a056f3b,FQGQS,a person closes a closet door.,a person opens a closet door.,A1:train;A2_alt:train;A3:train;C1:train;C2_alt:train,,,
neg_c3cb9ff4d7e09877,LBJ0W,a person sitting on a sofa takes off their shoes.,a person sitting on a bed takes off their shoes.,A1:test;A2_alt:test;A3:test;C1:test;C2_alt:test,,,
neg_c3d8dfb297b9f259,SY5QP,a person is walking in the room holding a sandwich.,a person is standing in the room holding a sandwich.,A3:test,,,
neg_c3fd23607ef85aa6,H5ZG9,a person opens a cabinet.,a person opens a refrigerator.,A1:train;A2_alt:train;A3:train,,,
neg_c4126ea5b48fe862,4VX01,person walks the door.,person closes the door.,A3:test,,,
neg_c420905d9c47fc74,2OHTZ,the person pours a couple drinks from a cup.,the person takes a couple drinks from a cup.,A2_alt:test,,,
neg_c42e919d3294fa82,8FH96,person she opens the closet.,person she opens the refrigerator.,A1:train;A2_alt:train;A3:train;C1:train;C2_alt:train,,,
neg_c43aea14d4348fce,6BI70,person opens the closet.,person opens the door.,A1:train;A2_alt:train;A3:train;C1:train;C2_alt:train,,,
neg_c44d02c1be5a6b4d,UQJ5W,person puts a picture of something outside.,person takes a picture of something outside.,A1:test,,,
neg_c44eb9dc14ae9962,3XUPT,person opens closet.,person opens door.,A1:train;A2_alt:train;A3:train;C1:train;C2_alt:train,,,
neg_c454c40e7bf13285,857LD,a person opens the door.,a person closes the door.,A1:train;A2_alt:train;A3:train;C1:train;C2_alt:train,,,
neg_c479123943fc0213,4PEL7,person runs into a room to sit on the couch.,person walks into a room to sit on the couch.,A3:test,,,
neg_c4809eca7b1b129e,W0XPU,a person takes a pair of shoes.,a person holds a pair of shoes.,A1:test,,,
neg_c483d6e695a3ed83,TEPWB,person took some clothes out it.,person put some clothes in it.,C1:train;C2_alt:train,,,
neg_c4aa278809cdec0a,2BS0V,person closing the cabinet behind them.,person closing the door behind them.,A1:train;A2_alt:train;A3:train,,,
neg_c4d4438a98d7d4f7,FSKKQ,a person runs in their recreation room.,a person awakens in their recreation room.,A3:val,,,
neg_c4ddff249b711805,U0P7W,person takes the picture inside.,person puts the picture inside.,A1:test,,,
neg_c4e7fcec1df5347b,VZY0C,person running to a sofa.,person running to a bed.,C1:train;C2_alt:train,,,
neg_c4f394d20e928dd2,UQJ5W,person put a picture through the open window.,person take a picture through the open window.,A1:test,,,
neg_c4fc1d59a75fea23,0M2DO,a person in a bathroom closes a cabinet.,a person in a bathroom opens a cabinet.,A1:train;A2_alt:train;A3:train,,,
neg_c4fc9f02b1a97662,SB8G0,person sitting in a bed.,person sitting in a chair.,A1:test;A2_alt:test;A3:test;C1:test;C2_alt:test,,,
neg_c503c0561d229437,MVPQF,person takes the bags on the bottom shelf.,person puts the bags on the bottom shelf.,A1:val,,,
neg_c50eb52265828bcf,F1V30,person taking a glass.,person washing a glass.,A1:test,,,
neg_c51001823ffebddf,GCI2J,person puts some pictures.,person takes some pictures.,A1:test,,,
neg_c5172372695da518,W1CG2,the person pours the food on the desk.,the person puts the food on the desk.,A2_alt:test,,,
neg_c526df4c43900507,W1VO2,a person walks the door.,a person opens the door.,A3:val,,,
neg_c528b2cf92b73bc5,PKRP5,person sits down in a couch.,person sits down in a chair.,A1:train;A2_alt:train;A3:train,,,
neg_c529ba513e5d5ca3,O6FSN,a person is closing the refrigerator door.,a person is opening the refrigerator door.,A1:train;A2_alt:train;A3:train;C1:train;C2_alt:train,,,
neg_c52d28702f14e690,6KDQO,person pours the glass on a chair.,person puts the glass on a chair.,A2_alt:val,,,
neg_c550798890c8f988,WEVQH,person they begin to put clothes from a bag.,person they begin to throw clothes from a bag.,A1:val,,,
neg_c555bc6b729dbeb7,VKTYD,person closes the cabinet.,person closes the door.,A1:train;A2_alt:train;A3:train,,,
neg_c57989c6153e03b4,LLE9B,person takes the laptop away.,person puts the laptop away.,A1:test,,,
neg_c5bc7d4826db6f6a,EUJK0,person open the laptop.,person close the laptop.,A1:train;A2_alt:train;A3:train;C1:train;C2_alt:train,,,
neg_c5cc7c29f1b9ab3c,BVX8X,person goes to close the refrigerator for something.,person goes to open the refrigerator for something.,A1:train;A2_alt:train;A3:train;C1:train;C2_alt:train,,,
neg_c5d9d2d16d63d2a7,DLQIT,person sits on a bed.,person sits on a chair.,A1:train;A2_alt:train;A3:train,,,
neg_c5e929de56ac9b83,PN1F2,person is putting pillow.,person is holding pillow.,A1:test,,,
neg_c5e95966a6f3c701,OMX6W,a person closes a closet door.,a person opens a closet door.,C1:train;C2_alt:train,,,
neg_c5ec6a776c518334,T8VDU,person takes a red drinking glass from the table.,person grabs a red drinking glass from the table.,A1:test,,,
neg_c60068748dd705ce,BI6Y4,person sits on the bed at the dining table.,person sits on the chair at the dining table.,A1:test;A2_alt:test;A3:test;C1:test;C2_alt:test,,,
neg_c609d4e228b09c8f,VU996,person takes some blankets away inside.,person puts some blankets away inside.,A1:test,,,
neg_c60abc9b51c5f6a2,V4HBP,a person is sitting on a chair folding a towel.,a person is sitting on a bed folding a towel.,A1:val;A2_alt:val;A3:val;C1:val;C2_alt:val,,,
neg_c628f5c1f40005eb,ZL55N,person close the cabinet.,person close the door.,A1:train;A2_alt:train;A3:train,,,
neg_c63bb5a391045a63,987P8,a person puts some clothes on the ground.,a person throws some clothes on the ground.,A1:val,,,
neg_c63c0b3801210d5a,SB7CW,person walks the cabinet door.,person opens the cabinet door.,A3:val,,,
neg_c63d1a22c286cb74,NZG0R,person opening the door to a refrigerator.,person closing the door to a refrigerator.,A1:train;A2_alt:train;A3:train;C1:train;C2_alt:train,,,
neg_c6405cbb3d63fd5c,LQ0LM,person close the door.,person close the cabinet.,A1:train;A2_alt:train;A3:train,,,
neg_c6423e51dc1a476e,EQ4GN,person pours water from a glass.,person drinks water from a glass.,C1:train;C2_alt:train,,,
neg_c647fa3caa08c7e8,OB660,person puts a blanket off of them.,person throws a blanket off of them.,A1:test,,,
neg_c6582c94ab44611d,16D5O,the person takes the pillow into the cabinet.,the person throws the pillow into the cabinet.,A1:val,,,
neg_c667f7248c7b51aa,R4SJJ,person they walk some clothes on the bed.,person they throw some clothes on the bed.,A3:test,,,
neg_c68027405dbb50c8,AFAXI,person sitting on the chair.,person sitting on the bed.,A1:train;A2_alt:train;A3:train,,,
neg_c6bcc41cf7131335,R5WMI,a person puts some pictures on a camera.,a person takes some pictures on a camera.,A1:test,,,
neg_c6bf152cc3a24a06,WESPT,person open the cabinet.,person open the door.,A1:train;A2_alt:train;A3:train,,,
neg_c6bf9ed78947306c,1FIGA,person takes it to a refrigerator they open the cabinet.,person takes it to a cabinet they open the cabinet.,A1:test,,,
neg_c6db43669bbf0039,YV521,this person is sitting on a chair.,this person is sitting on a bed.,A1:train;A2_alt:train;A3:train,,,
neg_c6e0fd55fad770a1,2J4MA,person begin closing the refrigerator to find more food.,person begin opening the refrigerator to find more food.,A1:train;A2_alt:train;A3:train;C1:train;C2_alt:train,,,
neg_c6e56288efc7dee2,VCV6A,one person puts a sandwich.,one person takes a sandwich.,A1:val,,,
neg_c6ee008b07786d0d,RJCNV,person closes a book on the table.,person opens a book on the table.,C1:train;C2_alt:train,,,
neg_c6f5097e41e308cf,2VCOB,person starts opening the refrigerator nearby.,person starts closing the refrigerator nearby.,A1:train;A2_alt:train;A3:train;C1:train;C2_alt:train,,,
neg_c6fa7c2025d6ac5e,BEAAA,a person is sitting on a sofa eating food.,a person is sitting on a chair eating food.,A1:test;A2_alt:test;A3:test;C1:test;C2_alt:test,,,
neg_c70af63843c32e60,8X7D6,another person opens a laptop.,another person closes a laptop.,A1:train;A2_alt:train;A3:train;C1:train;C2_alt:train,,,
neg_c710500cc39db213,P6JGZ,person walks the door.,person closes the door.,A3:test,,,
neg_c710abe6252fd3a8,4QSRS,a person picks a book up onto the table.,a person puts a book down onto the table.,C1:train;C2_alt:train,,,
neg_c714073fcdf6eb3b,AWN1C,person they pour a drink from a coffee cup.,person they take a drink from a coffee cup.,A2_alt:test,,,
neg_c71bc9c4811d19be,J5DOP,person runs into the kitchen to open the refrigerator door.,person walks into the kitchen to open the refrigerator door.,A3:test,,,
neg_c7393687ec6acf4c,CCTIO,the person puts on their shoes.,the person takes off their shoes.,C1:train;C2_alt:train,,,
neg_c748bb92b2b0f255,MBGPJ,person a guy is sitting in a couch.,person a guy is sitting in a chair.,A1:train;A2_alt:train;A3:train,,,
neg_c74f62a5bb6d82e8,LGS4C,person slightly closes the cabinet.,person slightly closes the door.,A1:train;A2_alt:train;A3:train,,,
neg_c76816de9d5e6ccb,AST4H,person runs through a doorway.,person walks through a doorway.,A3:val,,,
neg_c770ccd597b86aaa,QS0AZ,person they open the closet.,person they open the refrigerator.,A1:train;A2_alt:train;A3:train;C1:train;C2_alt:train,,,
neg_c78ab34a08468f39,AQ69X,person taking off shoes.,person putting on shoes.,C1:train;C2_alt:train,,,
neg_c79150b62381ecbd,ALJ7B,person begins to put the water from the glass.,person begins to drink the water from the glass.,A1:test,,,
neg_c7945e94a9e7c2f3,L09BS,the person walks a door.,the person opens a door.,A3:val,,,
neg_c7992abc5da00e33,X3ASU,person picks the book up.,person puts the book down.,C1:train;C2_alt:train,,,
neg_c7a47a634f07e540,X817Z,person taking the book aside.,person putting the book aside.,A1:test,,,
neg_c7b8a8688b1174e2,9J7EW,person sits in a couch.,person sits in a chair.,A1:test;A2_alt:test;A3:test;C1:test;C2_alt:test,,,
neg_c7bcaf06be92bc36,1VRH1,person they take the book.,person they throw the book.,A1:test,,,
neg_c7c8b74908607c88,PT4XS,person where he begins putting dishes.,person where he begins washing dishes.,A1:test,,,
neg_c7d0139dc62edae4,O3Y57,person walked the door.,person closed the door.,A3:test,,,
neg_c7d014dc43b59d42,YNIWQ,person they put the picture under their arm.,person they put the book under their arm.,C1:train;C2_alt:train,,,
neg_c7df3251e7c19b08,4FX6G,a person walks a door with a doorknob.,a person opens a door with a doorknob.,A3:test,,,
neg_c7e8d3b9e9fc9adb,S2FUO,the person puts something into a glass.,the person pours something into a glass.,A1:test,,,
neg_c7ed9d99e860b07d,3R4DD,person sit in a bed.,person sit in a chair.,A1:test;A2_alt:test;A3:test;C1:test;C2_alt:test,,,
neg_c7fd1dd4d79d3f9c,MYBRN,person walks a cabinet door.,person closes a cabinet door.,A3:test,,,
neg_c7fd7593681f84fc,USNFB,person opens closet.,person opens door.,A1:train;A2_alt:train;A3:train;C1:train;C2_alt:train,,,
neg_c820734b380c1ab8,XWKKZ,person opening closet to a room.,person opening door to a room.,A1:train;A2_alt:train;A3:train;C1:train;C2_alt:train,,,
neg_c830dca1f6d7107d,LLTBQ,a person walks a door.,a person opens a door.,A3:test,,,
neg_c87a5d749223b6e8,VKTYD,person a glass sits down on the chair.,person a glass sits down on the couch.,A1:train;A2_alt:train;A3:train,,,
neg_c881af859cf9d14f,S444Y,person they put things from the bag.,person they take things from the bag.,A1:test,,,
neg_c88d1bb7d239ca25,S67WR,person close a door.,person open a door.,A1:train;A2_alt:train;A3:train;C1:train;C2_alt:train,,,
neg_c893d447a03f1c87,E6DLK,person walks to the window to look out.,person runs to the window to look out.,A3:test,,,
neg_c8ae0ea9fcb6da7c,EMF9Q,person they open a door.,person they open a cabinet.,A1:train;A2_alt:train;A3:train,,,
neg_c8b19af754602e56,OT35M,person put a picture.,person take a picture.,A1:test,,,
neg_c8c45ad05127ee5f,12XD3,the person begins taking the sandwich.,the person begins eating the sandwich.,A1:test,,,
neg_c8c60813f5adfb14,0Z1PC,person is taking a pillow.,person is holding a pillow.,A1:test,,,
neg_c8cf5e85726a5d42,GL7E6,person pours some medicine.,person takes some medicine.,A2_alt:test,,,
neg_c8d0a7de7c186eae,DOYQE,person puts a drink from a coffee cup.,person takes a drink from a coffee cup.,A1:test,,,
neg_c8d38cee3f5d2c96,81VSN,person running through a doorway in the living room.,person walking through a doorway in the living room.,A3:test,,,
neg_c8d70451b67d0a88,V4HBP,person sits on a couch.,person sits on a bed.,A1:val;A2_alt:val;A3:val;C1:val;C2_alt:val,,,
neg_c8e68b5626fc7477,Q071E,person a towel they take the bag.,person a towel they open the bag.,A1:val,,,
neg_c8e8ef8ecbba26b3,XP305,a person is sitting down on a sofa.,a person is sitting down on a chair.,A1:train;A2_alt:train;A3:train,,,
neg_c8ed42a1ce8473e0,0XV7B,a person opens a closet.,a person opens a door.,A1:train;A2_alt:train;A3:train;C1:train;C2_alt:train,,,
neg_c90622c7237cf4de,TUJF4,a person walks a door.,a person opens a door.,A3:test,,,
neg_c9216fb5f7838f57,S3TR3,person put their shoes on.,person take their shoes off.,C1:train;C2_alt:train,,,
neg_c92d49d265bfd2d1,6CAZU,a person is sitting in a bed putting on shoes.,a person is sitting in a chair putting on shoes.,A1:test;A2_alt:test;A3:test;C1:test;C2_alt:test,,,
neg_c92eccaa5a427645,GV9M4,person putting a glass of water.,person drinking a glass of water.,A1:val,,,
neg_c9411d80d66db11b,JHB0M,person putting some groceries.,person eating some groceries.,A1:test,,,
neg_c957602d77be3420,X07QW,person sits down on a bed.,person sits down on a couch.,A1:test;A2_alt:test;A3:test;C1:test;C2_alt:test,,,
neg_c9629c508b936fe6,NQMMJ,person walks the cabinet door.,person closes the cabinet door.,A3:test,,,
neg_c9668c83e5f1d254,EEVD3,person pour the food.,person eat the food.,A2_alt:test,,,
neg_c9769f16ff632feb,3ZC4Y,person open the closet.,person open the refrigerator.,C1:train;C2_alt:train,,,
neg_c9ab73b3f4cf10bd,BOKLM,person takes their shoes off.,person puts their shoes on.,C1:train;C2_alt:train,,,
neg_c9b0ee3187c0aa08,9POJB,person sitting in a bed drinking a something.,person sitting in a chair drinking a something.,A1:test;A2_alt:test;A3:test;C1:test;C2_alt:test,,,
neg_c9cdaa5de0f94c38,IDXM0,one person takes a box of shoes.,one person opens a box of shoes.,A1:test,,,
neg_c9fe15287139a697,0QHR4,person they put some food.,person they eat some food.,A1:val,,,
neg_ca3b1479a1f95315,OIL1V,person puts a drinking glass from the floor.,person grabs a drinking glass from the floor.,A1:test,,,
neg_ca467cc34620d629,V4HBP,a person is sitting on a sofa folding a towel.,a person is sitting on a bed folding a towel.,A1:val;A2_alt:val;A3:val;C1:val;C2_alt:val,,,
neg_ca4ea32de2d7527e,I52A6,a person puts a glass of water.,a person drinks a glass of water.,A1:test,,,
neg_ca8200724aea638d,7NW4V,person sits in a bed.,person sits in a chair.,A1:train;A2_alt:train;A3:train,,,
neg_ca882e146736d510,X16WJ,a person sits down in a bed.,a person sits down in a chair.,A1:val;A2_alt:val;A3:val;C1:val;C2_alt:val,,,
neg_ca9570d532b217c0,O7N6K,a person closes the door to their bedroom.,a person opens the door to their bedroom.,C1:train;C2_alt:train,,,
neg_caa28df9e77f7ce7,9J7EW,person sits in a bed.,person sits in a chair.,A1:test;A2_alt:test;A3:test;C1:test;C2_alt:test,,,
neg_caa590e2ae20b343,P5YNX,a person is sitting in a bed.,a person is sitting in a chair.,A1:test;A2_alt:test;A3:test;C1:test;C2_alt:test,,,
neg_cab3e3c804211b50,TTZVW,person put a cup of coffee.,person hold a cup of coffee.,A1:val,,,
neg_cabadd84fdea1476,NX8X9,person they take the book.,person they close the book.,A1:test,,,
neg_cabb3757906e4dde,I7AS7,a person walks into the dining room.,a person runs into the dining room.,A3:test,,,
neg_cac56ad50ea6a16e,X0JKJ,person takes a book.,person takes a picture.,C1:train;C2_alt:train,,,
neg_cacb1a8c6ce32ee1,2AG8W,person taking their clothes into the closet.,person throwing their clothes into the closet.,A1:test,,,
neg_cad4cd310bbf6bc8,VOBBG,the person puts a picture of their food.,the person takes a picture of their food.,A1:val,,,
neg_cb0188d8a55f049f,52CKM,person close a laptop.,person open a laptop.,A1:train;A2_alt:train;A3:train;C1:train;C2_alt:train,,,
neg_cb022e6e4c1b62af,0J1BT,the person walks their clothes on the shelf.,the person throws their clothes on the shelf.,A3:test,,,
neg_cb149f15f0923753,11DD3,a person is sitting on a chair.,a person is sitting on a bed.,A1:train;A2_alt:train;A3:train,,,
neg_cb15e8f0a910d664,V1JIC,a person puts shoes on.,a person takes shoes off.,C1:train;C2_alt:train,,,
neg_cb267c2b2d79680b,9JZO2,person putting a glass cup.,person holding a glass cup.,A1:test,,,
neg_cb6ce9e21eeaada2,TCOXG,person sits down on the bed.,person sits down on the sofa.,A1:test;A2_alt:test;A3:test;C1:test;C2_alt:test,,,
neg_cb7f52f91b6f269d,ZSZS4,person sits on the chair.,person sits on the sofa.,A1:val;A2_alt:val;A3:val;C1:val;C2_alt:val,,,
neg_cb9504e53df54125,M0QER,the person puts the picture down.,the person puts the book down.,C1:train;C2_alt:train,,,
neg_cbba8bab95d6f657,KNN3G,person putting a cup of coffee.,person pouring a cup of coffee.,A1:val,,,
neg_cbd3a9e9aab7d377,ALJ7B,person putting a glass of water.,person drinking a glass of water.,A1:test,,,
neg_cbd80cab774b17d5,UUF84,the person pours the medicine.,the person takes the medicine.,A2_alt:test,,,
neg_cbda7ee0c9d46796,4BEZX,person sit down in a bed.,person sit down in a chair.,A1:test;A2_alt:test;A3:test;C1:test;C2_alt:test,,,
neg_cbe96419dfbb1b9d,O3Y57,person walking the door to the room.,person closing the door to the room.,A3:test,,,
neg_cc0b01035b2aa17e,ZC59Y,a person is putting a book.,a person is opening a book.,A1:test,,,
neg_cc14dd47b9ea0ebe,TKJCI,person lies down on the couch to review the pictures.,person lies down on the bed to review the pictures.,A1:test;A2_alt:test;A3:test;C1:test;C2_alt:test,,,
neg_cc1d8c3b6f4b5803,857LD,a person closes the cabinet.,a person closes the door.,A1:train;A2_alt:train;A3:train,,,
neg_cc266d55340641ff,9XXJ7,person walks a door.,person closes a door.,A3:val,,,
neg_cc3af9eb71ed8b21,FQM2N,a person sits in a couch.,a person sits in a chair.,A1:test;A2_alt:test;A3:test;C1:test;C2_alt:test,,,
neg_cc59a16ca49622dc,P5YNX,a person is sitting in the couch on their laptop.,a person is sitting in the chair on their laptop.,A1:test;A2_alt:test;A3:test;C1:test;C2_alt:test,,,
neg_cc71fc8ac8637d41,QMHK8,person walks the door.,person closes the door.,A3:test,,,
neg_cc76e83105f14eb7,JTXAM,person put the book.,person closed the book.,A1:test,,,
neg_cc8a5805d3c5e558,Z7KC1,person they walk to the front door.,person they run to the front door.,A3:test,,,
neg_ccc37767f9d96fea,02DPI,person putting a glass of water.,person drinking a glass of water.,A1:test,,,
neg_ccd1b7c01fc1ee27,FXRMG,a person takes a paper from their desk.,a person takes a book from their desk.,C1:train;C2_alt:train,,,
neg_ccee752fe5e5e52e,DUAOJ,person sit down in a bed.,person sit down in a chair.,A1:train;A2_alt:train;A3:train,,,
neg_ccf275847c92517d,W2QG1,a person awakens in sofa.,a person awakens in bed.,C1:train;C2_alt:train,,,
neg_ccfd622b6ab03f3a,1375X,person puts the box in a garbage.,person puts the bag in a garbage.,C1:train;C2_alt:train,,,
neg_cd234285dc3dc3d6,UIPXF,person closing the cabinet.,person closing the door.,A1:train;A2_alt:train;A3:train,,,
neg_cd3e91cf30c1ae77,XQVXF,person walks a fridge door.,person opens a fridge door.,A3:test,,,
neg_cd430638ea414f1a,95GB4,person puts a picture.,person takes a picture.,A1:test,,,
neg_cd44f4af049fe50e,STG2D,a person closes a cabinet door.,a person opens a cabinet door.,A1:train;A2_alt:train;A3:train;C1:train;C2_alt:train,,,
neg_cd5294728564ef94,0BX9N,person takes out pictures.,person takes out books.,C1:train;C2_alt:train,,,
neg_cd636be1ebff1f61,FQ8FN,a person awakens in chair.,a person awakens in bed.,A1:test;A2_alt:test;A3:test;C1:test;C2_alt:test,,,
neg_cd7b82555f432e94,2ZICJ,person walks a refrigerator door.,person opens a refrigerator door.,A3:test,,,
neg_cd7d5d3b85f790ce,4683D,person they sit down on a sofa.,person they sit down on a chair.,A1:test;A2_alt:test;A3:test;C1:test;C2_alt:test,,,
neg_cdb03f8acfbabbe7,IEQWT,walking the door all the way the person turns around.,opening the door all the way the person turns around.,A3:test,,,
neg_cdb8cc92492468a3,88LYX,person drink a glass.,person wash a glass.,A2_alt:val,,,
neg_cdc975b56fc0add5,CQPZU,person they open the cabinet.,person they open the door.,A1:train;A2_alt:train;A3:train,,,
neg_cdeab69ead038a95,NU4XA,person sitting in a bed who gets up.,person sitting in a chair who gets up.,A1:train;A2_alt:train;A3:train,,,
neg_cdf73a5a4a636e89,C10FA,a person drinking a glass opens the refrigerator.,a person holding a glass opens the refrigerator.,A2_alt:test,,,
neg_ce01fe7bb4f8532b,5Q3QB,person closing the cabinet.,person closing the door.,A1:train;A2_alt:train;A3:train,,,
neg_ce13ce8fd799b621,KWHPI,a person takes a bag onto a chair.,a person throws a bag onto a chair.,A1:test,,,
neg_ce3cc5456c16a82c,KNN3G,person put some food from a plate.,person take some food from a plate.,A1:val,,,
neg_ce4e2eb7c4e15488,RS3SQ,man opens up the cabinet looking for something.,man opens up the refrigerator looking for something.,A1:train;A2_alt:train;A3:train,,,
neg_ce5a3e771ccb6338,6UDGS,person takes off their shoes.,person puts on their shoes.,C1:train;C2_alt:train,,,
neg_ce61a93e94bf1ab1,JNK11,a person drinks a cup of coffee on the shelf.,a person puts a cup of coffee on the shelf.,A2_alt:test,,,
neg_ce78433b17fc6421,HS14N,the person puts a dish from the top shelf.,the person takes a dish from the top shelf.,A1:test,,,
neg_cee8bb2bf69a592f,43UGG,person takes off their shoes.,person puts on their shoes.,C1:train;C2_alt:train,,,
neg_ceeaf2af9e841977,JMCRT,a person is putting food on the stove they.,a person is cooking food on the stove they.,A1:val,,,
neg_cef635aa0c20d55c,ISTQI,a person takes a paper off a shelf.,a person takes a book off a shelf.,C1:train;C2_alt:train,,,
neg_cefbbad7d2d42adb,WPZQ7,the person puts on their shoes.,the person takes off their shoes.,C1:train;C2_alt:train,,,
neg_cf2d6fb4a56cf92a,LH6LE,person closes door.,person closes cabinet.,A1:train;A2_alt:train;A3:train,,,
neg_cf2e209ea51d810e,ZCG3J,person opens the door.,person opens the cabinet.,A1:train;A2_alt:train;A3:train,,,
neg_cf3327a2ddaa831a,4TX4N,person taking a sandwich.,person eating a sandwich.,A1:test,,,
neg_cf35375d6938f9b4,73XDD,person sits on the chair.,person sits on the couch.,A1:train;A2_alt:train;A3:train,,,
neg_cf38778caae6c8c9,OHOFG,a person sits on a bed by a table.,a person sits on a chair by a table.,A1:test;A2_alt:test;A3:test;C1:test;C2_alt:test,,,
neg_cf4ecd32702db87c,GU43L,person puts their shoes on.,person takes their shoes off.,C1:train;C2_alt:train,,,
neg_cf4fc3b8d4220d5f,XIYIK,person closes a box.,person opens a box.,A1:train;A2_alt:train;A3:train,,,
neg_cf653701da17dc1f,F7TG5,person sits down on a bed.,person sits down on a chair.,A1:test;A2_alt:test;A3:test;C1:test;C2_alt:test,,,
neg_cf6a3ad771b070eb,YFBA1,the person closes the book.,the person opens the book.,A1:train;A2_alt:train;A3:train;C1:train;C2_alt:train,,,
neg_cf91646f59dfa934,E1VFZ,a person takes a box on a desk.,a person puts a box on a desk.,A1:val,,,
neg_cf95aab5a74c9e48,DLOS7,person begins taking the light that was not working.,person begins fixing the light that was not working.,A1:test,,,
neg_cf97a9695344dcfa,YKT8I,a person closes the door.,a person opens the door.,C1:train;C2_alt:train,,,
neg_cfa3a554af5992be,IV1S7,a person pours a glass from a cabinet.,a person takes a glass from a cabinet.,A2_alt:test,,,
neg_cfb0fe374a470706,SW64W,person closing up their laptop.,person opening up their laptop.,A1:train;A2_alt:train;A3:train;C1:train;C2_alt:train,,,
neg_cfb263498fb2f085,JVOM3,person takes the book.,person closes the book.,A1:test,,,
neg_cfb9612894a8093c,G1JBI,a person opens a refrigerator.,a person opens a cabinet.,A1:train;A2_alt:train;A3:train,,,
neg_cfbbb0566631c121,ZTWJB,person takes the broom onto the ground.,person throws the broom onto the ground.,A1:test,,,
neg_cfd7da5acb80dc77,ZO3EG,person they open a box.,person they open a bag.,A1:train;A2_alt:train;A3:train,,,
neg_cfd84707d628a2ac,J5DOP,person walking the door.,person opening the door.,A3:test,,,
neg_cfe0342f02f04b87,6BUU6,person closes a cabinet.,person closes a door.,A1:train;A2_alt:train;A3:train,,,
neg_cfeceb966f0eace5,WW4MY,a person is sitting on the bed.,a person is sitting on the couch.,A1:val;A2_alt:val;A3:val;C1:val;C2_alt:val,,,
neg_cfed47de95953b40,LD6TD,person taking a book.,person reading a book.,A1:test,,,
neg_cfed810b0fb2f889,4SN6Z,a person is sitting on a couch.,a person is sitting on a chair.,A1:train;A2_alt:train;A3:train,,,
neg_cffec1be8fe2e5b1,F7OOB,person takes a book from a coatrack.,person takes a picture from a coatrack.,C1:train;C2_alt:train,,,
neg_d01eb29db7d65791,UCDL4,a person opens a cabinet.,a person opens a door.,A1:train;A2_alt:train;A3:train,,,
neg_d04026724d953b1a,DUSJO,person pours cup on shelf.,person puts cup on shelf.,A2_alt:test,,,
neg_d0454d2a912f2878,TS2DM,person putting the phone.,person holding the phone.,A1:test,,,
neg_d04ef9e2ed34bcbe,VNMNF,person sits down in a couch.,person sits down in a chair.,A1:test;A2_alt:test;A3:test;C1:test;C2_alt:test,,,
neg_d0669d06ae21b723,CD11G,person closes the cabinet.,person closes the refrigerator.,A1:train;A2_alt:train;A3:train,,,
neg_d0686a26734905cd,G2QBV,a person takes a broom into the corner.,a person throws a broom into the corner.,A1:test,,,
neg_d0788a1e5b7ba9e6,VTYXW,a person is closing the refrigerator door.,a person is opening the refrigerator door.,A1:train;A2_alt:train;A3:train;C1:train;C2_alt:train,,,
neg_d07fb56550cc96ce,APLZS,the person puts a box.,the person opens a box.,A1:test,,,
neg_d090cb63a265e38e,XHYA2,person they sit on the chair.,person they sit on the bed.,A1:test;A2_alt:test;A3:test;C1:test;C2_alt:test,,,
neg_d0a8a228c3c67aef,C3ZJU,another person is sitting on a bed eating a sandwich.,another person is sitting on a chair eating a sandwich.,A1:train;A2_alt:train;A3:train,,,
neg_d0c614b922803707,YYLKT,the person takes the blanket on the floor.,the person puts the blanket on the floor.,A1:test,,,
neg_d0d296c3d38b8992,ZRRC8,a person awakens in sofa.,a person awakens in bed.,A1:train;A2_alt:train;A3:train;C1:train;C2_alt:train,,,
neg_d0dc1b27b4196c53,LCLLN,one person pours a glass from a shelf.,one person takes a glass from a shelf.,A2_alt:test,,,
neg_d0ee867026abaaa0,BRQBD,the person takes the picture away.,the person puts the picture away.,A1:test,,,
neg_d0fe11605175c77f,GHJ8Z,person closes a box of medicine on the counter.,person opens a box of medicine on the counter.,A1:train;A2_alt:train;A3:train,,,
neg_d1006d43504a0dbc,IBWAW,person takes the cup on a table.,person puts the cup on a table.,A1:test,,,
neg_d13e3235129b0974,3YNPY,the person takes a towel on a shelf.,the person puts a towel on a shelf.,A1:val,,,
neg_d140300c45382bae,P0DXX,a person takes clothes.,a person throws clothes.,A1:val,,,
neg_d165a07f899a1dcf,ZVCMM,person closes the door.,person closes the cabinet.,A1:train;A2_alt:train;A3:train,,,
neg_d16c807a3f7737e5,QQGU3,person puts a box.,person holds a box.,A1:test,,,
neg_d183a7983860e182,YQ6Z6,person opens cabinet.,person opens door.,A1:train;A2_alt:train;A3:train,,,
neg_d19d01974574a9ea,SANRG,person takes the towel onto the floor.,person throws the towel onto the floor.,A1:test,,,
neg_d19f1e45d0484905,759UE,a person is opening a closet.,a person is opening a door.,A1:train;A2_alt:train;A3:train;C1:train;C2_alt:train,,,
neg_d1b57bba5172c5a0,539EH,person close a box.,person open a box.,A1:train;A2_alt:train;A3:train,,,
neg_d1d8a4ce3e0c0f02,TUD6M,person taking a blanket into a closet.,person throwing a blanket into a closet.,A1:test,,,
neg_d1e5b52db72043ff,4WUNC,the person opened the closet.,the person opened the refrigerator.,C1:train;C2_alt:train,,,
neg_d1ef91d81d79fe8e,IST7I,person puts some food.,person eats some food.,A1:val,,,
neg_d1f21783f3a068fb,XJA7Z,person takes a glass of water.,person pours a glass of water.,A1:test,,,
neg_d1f5b5512dff1c1a,AK9PN,person sit on the chair.,person sit on the sofa.,A1:test;A2_alt:test;A3:test;C1:test;C2_alt:test,,,
neg_d1f5cbdc4f37a630,WKVWF,person a girl takes a book onto a couch.,person a girl throws a book onto a couch.,A1:test,,,
neg_d20d9692a7e71f71,FVINY,a person is sitting on a couch reading a book.,a person is sitting on a chair reading a book.,A1:test;A2_alt:test;A3:test;C1:test;C2_alt:test,,,
neg_d21abe7c950876d9,FL6DF,person closes a laptop.,person opens a laptop.,A1:train;A2_alt:train;A3:train;C1:train;C2_alt:train,,,
neg_d2258824f3b0a973,40309,person walks a door.,person opens a door.,A3:val,,,
neg_d227f9e1f24fb558,NO1GJ,person walks clothes.,person washes clothes.,A3:test,,,
neg_d22d9d3d549eab02,NV4FC,person they open the cabinet.,person they open the door.,A1:train;A2_alt:train;A3:train,,,
neg_d2378f90af180c56,MCMTH,person begins taking the glass.,person begins washing the glass.,A1:test,,,
neg_d24d0a01a3cd4e42,TF6P8,a person takes a box out a closet.,a person puts a box in a closet.,C1:train;C2_alt:train,,,
neg_d2551e7fa286be65,I68J0,person takes a paper off of a shelf.,person takes a book off of a shelf.,C1:train;C2_alt:train,,,
neg_d266a047cfb8a590,6QDZI,the person sits down on the couch.,the person sits down on the bed.,A1:train;A2_alt:train;A3:train,,,
neg_d28909e7c326be3f,RMKOC,person puts a towel to wrap a mug.,person takes a towel to wrap a mug.,A1:test,,,
neg_d2895d15a58a4fe5,LSCMZ,person putting a pair of shoes.,person holding a pair of shoes.,A1:test,,,
neg_d29b168c0d2fa9fc,6HT0J,person drinking a cup.,person holding a cup.,A2_alt:test,,,
neg_d2b37d10df9e0ad7,7V4NJ,person take the book at a door.,person throw the book at a door.,A1:test,,,
neg_d2cf7c528db35f01,PKRP5,person sits down in a bed.,person sits down in a chair.,A1:train;A2_alt:train;A3:train,,,
neg_d2e0aba0cb6c0b65,MSQA1,person sit in a couch at the kitchen table.,person sit in a chair at the kitchen table.,A1:train;A2_alt:train;A3:train,,,
neg_d2e60cb04ca4c09d,S0LA8,the person opens the closet.,the person opens the door.,C1:train;C2_alt:train,,,
neg_d2eb5bcb51c195f1,AC9NI,a person sits in a bed.,a person sits in a chair.,A1:train;A2_alt:train;A3:train,,,
neg_d2f04c0ca8da7431,9JZO2,person pouring a cup in the doorway.,person holding a cup in the doorway.,A2_alt:test,,,
neg_d3142514c446214e,4BIMI,person puts a cup.,person takes a cup.,A1:test,,,
neg_d31756ee0f4cc130,FV8CK,person putting a drink from a bottle of water.,person taking a drink from a bottle of water.,A1:test,,,
neg_d318f2e02df94395,E5ZF5,person they poured their food away.,person they put their food away.,A2_alt:test,,,
neg_d32833b60e3132ab,BKEYX,a person takes shoes onto a shelf.,a person puts shoes onto a shelf.,A1:val,,,
neg_d3713d329ed62735,K7Z6T,one person puts a bag.,one person opens a bag.,A1:test,,,
neg_d3837df40e80624b,FNM5E,person open the closet.,person open the door.,A1:train;A2_alt:train;A3:train;C1:train;C2_alt:train,,,
neg_d38844fa076cbc44,BEAAA,person putting a sandwich.,person eating a sandwich.,A1:test,,,
neg_d39829bf877cc8a8,GLGQJ,person they start opening the window.,person they start closing the window.,A1:train;A2_alt:train;A3:train;C1:train;C2_alt:train,,,
neg_d3a5f3592bc98ddc,L8Y8D,person opens the closet.,person opens the refrigerator.,A1:train;A2_alt:train;A3:train;C1:train;C2_alt:train,,,
neg_d3b3dd816a954641,G4853,person opening a door in a garage.,person opening a cabinet in a garage.,A1:train;A2_alt:train;A3:train,,,
neg_d3ea4ff312b2b596,SBHID,person opens the closet to enter the room.,person opens the door to enter the room.,A1:train;A2_alt:train;A3:train;C1:train;C2_alt:train,,,
neg_d3ebc9b5bef81fe4,28BVI,person they take a plate of food.,person they eat a plate of food.,A1:test,,,
neg_d3f0780e1af51f38,83S5W,person walks the door behind them.,person closes the door behind them.,A3:test,,,
neg_d3f1417daa11bc9f,S407A,person pours a drink from a bottle of water.,person takes a drink from a bottle of water.,A2_alt:test,,,
neg_d3fc83b2892bc9a7,JJON5,person opens the closet.,person opens the refrigerator.,A1:train;A2_alt:train;A3:train;C1:train;C2_alt:train,,,
neg_d3fc928cb5b14bcc,7O6FK,a person takes a blanket on the floor.,a person throws a blanket on the floor.,A1:test,,,
neg_d40bf84f0c20e223,1IIS5,person opening the closet.,person opening the refrigerator.,C1:train;C2_alt:train,,,
neg_d40cb5b43817deb7,NV4FC,person they open the closet.,person they open the door.,A1:train;A2_alt:train;A3:train;C1:train;C2_alt:train,,,
neg_d41fc9264805edb4,MC25U,person close the box.,person open the box.,A1:train;A2_alt:train;A3:train,,,
neg_d42baad9cf87ef14,JTXUA,person sitting down on a chair.,person sitting down on a sofa.,A1:train;A2_alt:train;A3:train,,,
neg_d42bdaebf117aa61,ME7II,a person opens a closet.,a person opens a door.,A1:train;A2_alt:train;A3:train;C1:train;C2_alt:train,,,
neg_d42c2102b6352191,J59UP,a person sits in a bed.,a person sits in a chair.,A1:test;A2_alt:test;A3:test;C1:test;C2_alt:test,,,
neg_d43e40e721609377,OQM2I,person closing the cabinet.,person closing the door.,A1:train;A2_alt:train;A3:train,,,
neg_d457b2e745d4b328,8CCEV,person taking a pillow,person holding a pillow,A1:test,,,
neg_d45d13da94b4b44c,X9LP4,a person runs a mini vacuum.,a person takes a mini vacuum.,A3:test,,,
neg_d490abf842d1e6e3,V4HBP,person they take a blanket on the floor.,person they throw a blanket on the floor.,A1:val,,,
neg_d495215a19de3cf2,RE9O1,person closing the cabinet.,person closing the door.,A1:train;A2_alt:train;A3:train,,,
neg_d499be24f1587e5e,QRSRE,person walks the closet door.,person opens the closet door.,A3:test,,,
neg_d49c430b7da39894,OQSXX,a person sits on a chair.,a person sits on a couch.,A1:test;A2_alt:test;A3:test;C1:test;C2_alt:test,,,
neg_d4accde7e79752d1,FYYFX,person puts a camera from a table.,person takes a camera from a table.,A1:test,,,
neg_d4b27aba626819fe,FTYFA,person walks a door.,person opens a door.,A3:test,,,
neg_d4cc204b630dc622,T2J3M,person taking clothes out the wardrobe.,person putting clothes in the wardrobe.,C1:train;C2_alt:train,,,
neg_d4cf91e466679592,LB4AR,a person puts on his shoes.,a person takes off his shoes.,C1:train;C2_alt:train,,,
neg_d4e927874df956a1,5R8BL,a person walks their closet door.,a person opens their closet door.,A3:test,,,
neg_d4f1319420c7ef8f,81R72,person walk the open door to their right.,person close the open door to their right.,A3:test,,,
neg_d4f4165c6d2f1b74,QUGLP,person opens the closet.,person opens the door.,A1:train;A2_alt:train;A3:train;C1:train;C2_alt:train,,,
neg_d4f48bb7869dd939,OK45U,the person takes their clothes onto the shelf.,the person throws their clothes onto the shelf.,A1:test,,,
neg_d52e9df2bfc39c4b,GLSU2,a person runs into the pantry eating a sandwich.,a person walks into the pantry eating a sandwich.,A3:test,,,
neg_d531fa58f25aed66,ZOL0R,person starts opening closet.,person starts opening door.,A1:train;A2_alt:train;A3:train;C1:train;C2_alt:train,,,
neg_d5589354241f7953,1TW98,person opening a door.,person closing a door.,A1:train;A2_alt:train;A3:train;C1:train;C2_alt:train,,,
neg_d579752e1f784eee,OHOFG,a person is putting some food.,a person is eating some food.,A1:test,,,
neg_d5844d1fc545d3e3,E002I,person walks a door.,person closes a door.,A3:test,,,
neg_d58c9807f9a891e1,MNNJS,person putting coffee into a cup in the dining room.,person pouring coffee into a cup in the dining room.,A1:test,,,
neg_d598d6e78c1e23da,8FH2F,a person opens a cabinet with a glass.,a person opens a door with a glass.,A1:train;A2_alt:train;A3:train,,,
neg_d5992ec92e1dbdce,4VCHD,a person walks the door to the recreation room.,a person opens the door to the recreation room.,A3:val,,,
neg_d5c05237edb7a53e,448J4,a person runs through a doorway carrying a plate.,a person walks through a doorway carrying a plate.,A3:test,,,
neg_d5ce7422e7caa821,NB0IB,a person walks their kitchen pantry doors.,a person opens their kitchen pantry doors.,A3:test,,,
neg_d5cea4a1185a1521,K9MPN,the person closes the cabinet.,the person closes the door.,A1:train;A2_alt:train;A3:train,,,
neg_d5ebf71a925e05a4,4ZSAR,person sit on a sofa with a coffee cup.,person sit on a chair with a coffee cup.,A1:val;A2_alt:val;A3:val;C1:val;C2_alt:val,,,
neg_d5f24ae3290487e9,VCV6A,person put a book.,person take a book.,A1:val,,,
neg_d5fc89d9a315b242,L9H3O,there is a person sitting in a bed.,there is a person sitting in a chair.,A1:train;A2_alt:train;A3:train,,,
neg_d609865857518362,E0MK4,person take a picture out their bag.,person take a book out their bag.,C1:train;C2_alt:train,,,
neg_d61ee91ca3a28422,AXS82,person they open the book.,person they close the book.,C1:train;C2_alt:train,,,
neg_d628ecfe25f97317,7Z69Y,person sit down on a sofa.,person sit down on a chair.,A1:train;A2_alt:train;A3:train,,,
neg_d62b93a4a3005682,8AKRP,the person pours the cup into the sink.,the person puts the cup into the sink.,A2_alt:val,,,
neg_d62c097dac1671df,SVIXG,person putting a box.,person opening a box.,A1:test,,,
neg_d62fc1f5fe79e42a,4UYGY,a person awakens on a sofa.,a person awakens on a bed.,C1:train;C2_alt:train,,,
neg_d63ce56785d080c0,57MEO,person put the picture.,person put the book.,C1:train;C2_alt:train,,,
neg_d644b3ba5ed1611e,R9382,person open the door.,person close the door.,C1:train;C2_alt:train,,,
neg_d66752978a50c6ac,SMPEB,this person opens a door.,this person closes a door.,A1:train;A2_alt:train;A3:train;C1:train;C2_alt:train,,,
neg_d6777705309f6220,E89S9,the person sits in a bed.,the person sits in a chair.,A1:test;A2_alt:test;A3:test;C1:test;C2_alt:test,,,
neg_d67ca84274883161,QTRIN,person closed a door.,person opened a door.,A1:train;A2_alt:train;A3:train;C1:train;C2_alt:train,,,
neg_d687f4b42bc785d5,SSPMK,person putting a drink from a cup.,person taking a drink from a cup.,A1:test,,,
neg_d6a2086839c528d6,LOP4H,person they hold a pillow onto the floor.,person they throw a pillow onto the floor.,C1:train;C2_alt:train,,,
neg_d6a4b22b38ab8fcd,6LUM5,person sits in the couch.,person sits in the chair.,A1:train;A2_alt:train;A3:train,,,
neg_d6a5e603ce308b1e,JIGAJ,person opens the door.,person closes the door.,A1:train;A2_alt:train;A3:train;C1:train;C2_alt:train,,,
neg_d6a69ac6ad4dae38,6Z9ZC,person takes away some clothes.,person puts away some clothes.,A1:val,,,
neg_d6b4b9c4e0fba9c2,7YMK9,person opening the closet.,person opening the door.,C1:train;C2_alt:train,,,
neg_d6e2281b98be40d5,BD9UN,another person is walking some clothes.,another person is tidying some clothes.,A3:test,,,
neg_d6f228add2d52ea8,8CCEV,person taking pillow aside.,person putting pillow aside.,A1:test,,,
neg_d6f3d5e95d0e998d,J2XFQ,person walks the door.,person opens the door.,A3:test,,,
neg_d71f78964e36a839,YO3KO,person walking the door.,person opening the door.,A3:test,,,
neg_d72a207edf1a5184,JXTAD,a person is putting a blanket.,a person is holding a blanket.,A1:test,,,
neg_d72cb8c4686a605f,O8T6G,person sitting in a couch opening up a bag.,person sitting in a chair opening up a bag.,A1:test;A2_alt:test;A3:test;C1:test;C2_alt:test,,,
neg_d73e20bad48454a3,OK2TU,person walks the door.,person closes the door.,A3:val,,,
neg_d744d9ad67edeb7c,6OROW,person sitting in a bed writing in a book.,person sitting in a chair writing in a book.,A1:train;A2_alt:train;A3:train,,,
neg_d74de26ca5475bfe,1MU5L,a person is closing a door.,a person is opening a door.,A1:train;A2_alt:train;A3:train;C1:train;C2_alt:train,,,
neg_d74edbbe6ae7c2ec,IWTWJ,person suddenly run over to the couch.,person suddenly run over to the sofa.,A1:test;A2_alt:test;A3:test;C1:test;C2_alt:test,,,
neg_d763a8b6f45e67fd,Y9930,the person opens a cabinet.,the person opens a door.,A1:train;A2_alt:train;A3:train,,,
neg_d77bff206db64a36,HZXXN,person opens door.,person opens cabinet.,A1:train;A2_alt:train;A3:train,,,
neg_d7831f75240bc115,CA5OI,a person is walking a door.,a person is opening a door.,A3:val,,,
neg_d7aebbd27d8153c8,8IPWO,person putting a book.,person reading a book.,A1:val,,,
neg_d7b144cbbe8b94e5,AK2KG,a person was sitting on a chair.,a person was sitting on a bed.,A1:test;A2_alt:test;A3:test;C1:test;C2_alt:test,,,
neg_d7b2b7a68151ff9d,UR5TU,a person walks a pantry door.,a person opens a pantry door.,A3:test,,,
neg_d7c0300fced284eb,469E8,person walks a door.,person opens a door.,A3:val,,,
neg_d7d29b9faa0ea96b,GFVSV,person takes a book to start reading.,person opens a book to start reading.,A1:val,,,
neg_d7d722fae2ac12bd,MIV2M,person they sit down on the bed holding the glass.,person they sit down on the couch holding the glass.,A1:train;A2_alt:train;A3:train,,,
neg_d7e16980cac0c2b4,IDXZK,person taking a sandwich.,person eating a sandwich.,A1:test,,,
neg_d8086919b36dcd09,TK1VC,person sits on the chair.,person sits on the couch.,A1:test;A2_alt:test;A3:test;C1:test;C2_alt:test,,,
neg_d8324cdc05bcfeaa,SR8IK,person pours a drink from a glass.,person takes a drink from a glass.,A2_alt:test,,,
neg_d83c97e89abb57fa,WPFKR,person opens a refrigerator.,person opens a cabinet.,A1:train;A2_alt:train;A3:train,,,
neg_d84f002b46e5eea5,ZC8L5,a person is sitting in a bed watching television.,a person is sitting in a chair watching television.,A1:train;A2_alt:train;A3:train,,,
neg_d85073a672fb44df,EFD6M,person opens a laptop.,person closes a laptop.,A1:train;A2_alt:train;A3:train;C1:train;C2_alt:train,,,
neg_d85d7438521a6860,44PFW,person walks a door.,person opens a door.,A3:test,,,
neg_d85df4abd8bee4a8,F66WG,person they took their shoes on the ground.,person they put their shoes on the ground.,A1:test,,,
neg_d8632db5b804acf3,KNN3G,person pour some food from a plate.,person take some food from a plate.,A2_alt:val,,,
neg_d87f220db4e9d50f,QFL2O,person puts a phone.,person takes a phone.,A1:test,,,
neg_d8a6e37d16e2e9f2,DRXNL,another person takes pictures from the table.,another person takes books from the table.,C1:train;C2_alt:train,,,
neg_d8a79ac37372b2c5,XMYXI,a person sits in a bed.,a person sits in a chair.,A1:test;A2_alt:test;A3:test;C1:test;C2_alt:test,,,
neg_d8ab64362806bc57,OJVOV,person putting a towel.,person holding a towel.,A1:val,,,
neg_d8b0f26d943aa209,TDGNE,person taking an occasional bite from the pan.,person eating an occasional bite from the pan.,A1:test,,,
neg_d8b430f5a4946769,RBQ9Y,person sits down on the couch to fix his shoes.,person sits down on the bed to fix his shoes.,A1:test;A2_alt:test;A3:test;C1:test;C2_alt:test,,,
neg_d8c732511a94977b,C1DK7,person walking the door.,person closing the door.,A3:test,,,
neg_d8dd806c54d341d4,0QHR4,person they take some food.,person they eat some food.,A1:val,,,
neg_d8e80f76dabd44c1,ZKGKR,person opening a window.,person closing a window.,A1:train;A2_alt:train;A3:train;C1:train;C2_alt:train,,,
neg_d8fb188c37dd27c9,P8G8V,person putting a cup of coffee.,person drinking a cup of coffee.,A1:test,,,
neg_d90e7f8a539b1ad6,PSSJ8,person closes a cabinet.,person closes a door.,A1:train;A2_alt:train;A3:train,,,
neg_d916aae012e957d1,T96JC,person runs a vacuum.,person takes a vacuum.,A3:test,,,
neg_d9313fa9ce9b4f39,TIWRY,person begins to take dishes.,person begins to wash dishes.,A1:test,,,
neg_d9450f383a394009,QYM5H,person put a picture of the towel.,person take a picture of the towel.,A1:test,,,
neg_d94da037f3134a0f,QQGU3,the person walks the doors to the cupboard.,the person opens the doors to the cupboard.,A3:test,,,
neg_d958f298a3e2c02f,EURF2,person sitting on sofa.,person sitting on bed.,A1:test;A2_alt:test;A3:test;C1:test;C2_alt:test,,,
neg_d96aafddcd1fa9b9,0LNLR,person sits on a chair.,person sits on a sofa.,A1:train;A2_alt:train;A3:train,,,
neg_d972e5d30168d1da,JZ45I,person take a box.,person open a box.,A1:test,,,
neg_d980ca577a49aaf2,75M1Z,person puts the book.,person opens the book.,A1:test,,,
neg_d9862a29e95c0900,HJOJ0,a person runs over to the couch.,a person runs over to the sofa.,C1:train;C2_alt:train,,,
neg_d9872c1993ddebb2,XZ2WT,person puts a blanket found inside.,person snuggles a blanket found inside.,A1:test,,,
neg_d98d49db0d43a664,ECFMO,person walks the door.,person closes the door.,A3:test,,,
neg_d9a8287632edc26b,V9XR6,person opens a refrigerator.,person opens a cabinet.,A1:train;A2_alt:train;A3:train,,,
neg_d9ab749fdf0c5b3b,XZM6Y,one person with a sandwich opens a cabinet.,one person with a sandwich closes a cabinet.,A1:train;A2_alt:train;A3:train,,,
neg_d9d335ae731dd59d,3OZUX,person #1 was putting a mirror on the wall.,person #1 was washing a mirror on the wall.,A1:test,,,
neg_d9d4fc1db836e2b3,3JXKZ,a person is putting a bag.,a person is opening a bag.,A1:test,,,
neg_d9db0a1ccaf0b548,V25D1,person putting a sandwich.,person eating a sandwich.,A1:val,,,
neg_d9e3b23463b49906,G99VH,person puts a picture of themselves.,person takes a picture of themselves.,A1:val,,,
neg_d9ed1f81143e8b01,06OKE,person they sit on the bed.,person they sit on the sofa.,A1:val;A2_alt:val;A3:val;C1:val;C2_alt:val,,,
neg_d9ee6098eb61f6c3,0OUEP,person walks the door.,person closes the door.,A3:val,,,
neg_d9fa6089b0b917d9,V6IIE,person they later sit on a bed.,person they later sit on a chair.,A1:train;A2_alt:train;A3:train,,,
neg_da3055f5b77532db,QQMY8,person puts a glass off of a table.,person takes a glass off of a table.,A1:test,,,
neg_da32903c7995f3a9,CG83G,a person takes a blanket on a chair.,a person puts a blanket on a chair.,A1:test,,,
neg_da46b1e553577c23,VJG6E,person takes a blanket over a chair.,person puts a blanket over a chair.,A1:test,,,
neg_da52a928ad0e561a,1L2G1,person closing the cabinet.,person closing the door.,A1:train;A2_alt:train;A3:train,,,
neg_da72121ba0526666,APH4V,person they are done they walk their closet door.,person they are done they close their closet door.,A3:val,,,
neg_da7b5fc089f6d8eb,DWH0T,person start taking themselves a glass of water.,person start pouring themselves a glass of water.,A1:test,,,
neg_da81ff0c7ca446cd,5Q8C7,person takes a book on their phone.,person takes a picture on their phone.,C1:train;C2_alt:train,,,
neg_da95fedf51d51d3f,JF0O8,this person is sitting on the bed holding a pillow.,this person is sitting on the couch holding a pillow.,A1:val;A2_alt:val;A3:val;C1:val;C2_alt:val,,,
neg_da9f5367c9ecb665,FP5MM,the same person puts the table.,the same person washes the table.,A1:val,,,
neg_daa1670fbb30d32a,SUE5L,the person is pouring a cup.,the person is holding a cup.,A2_alt:test,,,
neg_dab48771039bd3f7,5P0ON,a person is running in the laundry room eating.,a person is standing in the laundry room eating.,A3:val,,,
neg_dabcd451b260251e,0Z1PC,the person walks a closet door.,the person opens a closet door.,A3:test,,,
neg_dac6769efa9460e4,TIS3Z,person closes the cabinet.,person closes the door.,A1:train;A2_alt:train;A3:train,,,
neg_dad3ce7ec1ca6d2e,5TG2E,person after taking off shoes from a chair.,person after putting on shoes from a chair.,C1:train;C2_alt:train,,,
neg_dad8e5a42948a27d,92QGQ,person sit in a bed.,person sit in a chair.,A1:train;A2_alt:train;A3:train,,,
neg_daf2bbf610d1f6c2,DHFA6,a person sits on the bed.,a person sits on the sofa.,A1:train;A2_alt:train;A3:train,,,
neg_dafb14935f6a759b,2XLVN,person they close the box.,person they open the box.,A1:train;A2_alt:train;A3:train,,,
neg_db017904c3deead3,BJXRT,person sits in a couch hugging the blanket.,person sits in a chair hugging the blanket.,A1:train;A2_alt:train;A3:train,,,
neg_db116a80ba3fc21c,CUSTU,person puts a laptop.,person opens a laptop.,A1:test,,,
neg_db1e278230603100,3UACJ,person pours a drink from a glass.,person takes a drink from a glass.,A2_alt:test,,,
neg_db3b8e16491f3107,5NV2Z,person walks the front door.,person opens the front door.,A3:test,,,
neg_db58203a6297067a,W5YUE,person pouring a glass in the sink.,person washing a glass in the sink.,A2_alt:test,,,
neg_db5a3a32782674a4,AK2KG,a person was sitting on a couch.,a person was sitting on a bed.,A1:test;A2_alt:test;A3:test;C1:test;C2_alt:test,,,
neg_db785935936b2afd,RLA7N,person started putting dishes.,person started washing dishes.,A1:val,,,
neg_db78800e0cf83796,5NV2Z,a person pours a cup from a table.,a person takes a cup from a table.,A2_alt:test,,,
neg_db7d34e7eed7866e,JS3TB,person taking a sandwich.,person eating a sandwich.,A1:test,,,
neg_db805875ae9dd66d,YT2C3,a person walks the pantry door.,a person opens the pantry door.,A3:test,,,
neg_db8d5e5bdcc15ce7,0F7LW,a person puts a laptop from a closet shelf.,a person takes a laptop from a closet shelf.,A1:test,,,
neg_db92cc130672dc11,GQ341,person puts a cup of coffee.,person pours a cup of coffee.,A1:test,,,
neg_db9bc3173198ca70,95GB4,person puts a picture with a camera.,person takes a picture with a camera.,A1:test,,,
neg_dbb950da7b648c22,PPUOO,person opens a refrigerator.,person opens a cabinet.,A1:train;A2_alt:train;A3:train,,,
neg_dbc388064fd76871,QQGU3,person puts the box.,person opens the box.,A1:test,,,
neg_dbd771fd941a5e06,DQGYG,a person sits on a couch.,a person sits on a chair.,A1:train;A2_alt:train;A3:train,,,
neg_dbf46df7c1e044c8,00T1E,person put the laptop.,person close the laptop.,A1:test,,,
neg_dbf77c040f1013fe,0XV4T,person takes clothes out the washer.,person puts clothes in the washer.,C1:train;C2_alt:train,,,
neg_dbfa4518d9504aa4,GF6TR,person takes the pillow onto a shelf.,person throws the pillow onto a shelf.,A1:val,,,
neg_dc01b38d280ef066,XF41L,person puts on shoes.,person takes off shoes.,C1:train;C2_alt:train,,,
neg_dc156e8c27e8443b,I75CL,person taking a sandwich.,person eating a sandwich.,A1:test,,,
neg_dc1f8e55fa3d1f1c,C8KER,person closes the refrigerator.,person closes the cabinet.,A1:train;A2_alt:train;A3:train,,,
neg_dc2b2977e4929220,AK9PN,the person is running a vacuum.,the person is holding a vacuum.,A3:test,,,
neg_dc4ce839ffe2f495,K8OB6,person putting a sandwich.,person eating a sandwich.,A1:test,,,
neg_dc5e884856789d21,YVK8M,person opening the closet taking out some products.,person opening the refrigerator taking out some products.,C1:train;C2_alt:train,,,
neg_dc5e8aeaf9a60154,V0ZD9,person pours a cup.,person washes a cup.,A2_alt:test,,,
neg_dc60093779bbb72f,WB17C,a person opens the closet.,a person opens the refrigerator.,A1:train;A2_alt:train;A3:train;C1:train;C2_alt:train,,,
neg_dc67db05b4e03232,F024X,person takes a pillow on a chair.,person throws a pillow on a chair.,A1:test,,,
neg_dc772501085c5d92,S407A,person putting water into a glass.,person pouring water into a glass.,A1:test,,,
neg_dc7c0d5569456d77,C8BKE,person sits down on sofa.,person sits down on bed.,A1:train;A2_alt:train;A3:train,,,
neg_dc81d0c499bc9a53,5VUT9,a person walking in the doorway holds a broom.,a person standing in the doorway holds a broom.,A3:test,,,
neg_dc9ac882259a91b8,ACSP8,person begins running with their phone.,person begins playing with their phone.,A3:test,,,
neg_dc9adef18838fa53,3CGO0,person walking some clothes in a box.,person tidying some clothes in a box.,A3:val,,,
neg_dca18b9bb3930618,C10FA,a person taking a glass opens the refrigerator.,a person holding a glass opens the refrigerator.,A1:test,,,
neg_dca5e4f16aaa1a49,Z2MY2,person their phone they sit on the sofa.,person their phone they sit on the bed.,A1:train;A2_alt:train;A3:train,,,
neg_dca7a13b80f6cac1,106AY,person pours food.,person eats food.,A2_alt:val,,,
neg_dccef6d1c3a704b1,GOWDG,one person opens the closet.,one person opens the door.,A1:train;A2_alt:train;A3:train;C1:train;C2_alt:train,,,
neg_dcdff6dfb0dd15f3,86GSE,person puts their shoes on.,person takes their shoes off.,C1:train;C2_alt:train,,,
neg_dcf39eb15536b356,CB1Z2,person putting a box.,person holding a box.,A1:val,,,
neg_dd136d8609d66638,JAAVR,person they pour medicine.,person they take medicine.,A2_alt:val,,,
neg_dd255c84c0b226b7,CYLQ0,person close the refrigerator.,person close the cabinet.,A1:train;A2_alt:train;A3:train,,,
neg_dd3b3e72d0f0c3d6,FRGXE,person putting a glass of orange juice.,person drinking a glass of orange juice.,A1:test,,,
neg_dd49d55dcf4bba56,BOKLM,person open a cabinet.,person open a door.,A1:train;A2_alt:train;A3:train,,,
neg_dd5efa7734ffb8e0,PN7CX,person takes off their shoes.,person puts on their shoes.,C1:train;C2_alt:train,,,
neg_dd6c73fd832b4dbd,VU996,a person walks a door to a closet.,a person opens a door to a closet.,A3:test,,,
neg_dd74070bcd56702f,FK143,a person is walking a closet door.,a person is opening a closet door.,A3:test,,,
neg_dd7517b74bfdf1fb,PQX96,person sits on the bed.,person sits on the couch.,A1:train;A2_alt:train;A3:train,,,
neg_dd7767c1ed6a8dbc,RT1JY,person sit on a chair.,person sit on a bed.,A1:test;A2_alt:test;A3:test;C1:test;C2_alt:test,,,
neg_dd78ef35d2ee8c89,LFU36,person opens a closet.,person opens a refrigerator.,A1:train;A2_alt:train;A3:train;C1:train;C2_alt:train,,,
neg_dd887b721a446110,IEQWT,person walks the door a few inches.,person opens the door a few inches.,A3:test,,,
neg_dd9257ea73690da4,1BGZ0,person went out of the room walking the door.,person went out of the room closing the door.,A3:test,,,
neg_ddae7042b1563889,FR4K2,person closes their laptop.,person opens their laptop.,A1:train;A2_alt:train;A3:train;C1:train;C2_alt:train,,,
neg_ddca2e3da1b1f122,F082Z,person takes a book.,person takes a picture.,C1:train;C2_alt:train,,,
neg_ddd0039a79af3ded,I6KKY,person opening a refrigerator.,person opening a cabinet.,A1:train;A2_alt:train;A3:train,,,
neg_dddc23a76afa8f5d,LD6TD,a person walks in their dining room holding a book.,a person awakens in their dining room holding a book.,A3:test,,,
neg_de01c6b7519dcc4b,8O07M,person walks the door.,person opens the door.,A3:test,,,
neg_de06b1a521f67ba4,JKGTN,a person puts a  pillow of a shelf.,a person takes a  pillow of a shelf.,A1:test,,,
neg_de093d93e19cb7bd,JZ45I,person put a box.,person open a box.,A1:test,,,
neg_de3046ea4a351eb1,EURF2,person sitting on the chair themselves.,person sitting on the bed themselves.,A1:test;A2_alt:test;A3:test;C1:test;C2_alt:test,,,
neg_de392cd5cfe3f589,I6KKY,person opens a door.,person opens a cabinet.,A1:train;A2_alt:train;A3:train,,,
neg_de3ab9eb48382205,9LONJ,person sitting down on bed to unlace boots.,person sitting down on chair to unlace boots.,A1:train;A2_alt:train;A3:train,,,
neg_de5b7324edf994aa,X07QW,person sits down on a chair.,person sits down on a couch.,A1:test;A2_alt:test;A3:test;C1:test;C2_alt:test,,,
neg_de6177ceccf3976c,CEZ4D,person putting a broom on the stairs.,person holding a broom on the stairs.,A1:test,,,
neg_de742736b3560d5f,7V4NJ,person takes the book.,person throws the book.,A1:test,,,
neg_de79cd0dbd3f0636,9RA4P,a person opens the closet to the rec room.,a person opens the door to the rec room.,C1:train;C2_alt:train,,,
neg_de9d25f4dc880c0e,N1RJW,person closing the cabinet.,person closing the door.,A1:train;A2_alt:train;A3:train,,,
neg_dea75233a677422f,ZO3EG,person open the closet.,person open the door.,A1:train;A2_alt:train;A3:train;C1:train;C2_alt:train,,,
neg_dec386f946aea6d0,UIHDF,a person opens a closet.,a person opens a door.,A1:train;A2_alt:train;A3:train;C1:train;C2_alt:train,,,
neg_dec8f8d73bdbb6b7,K8MMX,the person opens the cabinet.,the person opens the door.,A1:train;A2_alt:train;A3:train,,,
neg_decdade8ed4aa14d,D5886,a person opens the closet.,a person opens the door.,A1:train;A2_alt:train;A3:train;C1:train;C2_alt:train,,,
neg_dee83ee1c3e6cbd4,UETQS,a person is taking a laptop on a table.,a person is opening a laptop on a table.,A1:test,,,
neg_def2c49bde0d71e5,9JZO2,person taking a sandwich.,person eating a sandwich.,A1:test,,,
neg_df02b452613f7429,AFAXI,a person is lying on a sofa they sit up.,a person is lying on a bed they sit up.,A1:train;A2_alt:train;A3:train;C1:train;C2_alt:train,,,
neg_df03e3082e3fd275,86E2E,person pouring food in a home office / study.,person eating food in a home office / study.,A2_alt:test,,,
neg_df1a768132631898,7RXMM,a person sits in a couch.,a person sits in a chair.,A1:test;A2_alt:test;A3:test;C1:test;C2_alt:test,,,
neg_df1cbbb97092854d,JCGWC,person they open the refrigerator door.,person they close the refrigerator door.,A1:train;A2_alt:train;A3:train;C1:train;C2_alt:train,,,
neg_df3ede3f64ebccb5,J7BOV,a person is taking a camera next to a towel.,a person is putting a camera next to a towel.,A1:test,,,
neg_df44b76a89a0c8a5,C8BKE,person sits down on chair.,person sits down on bed.,A1:train;A2_alt:train;A3:train,,,
neg_df4f1b53ef56afec,RBQ9Y,person sit on the chair.,person sit on the bed.,A1:test;A2_alt:test;A3:test;C1:test;C2_alt:test,,,
neg_df63eed281fdf8e5,2VCOB,person starts closing the cabinet nearby.,person starts closing the refrigerator nearby.,A1:train;A2_alt:train;A3:train,,,
neg_df68399afd3539c8,J1KLV,the person walks the door at the top.,the person opens the door at the top.,A3:test,,,
neg_df689dfccc928e8f,ILKXV,a  person opens a closet.,a  person opens a door.,C1:train;C2_alt:train,,,
neg_df72acb5b7086de3,DED50,a person awakens on a couch in their home office.,a person awakens on a sofa in their home office.,C1:train;C2_alt:train,,,
neg_df72b0355d683195,OWZCZ,a person opens the closet.,a person opens the refrigerator.,A1:train;A2_alt:train;A3:train;C1:train;C2_alt:train,,,
neg_df7ccb12c1427ebd,JO6GB,person put it in a box.,person put it in a bag.,C1:train;C2_alt:train,,,
neg_df7f857c6dbc674d,79WPY,another person opens the door to a refrigerator.,another person closes the door to a refrigerator.,A1:train;A2_alt:train;A3:train;C1:train;C2_alt:train,,,
neg_df950b511ae57a13,G7LU9,person opens the closet.,person opens the door.,C1:train;C2_alt:train,,,
neg_dfb5a53604e73c9d,TOUXU,person walks the front door.,person opens the front door.,A3:val,,,
neg_dfb5bbb564be42ef,N0ODO,another person walks the bathroom door.,another person opens the bathroom door.,A3:test,,,
neg_dfb9772202cb11bf,CIBGY,person open a cabinet.,person open a door.,A1:train;A2_alt:train;A3:train,,,
neg_dfc0fa3911de7ec7,PEWH4,person they take a sandwich.,person they eat a sandwich.,A1:test,,,
neg_dfd04527c5a18ab7,0UFGC,a person walks a door.,a person opens a door.,A3:val,,,
neg_dfdb30e072f43714,ZIP18,person put a sandwich.,person eat a sandwich.,A1:test,,,
neg_dfddf90fd27901f6,QB7ZN,person sits in bed.,person sits in chair.,A1:train;A2_alt:train;A3:train,,,
neg_dfea2627722d4313,0O6RK,person takes food on the stove.,person cooks food on the stove.,A1:test,,,
neg_dff8ee40d04a5a16,P8G8V,person they casually take a cup of coffee.,person they casually drink a cup of coffee.,A1:test,,,
neg_e03c52a984bc5e88,BFH78,person they are taking a towel.,person they are holding a towel.,A1:test,,,
neg_e0412df34ed1b39d,0O6RK,person taking their food.,person cooking their food.,A1:test,,,
neg_e04dace965ae3bde,537I0,person walks the door.,person closes the door.,A3:val,,,
neg_e04e999b7b37b502,Z5FNI,person opens a closet.,person opens a door.,A1:train;A2_alt:train;A3:train;C1:train;C2_alt:train,,,
neg_e050ec29ecdd06b8,9335E,a person is sitting in a bed making a sandwich.,a person is sitting in a chair making a sandwich.,A1:train;A2_alt:train;A3:train,,,
neg_e0556c7962a2cab3,Z7KC1,person walks to the front door.,person runs to the front door.,A3:test,,,
neg_e05f6a87c4de0e39,JP60G,person closes a cabinet.,person opens a cabinet.,A1:train;A2_alt:train;A3:train,,,
neg_e065ebcf38466eb3,3JCEI,person puts things on the floor from the table.,person throws things on the floor from the table.,A1:test,,,
neg_e06ae0e2d0e687c0,X11CU,person runs by the window looking out.,person stands by the window looking out.,A3:test,,,
neg_e06ba0dc62cc2e51,UCPP8,person puts on their shoes.,person takes off their shoes.,C1:train;C2_alt:train,,,
neg_e071bf38dae127db,4ZSAR,person sit on a bed with a coffee cup.,person sit on a chair with a coffee cup.,A1:val;A2_alt:val;A3:val;C1:val;C2_alt:val,,,
neg_e08d16f15a5ef395,1BGZ0,a person walks into their entryway holding a bag.,a person runs into their entryway holding a bag.,A3:test,,,
neg_e0956cb9c03ed47e,BL7OF,a person takes a pair of shoes under the window.,a person throws a pair of shoes under the window.,A1:test,,,
neg_e09b344142265bf1,VJ0LT,person walking the front door.,person closing the front door.,A3:test,,,
neg_e0a0697318ff2f0f,QEY8N,person sits in a bed eating the sandwich.,person sits in a chair eating the sandwich.,A1:train;A2_alt:train;A3:train,,,
neg_e0b9eeab2b76dd22,07QNG,person take a cup of juice.,person pour a cup of juice.,A1:test,,,
neg_e0e34fbc9b331938,XK0QV,person putting a glass of water.,person drinking a glass of water.,A1:test,,,
neg_e0ff35cef94cd40f,A2X7Q,a person runs into the kitchen they open the cabinet.,a person walks into the kitchen they open the cabinet.,A3:test,,,
neg_e131c787e004a403,30I35,person pours a drink from the glass.,person takes a drink from the glass.,A2_alt:test,,,
neg_e1325da3cb99749d,V3LMY,the person is sitting on a chair.,the person is sitting on a couch.,A1:train;A2_alt:train;A3:train,,,
neg_e153e40f5ddabd72,JNWX7,the person opens the door.,the person closes the door.,A1:train;A2_alt:train;A3:train;C1:train;C2_alt:train,,,
neg_e1739a84606c6894,2XSK6,person close the cabinet.,person close the door.,A1:train;A2_alt:train;A3:train,,,
neg_e17cacd15b08f8fd,0M7YH,a person closes a refrigerator.,a person opens a refrigerator.,A1:train;A2_alt:train;A3:train;C1:train;C2_alt:train,,,
neg_e1892c825d5801b6,V6IIE,person sits down on a bed.,person sits down on a chair.,A1:train;A2_alt:train;A3:train,,,
neg_e18b5b7a763ce088,AFAXI,person sitting on the couch.,person sitting on the bed.,A1:train;A2_alt:train;A3:train,,,
neg_e19069438bc792e9,IDXZK,person pouring food from a dish.,person eating food from a dish.,A2_alt:test,,,
neg_e1b436d52120f2a7,B0SV3,a person running into a closet turns on the light.,a person walking into a closet turns on the light.,A3:test,,,
neg_e1b501b0a2677e5f,HIKIC,the person puts a box.,the person opens a box.,A1:test,,,
neg_e1bdcfdf143da2b2,XT9D4,person walked the refrigerator door.,person closed the refrigerator door.,A3:test,,,
neg_e1c79b3aa42d30a6,VLMII,the person opens the laptop.,the person closes the laptop.,A1:train;A2_alt:train;A3:train;C1:train;C2_alt:train,,,
neg_e1d954c02b7507c9,UZMMO,person sits on the couch to read it.,person sits on the bed to read it.,A1:train;A2_alt:train;A3:train,,,
neg_e1e11d423175e052,V6IIE,another person sits in a couch.,another person sits in a chair.,A1:train;A2_alt:train;A3:train,,,
neg_e1ed5c7ee8ce1f9b,E5O0F,person opens the laptop.,person closes the laptop.,A1:train;A2_alt:train;A3:train;C1:train;C2_alt:train,,,
neg_e20cde139e8ca6ea,KPAS0,person takes a picture off a table.,person takes a book off a table.,C1:train;C2_alt:train,,,
neg_e20d0ee27b7f5c48,A0MZ9,a person opens a window.,a person closes a window.,C1:train;C2_alt:train,,,
neg_e2165b1e11e7bb8c,6ZWSU,person runs with their phone.,person plays with their phone.,A3:test,,,
neg_e2177117959b3a8a,GG1X2,person closing the cabinet behind them.,person closing the door behind them.,A1:train;A2_alt:train;A3:train,,,
neg_e2187a92dacb838d,3UACJ,person puts a drink from a glass.,person takes a drink from a glass.,A1:test,,,
neg_e23564274091e9e2,X3LEM,person b begins to sit on a bed.,person b begins to sit on a couch.,A1:train;A2_alt:train;A3:train,,,
neg_e24177b1796b131f,3R7NX,person opens a closet.,person opens a door.,A1:train;A2_alt:train;A3:train;C1:train;C2_alt:train,,,
neg_e2423f5fe968d8f1,IV1U5,the person opens the door to the room.,the person closes the door to the room.,A1:train;A2_alt:train;A3:train;C1:train;C2_alt:train,,,
neg_e24246dafd3044ea,MIAE4,person sits on a sofa for a.,person sits on a bed for a.,A1:test;A2_alt:test;A3:test;C1:test;C2_alt:test,,,
neg_e2530625e14e6d4a,JR6VG,another person walks into the room.,another person runs into the room.,A3:test,,,
neg_e261d34d175891d3,DEJ35,person dresses by taking off a jacket.,person dresses by putting on a jacket.,C1:train;C2_alt:train,,,
neg_e2816ab594aa6f0b,UUF84,person put some food.,person eat some food.,A1:test,,,
neg_e2939bab88515ee3,FPJ9D,person sit on a bed.,person sit on a chair.,A1:test;A2_alt:test;A3:test;C1:test;C2_alt:test,,,
neg_e2ac5a82dd1bcbcf,W1CG2,the person is pouring food.,the person is eating food.,A2_alt:test,,,
neg_e2b8ea7e9242d2a4,W97NR,person puts a drink of a glass of water.,person takes a drink of a glass of water.,A1:test,,,
neg_e2bbf6078b4b8c1a,7LWW3,the person pours the food somewhere.,the person takes the food somewhere.,A2_alt:test,,,
neg_e2c15c919f713fb0,OKL5S,person close a cabinet.,person open a cabinet.,A1:train;A2_alt:train;A3:train,,,
neg_e2dd4ca789919cc1,Y1HGC,person taking a glass of water.,person drinking a glass of water.,A1:test,,,
neg_e2f17be68edc7b3d,NMC5N,person putting a cup of coffee.,person holding a cup of coffee.,A1:val,,,
neg_e2fca92fa4b0c5f9,54VBR,person sits in a bed at the table.,person sits in a chair at the table.,A1:train;A2_alt:train;A3:train,,,
neg_e3064c15023f72a4,6IOV0,person taking a bottle of soda.,person drinking a bottle of soda.,A1:test,,,
neg_e339300ca83776ea,S0LA8,the person opens the cabinet.,the person opens the door.,A1:train;A2_alt:train;A3:train,,,
neg_e3602f3e734208fa,VN8SW,person taking off blue tennis shoes.,person putting on blue tennis shoes.,C1:train;C2_alt:train,,,
neg_e363569f5c3041b8,28BVI,person pouring a glass of water.,person holding a glass of water.,A2_alt:test,,,
neg_e36792b68be1a3a8,KENG1,the person takes off their shoes.,the person puts on their shoes.,C1:train;C2_alt:train,,,
neg_e3702c79dbdc411a,6E4JA,a person in the corner is putting food.,a person in the corner is eating food.,A1:val,,,
neg_e372b93aff300a78,V4HBP,a person is sitting on a couch folding a towel.,a person is sitting on a bed folding a towel.,A1:val;A2_alt:val;A3:val;C1:val;C2_alt:val,,,
neg_e3827da15e195373,XOWBN,a person takes a sandwich onto a table.,a person puts a sandwich onto a table.,A1:test,,,
neg_e38f85a96c51d573,Y8XYL,a person sits in a couch in the garage.,a person sits in a chair in the garage.,A1:train;A2_alt:train;A3:train,,,
neg_e3ac5b009b544028,NY5LX,person taking clothes out a bag in a wardrobe.,person putting clothes in a bag in a wardrobe.,C1:train;C2_alt:train,,,
neg_e3aec735df5c5fcb,E002I,a person walks into the bedroom.,a person runs into the bedroom.,A3:test,,,
neg_e3ca3ffd5ff8a9e9,RMKOC,person puts a plastic bag.,person holds a plastic bag.,A1:test,,,
neg_e3cdb7232668df19,NYHD7,the person takes the phone away.,the person puts the phone away.,A1:test,,,
neg_e3ce12c50a2e0bed,GNPSK,person sitting in a bed eating.,person sitting in a chair eating.,A1:train;A2_alt:train;A3:train,,,
neg_e3d1e6c9a1a16446,YJ1KW,person sits down in a couch.,person sits down in a chair.,A1:test;A2_alt:test;A3:test;C1:test;C2_alt:test,,,
neg_e3da71799d650be8,SJJLG,person sits in a couch.,person sits in a chair.,A1:test;A2_alt:test;A3:test;C1:test;C2_alt:test,,,
neg_e3db810d2c888af4,3AKML,person puts a box off of a shelf.,person takes a box off of a shelf.,A1:test,,,
neg_e3e000cf55d9b1aa,E6DLK,a person sits in a couch.,a person sits in a chair.,A1:test;A2_alt:test;A3:test;C1:test;C2_alt:test,,,
neg_e3e6cec3183cf8b1,UQ93G,person opening a closet.,person opening a door.,A1:train;A2_alt:train;A3:train;C1:train;C2_alt:train,,,
neg_e3ef0fffd7ded8ae,WPU76,a woman puts a cup off a table.,a woman takes a cup off a table.,A1:test,,,
neg_e3fc4b99a50fb458,S2XJW,the person puts a drink from a cup.,the person takes a drink from a cup.,A1:val,,,
neg_e446266ab8ec76de,AI4NP,person put in some clothes.,person take out some clothes.,C1:train;C2_alt:train,,,
neg_e46778f55fb3c179,OEIRN,a person sits on a bed eating a sandwich.,a person sits on a sofa eating a sandwich.,A1:train;A2_alt:train;A3:train,,,
neg_e472030ba15ce658,83KZR,person is opening the door.,person is closing the door.,A1:train;A2_alt:train;A3:train;C1:train;C2_alt:train,,,
neg_e477c9ecd66ac704,0IAGO,person puts on their shoes.,person takes off their shoes.,C1:train;C2_alt:train,,,
neg_e477d80eb208f5ba,RG0JH,a person sits on the couch.,a person sits on the bed.,A1:test;A2_alt:test;A3:test;C1:test;C2_alt:test,,,
neg_e47aba1b3cb2fae9,FJM2Y,person they take a picture from the cabinet.,person they take a book from the cabinet.,C1:train;C2_alt:train,,,
neg_e4a1b98f18fb7d54,Q2U7O,a person drinks a glass of water from a window.,a person takes a glass of water from a window.,A2_alt:val,,,
neg_e4c387c7ae3bb596,7WIKW,person puts coffee into a glass.,person pours coffee into a glass.,A1:val,,,
neg_e4ceb51a512d649d,OB1XO,the person takes off their shoes.,the person puts on their shoes.,C1:train;C2_alt:train,,,
neg_e4d243f03d78c26b,L3ZRP,the person takes some piece of food.,the person eats some piece of food.,A1:test,,,
neg_e4d51b34ed2bb183,SSP8C,a person awakens in chair.,a person awakens in bed.,C1:train;C2_alt:train,,,
neg_e4d77cd5eb435f34,J6JNK,person walking the door next to their bed.,person closing the door next to their bed.,A3:test,,,
neg_e4e19e835482015d,GV0L7,person sits down on the chair.,person sits down on the couch.,A1:test;A2_alt:test;A3:test;C1:test;C2_alt:test,,,
neg_e4f21e7d6d0a3436,GA7SB,person started to put his food.,person started to eat his food.,A1:test,,,
neg_e4ff431d0c14e3ff,RQRRD,person walks new clothes from a box.,person takes new clothes from a box.,A3:test,,,
neg_e5155277a37bac14,4CAHN,person they put a cup from the refrigerator.,person they take a cup from the refrigerator.,A1:val,,,
neg_e5358cd47ef49c73,MNJWH,person throws a pillow.,person holds a pillow.,C1:train;C2_alt:train,,,
neg_e53f72c0866b554a,YAFX0,person starts walking the clothes.,person starts washing the clothes.,A3:test,,,
neg_e56ad4d85b595ca6,9YI82,person picks the book up on a table.,person puts the book down on a table.,C1:train;C2_alt:train,,,
neg_e56dba76f49f8dd8,YT2C3,a person walks the doors of a pantry.,a person opens the doors of a pantry.,A3:test,,,
neg_e56df9b904d8e052,R87CC,a person sits on the chair.,a person sits on the sofa.,A1:val;A2_alt:val;A3:val;C1:val;C2_alt:val,,,
neg_e576b65851be5351,VG7S6,person runs a vacuum.,person takes a vacuum.,A3:test,,,
neg_e57c8c10ab7f2be0,YJ888,a person opens a box.,a person opens a bag.,A1:train;A2_alt:train;A3:train,,,
neg_e5888cd0d5436c5c,R6CIX,person sits down on a bed.,person sits down on a couch.,A1:train;A2_alt:train;A3:train,,,
neg_e59844052fc75827,12XD3,person taking some food.,person eating some food.,A1:test,,,
neg_e5a4ca7ec80425fb,A21M5,person puts a book.,person closes a book.,A1:val,,,
neg_e5b4650fcbcbe883,0RI7C,person hey open the book.,person hey close the book.,A1:train;A2_alt:train;A3:train;C1:train;C2_alt:train,,,
neg_e5c11de7d2a11027,4P13T,person takes a box.,person takes a bag.,C1:train;C2_alt:train,,,
neg_e5f017f36f056494,W7EDM,a person sits on a sofa.,a person sits on a bed.,A1:test;A2_alt:test;A3:test;C1:test;C2_alt:test,,,
neg_e5fb4108d81eee20,IUETR,a person walks a door.,a person opens a door.,A3:test,,,
neg_e605f1b1be8da4a8,6Z9ZC,person walks away some clothes.,person puts away some clothes.,A3:val,,,
neg_e61ad6ec5ff3b525,GRBUE,person opens the door.,person closes the door.,A1:train;A2_alt:train;A3:train;C1:train;C2_alt:train,,,
neg_e61fd6b564593550,9JZO2,person drinking a cup in the doorway.,person holding a cup in the doorway.,A2_alt:test,,,
neg_e62a9e75f01e83b6,K7Z6T,a person takes a plastic bag.,a person opens a plastic bag.,A1:test,,,
neg_e62feb2c2ada37ab,TNDT2,person pouring food in a basement.,person eating food in a basement.,A2_alt:test,,,
neg_e6304a6ec4019e42,KRRBE,a person is sitting on a couch using a tablet.,a person is sitting on a chair using a tablet.,A1:train;A2_alt:train;A3:train,,,
neg_e63632e0e5e95536,73XDD,person sitting on the chair.,person sitting on the couch.,A1:train;A2_alt:train;A3:train,,,
neg_e64803df100f4474,DM2XL,person walks the front door.,person opens the front door.,A3:test,,,
neg_e64e3d6594d0f250,YIV35,the person puts the picture down sneezes.,the person puts the book down sneezes.,C1:train;C2_alt:train,,,
neg_e65232d3afdf304e,0O6RK,person puts food on the stove.,person cooks food on the stove.,A1:test,,,
neg_e69e2b0b6e49dc29,C1DK7,person walks closing door behind them.,person leaves closing door behind them.,A3:test,,,
neg_e6a8d4d98c62db7b,7U9EW,person another runs through the doorway.,person another walks through the doorway.,A3:val,,,
neg_e6b68303de2746c0,XRU9O,person takes a sandwich.,person eats a sandwich.,A1:test,,,
neg_e6cddb3be605c300,I75CL,person walks the door behind them with their shoe.,person closes the door behind them with their shoe.,A3:test,,,
neg_e6d229cad1d5cc90,FB3ZG,person puts a cup of coffee.,person takes a cup of coffee.,A1:test,,,
neg_e6dbb86a1c35e122,S1LQF,a man drinking some water out of a bottle.,a man pouring some water out of a bottle.,C1:train;C2_alt:train,,,
neg_e6e594d7c54f1d8f,UQJ5W,person taking a sandwich.,person eating a sandwich.,A1:test,,,
neg_e6f432f703b0f9a0,Q6ZD9,a person is walking the clothes from the closet doorway.,a person is tidying the clothes from the closet doorway.,A3:val,,,
neg_e6fa9b4a46a6e6e9,OTIA2,a person runs through the doorway into the home office.,a person walks through the doorway into the home office.,A3:test,,,
neg_e7085957c1cef165,3QL7J,person puts some food on the stove.,person cooks some food on the stove.,A1:test,,,
neg_e71ac16832f67f9b,QMIKJ,a person is taking their laptop on their desk.,a person is putting their laptop on their desk.,A1:test,,,
neg_e74106b661032ac9,9335E,person opens a refrigerator.,person opens a cabinet.,A1:train;A2_alt:train;A3:train,,,
neg_e746064210daedea,MNBEI,person closes cabinet.,person closes door.,A1:train;A2_alt:train;A3:train,,,
neg_e74c56d1a6d3062c,FBIVN,a person is closing a cabinet.,a person is closing a door.,A1:train;A2_alt:train;A3:train,,,
neg_e75efc760ab9f6e7,SVO89,person closes the cabinet behind him.,person closes the door behind him.,A1:train;A2_alt:train;A3:train,,,
neg_e7700cf429f9febf,1BGZ0,person they walk the door.,person they open the door.,A3:test,,,
neg_e778bb2f80710d98,ZSL58,person opens a wardrobe door.,person closes a wardrobe door.,A1:train;A2_alt:train;A3:train;C1:train;C2_alt:train,,,
neg_e77e7a0441c9866c,RJD1Z,a person is taking a light to turn it on.,a person is grasping a light to turn it on.,A1:test,,,
neg_e77f726a28408bfd,ZTWJB,person puts the broom onto the ground.,person throws the broom onto the ground.,A1:test,,,
neg_e787258152d51315,JCGWC,a person is opening the refrigerator.,a person is closing the refrigerator.,A1:train;A2_alt:train;A3:train;C1:train;C2_alt:train,,,
neg_e78961f0c0c74ff8,QRSRE,pours a drink as the person opens the closet door.,takes a drink as the person opens the closet door.,A2_alt:test,,,
neg_e7a2d1c0d2fac6b4,5TKIB,the person puts the bag.,the person opens the bag.,A1:test,,,
neg_e7b32fab47bde21b,RG0JH,a man sitting on a sofa.,a man sitting on a bed.,A1:test;A2_alt:test;A3:test;C1:test;C2_alt:test,,,
neg_e7b3fb9d499160e7,GL7E6,a person runs in their living room sneezing.,a person awakens in their living room sneezing.,A3:test,,,
neg_e7d1eff92f0695ca,EYZXC,person putting a blanket.,person snuggling a blanket.,A1:test,,,
neg_e7d6f12d1562a8ab,29T54,a person is sitting in a bed.,a person is sitting in a chair.,A1:train;A2_alt:train;A3:train,,,
neg_e7e31e7b63f0ef22,TQ9GQ,person takes some cups into the cabinet.,person puts some cups into the cabinet.,A1:val,,,
neg_e7e9cfa9f07e7b3a,1M89F,person puts some coffee from the glass.,person drinks some coffee from the glass.,A1:val,,,
neg_e7ea959975319930,8BSG7,person open a cabinet.,person open a door.,A1:train;A2_alt:train;A3:train,,,
neg_e7f32d03d336c171,MCHRP,person takes their phone on a shelf.,person puts their phone on a shelf.,A1:val,,,
neg_e7f3fc2c09be94d7,E6DLK,person walks to the door.,person runs to the door.,A3:test,,,
neg_e80f246b557ebc65,21F9H,a person is taking a cup of coffee.,a person is drinking a cup of coffee.,A1:test,,,
neg_e819a674d213a173,H8UJ3,the person sits down on a bed.,the person sits down on a chair.,A1:val;A2_alt:val;A3:val;C1:val;C2_alt:val,,,
neg_e8389040f4c4d516,F6Z7U,a person is opening a refrigerator.,a person is closing a refrigerator.,C1:train;C2_alt:train,,,
neg_e84bc292395c0541,F9YMU,person they open the door.,person they close the door.,A1:train;A2_alt:train;A3:train;C1:train;C2_alt:train,,,
neg_e84de1fd16f31818,7XMBM,another person runs into a room eating some food.,another person walks into a room eating some food.,A3:test,,,
neg_e85aac4055b332c9,ZI1GC,person sit in the couch.,person sit in the chair.,A1:test;A2_alt:test;A3:test;C1:test;C2_alt:test,,,
neg_e86c1dc5a561b7f1,43OXO,person sits up on the chair.,person sits up on the couch.,A1:val;A2_alt:val;A3:val;C1:val;C2_alt:val,,,
neg_e86ebefe30d5058c,4Z3PQ,person opens the door.,person closes the door.,C1:train;C2_alt:train,,,
neg_e86ef2cbe02e6414,20WZU,person closing a book.,person opening a book.,A1:train;A2_alt:train;A3:train;C1:train;C2_alt:train,,,
neg_e89c51fc37181839,MS4GA,person takes a broom into the closet.,person puts a broom into the closet.,A1:test,,,
neg_e8c82475d87f1764,LV4U7,a person is taking a broom.,a person is holding a broom.,A1:test,,,
neg_e8cc5cf3e020bcb4,DLOS7,the person puts a pink laptop.,the person opens a pink laptop.,A1:test,,,
neg_e8cd00fdceeeef53,PC7H2,person sits down on bed.,person sits down on couch.,A1:test;A2_alt:test;A3:test;C1:test;C2_alt:test,,,
neg_e8e32c792a288230,MZGMN,person opens a door.,person closes a door.,A1:train;A2_alt:train;A3:train;C1:train;C2_alt:train,,,
neg_e8edbee35c7fda7b,NL9AW,person pouring their food.,person holding their food.,A2_alt:test,,,
neg_e903baa276b5aea8,FB3ZG,person pours a cup of coffee.,person takes a cup of coffee.,A2_alt:test,,,
neg_e9129a7bf0b8c5e3,YNWMW,a person pours some food.,a person eats some food.,A2_alt:test,,,
neg_e917343dde978788,WF8WM,person taking their shoes off.,person putting their shoes on.,C1:train;C2_alt:train,,,
neg_e92aee1860593c94,OIL1V,person pours a drinking glass from the floor.,person grabs a drinking glass from the floor.,A2_alt:test,,,
neg_e9430a2382e97be9,DGPAW,this person takes the picture on a shelf.,this person puts the picture on a shelf.,A1:test,,,
neg_e955c958181c549e,USZCJ,person walks door to room.,person opens door to room.,A3:val,,,
neg_e96d7009c5669b47,APLZS,person takes the box back up.,person closes the box back up.,A1:test,,,
neg_e977c141abae333f,P6SOI,that same person opens the cabinet.,that same person opens the door.,A1:train;A2_alt:train;A3:train,,,
neg_e99f04768289b0d6,RG0JH,a person is sitting on the couch.,a person is sitting on the bed.,A1:test;A2_alt:test;A3:test;C1:test;C2_alt:test,,,
neg_e9a416f1351b1d5f,MNNJS,the person drinks the cups onto a table.,the person puts the cups onto a table.,A2_alt:test,,,
neg_e9b090f212108f2f,0Z1PC,person walks the doors of a closet.,person opens the doors of a closet.,A3:test,,,
neg_e9b87fa7a0fe3e69,TQ9GQ,person drinks some cups into the cabinet.,person puts some cups into the cabinet.,A2_alt:val,,,
neg_e9c54ab66416dc71,OWAA9,person closes the cabinet.,person closes the door.,A1:train;A2_alt:train;A3:train,,,
neg_e9d5696d84229a98,2OHTZ,a person takes their laptop.,a person opens their laptop.,A1:test,,,
neg_e9d712ac7f19cad0,BM3UJ,a person runs through the entryway holding a glass.,a person walks through the entryway holding a glass.,A3:test,,,
neg_e9dd65ce1aa090f0,UU2LH,person sit on the sofa to put her shoes on.,person sit on the bed to put her shoes on.,A1:val;A2_alt:val;A3:val;C1:val;C2_alt:val,,,
neg_e9df3662dc32e5d0,O5V8D,the person goes to put a picture of themselves.,the person goes to take a picture of themselves.,A1:test,,,
neg_e9e33492f1e76a57,JCWVV,person sits on a bed.,person sits on a couch.,A1:train;A2_alt:train;A3:train,,,
neg_e9f68d18112d7a16,UGF6Q,the person puts the picture down on the shelf.,the person puts the book down on the shelf.,C1:train;C2_alt:train,,,
neg_e9fa05b9f23505a3,CXNYW,a person sits in a bed at the desk.,a person sits in a chair at the desk.,A1:test;A2_alt:test;A3:test;C1:test;C2_alt:test,,,
neg_ea0b52b70178c572,ZHRPD,the person puts a phone.,the person takes a phone.,A1:test,,,
neg_ea1c3b584e96f523,16D5O,person takes a pillow onto it.,person throws a pillow onto it.,A1:val,,,
neg_ea1fd43cd35027c3,H2ZYY,a person opens a door.,a person opens a cabinet.,A1:train;A2_alt:train;A3:train,,,
neg_ea2103fd3b63ee56,SVO89,person takes a picture off of a shelf.,person takes a book off of a shelf.,C1:train;C2_alt:train,,,
neg_ea256e8291985199,KXIMH,a person is sitting on a bed opening a box.,a person is sitting on a couch opening a box.,A1:val;A2_alt:val;A3:val;C1:val;C2_alt:val,,,
neg_ea313b1a2b0a5b64,5UNMN,person sits in a couch at a desk.,person sits in a chair at a desk.,A1:test;A2_alt:test;A3:test;C1:test;C2_alt:test,,,
neg_ea4f6df09cb20a05,X5YL3,a person with bags in their hands opens the cabinet.,a person with bags in their hands opens the refrigerator.,A1:train;A2_alt:train;A3:train,,,
neg_ea5c635c3bb578ce,DU416,person taking a bag.,person holding a bag.,A1:test,,,
neg_ea72b30a247de2b1,XOMJ4,finally the person sits down in the bed.,finally the person sits down in the chair.,A1:train;A2_alt:train;A3:train,,,
neg_ea807873cea0bac9,BQA97,person put a laptop.,person open a laptop.,A1:test,,,
neg_ea822d91cd2a9b9f,EEVD3,person put the food.,person eat the food.,A1:test,,,
neg_ea8b935d5b9a5c2d,WDCGH,person putting a book.,person reading a book.,A1:val,,,
neg_ea8ca871cbe40192,QF1Y0,another person walks the door.,another person opens the door.,A3:test,,,
neg_ea8f68e47d096d58,OY3LS,person sit on a bed under a blanket.,person sit on a couch under a blanket.,A1:test;A2_alt:test;A3:test;C1:test;C2_alt:test,,,
neg_ea94b4fe6aa5d5ba,FQGW4,person sits down in a couch to take a drink.,person sits down in a chair to take a drink.,A1:test;A2_alt:test;A3:test;C1:test;C2_alt:test,,,
neg_ea961b29c42dff0f,1F706,person a girl walks into the room.,person a girl runs into the room.,A3:test,,,
neg_eaa6ec9d411d7f9e,VHD24,person they begin taking themselves some medicine from a bottle.,person they begin pouring themselves some medicine from a bottle.,A1:test,,,
neg_eaa8938eb413b225,03AA8,another person is sitting on chair.,another person is sitting on sofa.,A1:train;A2_alt:train;A3:train,,,
neg_eac86f4b60051411,BZ5N5,the person drinks two glasses from the cabinet.,the person takes two glasses from the cabinet.,A2_alt:test,,,
neg_eac957afe976c637,0TDOP,a person is taking a box on the table.,a person is putting a box on the table.,A1:test,,,
neg_eb01bfd54e3b7892,P73KX,person sits on a bed.,person sits on a chair.,A1:train;A2_alt:train;A3:train,,,
neg_eb07413ff5cbf278,PV856,a person opens a closet.,a person opens a door.,A1:train;A2_alt:train;A3:train;C1:train;C2_alt:train,,,
neg_eb0d939993cf80c7,LLQBB,a person is taking a bag.,a person is holding a bag.,A1:test,,,
neg_eb25a9e2b9052d17,NBMH9,person sits in a couch.,person sits in a chair.,A1:test;A2_alt:test;A3:test;C1:test;C2_alt:test,,,
neg_eb2831a51d9b34c8,UETKQ,a person opens a box.,a person opens a bag.,A1:train;A2_alt:train;A3:train,,,
neg_eb293f5fa60970b7,I75CL,a person walks a door.,a person opens a door.,A3:test,,,
neg_eb32f51b86aef278,2J4MA,person begin opening the cabinet to find more food.,person begin opening the refrigerator to find more food.,A1:train;A2_alt:train;A3:train,,,
neg_eb425c3c0bec447d,OETY6,a person sits in a bed next to a table.,a person sits in a chair next to a table.,A1:test;A2_alt:test;A3:test;C1:test;C2_alt:test,,,
neg_eb493c81c250e9b7,K5NFS,the person begins walking their clothes.,the person begins tidying their clothes.,A3:test,,,
neg_eb5744e19a478290,RZIAJ,person open the door.,person close the door.,A1:train;A2_alt:train;A3:train;C1:train;C2_alt:train,,,
neg_eb57d965f598505b,X1R6D,person opens the door.,person closes the door.,A1:train;A2_alt:train;A3:train;C1:train;C2_alt:train,,,
neg_eb6cddc2d9d1e906,YOCRB,person sitting in a couch.,person sitting in a chair.,A1:test;A2_alt:test;A3:test;C1:test;C2_alt:test,,,
neg_eb70a2e9928cbcd0,7J5AA,person sits in a bed.,person sits in a chair.,A1:train;A2_alt:train;A3:train,,,
neg_eb72f544234700ce,LWEPB,a person is sitting on a sofa with a pillow.,a person is sitting on a chair with a pillow.,A1:train;A2_alt:train;A3:train,,,
neg_eb8f0043d46763f1,KAFV7,person puts a picture of something.,person takes a picture of something.,A1:val,,,
neg_eb915e46c43d7a04,5UNMN,person sits in a bed at a desk.,person sits in a chair at a desk.,A1:test;A2_alt:test;A3:test;C1:test;C2_alt:test,,,
neg_eb9580698a9a0640,IU5TH,person they open the laptop.,person they close the laptop.,A1:train;A2_alt:train;A3:train;C1:train;C2_alt:train,,,
neg_ebaa6f5f5d1668b7,WKVWF,person putting a cup of water than drinks from it.,person holding a cup of water than drinks from it.,A1:test,,,
neg_ebbf774dfaa89d01,ON2Z4,person puts a blanket.,person takes a blanket.,A1:test,,,
neg_ebc5a0180dc22138,5XCUV,person they are putting a glass of water.,person they are drinking a glass of water.,A1:val,,,
neg_ebc9f158e3461c09,XT9D4,person their phone rings so they walk the fridge door.,person their phone rings so they close the fridge door.,A3:test,,,
neg_ebd11c812891ff6b,TFWNO,person pours some food.,person eats some food.,A2_alt:test,,,
neg_ebd665b8fe574e98,PDRVY,person open the closet.,person open the door.,A1:train;A2_alt:train;A3:train;C1:train;C2_alt:train,,,
neg_ebe42008fdfe979b,9J0RB,person taking a glass of milk.,person drinking a glass of milk.,A1:test,,,
neg_ebfae3e1600e8bb1,X16WJ,person pours the cup on the floor.,person puts the cup on the floor.,A2_alt:val,,,
neg_ec073bf94dfce80f,5EEXF,person walks a closet door.,person opens a closet door.,A3:test,,,
neg_ec1d0053e7c77988,M18XP,a person walks a door.,a person opens a door.,A3:test,,,
neg_ec36431af2f755eb,YKVYR,person takes the box outside.,person takes the bag outside.,C1:train;C2_alt:train,,,
neg_ec4c71ed9a85540e,OK45U,the person walks their clothes onto the shelf.,the person throws their clothes onto the shelf.,A3:test,,,
neg_ec54f2b603ff954c,AIJ0M,person walks the door.,person opens the door.,A3:test,,,
neg_ec61e31243cfda81,X3LEM,person b begins to sit on a chair.,person b begins to sit on a couch.,A1:train;A2_alt:train;A3:train,,,
neg_ec65f27326d9924e,1F706,person walks the door.,person closes the door.,A3:test,,,
neg_ec750bab344193b8,GV9M4,a person walks a door.,a person opens a door.,A3:val,,,
neg_ec7ecfc9ff00139f,1440M,person start walking the door.,person start closing the door.,A3:test,,,
neg_eca40f0463e9bdcd,G752J,another person is sitting on the chair.,another person is sitting on the bed.,A1:train;A2_alt:train;A3:train,,,
neg_ecaa540553697077,P9R08,person they put the paper on a shelf.,person they put the picture on a shelf.,C1:train;C2_alt:train,,,
neg_ecb0f16b126e9576,JF36Q,person puts a laptop.,person closes a laptop.,A1:val,,,
neg_ecc315b7d893b778,6LGTT,person opens a door.,person opens a cabinet.,A1:train;A2_alt:train;A3:train,,,
neg_ecc85d6e5a90681c,8XFAV,person they take a glass of juice.,person they pour a glass of juice.,A1:val,,,
neg_ecde4cb2bd3459e1,EHIOY,person takes a sandwich.,person eats a sandwich.,A1:test,,,
neg_eceb99bfc2fe8087,ZJ37U,person taking sandwich.,person eating sandwich.,A1:test,,,
neg_ecf96303f0a246f4,OU3XH,person pouring some food.,person eating some food.,A2_alt:test,,,
neg_ed046a14fa8562df,7P5R2,person puts a book in of the bag.,person takes a book out of the bag.,C1:train;C2_alt:train,,,
neg_ed1abcc2e6ef31a2,CY6U7,a person sits in a bed.,a person sits in a chair.,A1:train;A2_alt:train;A3:train,,,
neg_ed31ab1fd27ad87f,EDSUD,a person takes their shoes on the hallway floor.,a person throws their shoes on the hallway floor.,A1:test,,,
neg_ed35619e71da7eb8,XHGV7,a person opens a door.,a person opens a cabinet.,A1:train;A2_alt:train;A3:train,,,
neg_ed363d9660448c52,SB8G0,a person is sitting on a bed.,a person is sitting on a chair.,A1:test;A2_alt:test;A3:test;C1:test;C2_alt:test,,,
neg_ed36ff0c249d7b85,VCV6A,person putting a sandwich.,person eating a sandwich.,A1:val,,,
neg_ed4d0b7d745d7900,MZ3I3,person puts a drink from a cup.,person takes a drink from a cup.,A1:test,,,
neg_ed5979c865f42d4a,UR5TU,the person walks the door.,the person closes the door.,A3:test,,,
neg_ed5fd745d9c8f74b,3WMV4,person taking a glass of water.,person drinking a glass of water.,A1:test,,,
neg_ed69200e119d1d00,Y2MGC,person start pouring food.,person start eating food.,A2_alt:test,,,
neg_ed705704a23c3b76,QT4W0,a person walks into their recreation room.,a person runs into their recreation room.,A3:val,,,
neg_eda4bff410db576c,DN0CB,a full person runs the room holding a bag.,a full person enters the room holding a bag.,A3:val,,,
neg_eda854b4386a600c,QEQJ3,person open the door.,person close the door.,C1:train;C2_alt:train,,,
neg_edb4e359ca701ac1,21WN7,a person is sitting on the bed eating food.,a person is sitting on the couch eating food.,A1:test;A2_alt:test;A3:test;C1:test;C2_alt:test,,,
neg_edd73088e6441325,KOVTR,person drinks some medicine.,person takes some medicine.,A2_alt:test,,,
neg_edf368cda83e3019,ZXHCH,person sits down in a couch.,person sits down in a chair.,A1:test;A2_alt:test;A3:test;C1:test;C2_alt:test,,,
neg_edf51e12ab5a4d56,WESPT,person open the closet.,person open the door.,A1:train;A2_alt:train;A3:train;C1:train;C2_alt:train,,,
neg_ee12ad0d570c1de3,509W9,a person sits down on a sofa.,a person sits down on a chair.,A1:train;A2_alt:train;A3:train,,,
neg_ee1fbbc273dcf2a8,WNYV6,person they open a refrigerator.,person they open a cabinet.,A1:train;A2_alt:train;A3:train,,,
neg_ee39e384806ebe3c,DC94A,person sits in the bed.,person sits in the chair.,A1:train;A2_alt:train;A3:train,,,
neg_ee3e89760eeb780b,EHS68,another person is taking a pair of shoes.,another person is throwing a pair of shoes.,A1:test,,,
neg_ee4b525575c444c0,E002I,person lies down on the sofa.,person lies down on the bed.,A1:test;A2_alt:test;A3:test;C1:test;C2_alt:test,,,
neg_ee4d8dc51299925e,LBG7L,the person sits in the couch.,the person sits in the chair.,A1:train;A2_alt:train;A3:train,,,
neg_ee7a8b0598cd0395,EED7D,person puts a picture.,person takes a picture.,A1:val,,,
neg_ee980ddd7b356f9c,8F17S,person #2 was sitting on a chair eating a snack.,person #2 was sitting on a couch eating a snack.,A1:train;A2_alt:train;A3:train,,,
neg_ee9ae7a12ccedd48,YQOCU,person they sit down in a couch holding it.,person they sit down in a chair holding it.,A1:test;A2_alt:test;A3:test;C1:test;C2_alt:test,,,
neg_eeb2073fece9fdb0,RPY8D,person sitting on a bed.,person sitting on a couch.,A1:test;A2_alt:test;A3:test;C1:test;C2_alt:test,,,
neg_eebf1db7f2d55e12,7JDU4,person takes a book.,person takes a picture.,C1:train;C2_alt:train,,,
neg_eed5dd267ce04b85,UL5X4,person sitting on sofa stands up.,person sitting on bed stands up.,A1:test;A2_alt:test;A3:test;C1:test;C2_alt:test,,,
neg_eef65cb60225693b,COBEK,person closes the refrigerator.,person closes the cabinet.,A1:train;A2_alt:train;A3:train,,,
neg_ef6d7efde524ad2f,1Y5H7,person taking clothes out a laundry basket.,person putting clothes in a laundry basket.,C1:train;C2_alt:train,,,
neg_ef8be80c7cda8d84,S29H6,person opens the cabinet.,person opens the door.,A1:train;A2_alt:train;A3:train,,,
neg_efabf3c2ef28ddf8,N513D,a person is taking a book out a hall cabinet.,a person is putting a book in a hall cabinet.,C1:train;C2_alt:train,,,
neg_efac27c91f6e584f,ZJRCS,person running with a phone in hand.,person laughing with a phone in hand.,A3:test,,,
neg_efacc94b008cc339,G2QBV,a person walks a front door.,a person closes a front door.,A3:test,,,
neg_efae48871cd344a5,4BEZX,person eventually sitting in a couch.,person eventually sitting in a chair.,A1:test;A2_alt:test;A3:test;C1:test;C2_alt:test,,,
neg_efc3b7c55001a379,E6DLK,a person sits on a sofa.,a person sits on a chair.,A1:test;A2_alt:test;A3:test;C1:test;C2_alt:test,,,
neg_efd83b34c2bea217,XPXWY,person walks the door.,person opens the door.,A3:test,,,
neg_efde5069fefe2a73,1VF27,person they start pouring some food.,person they start eating some food.,A2_alt:test,,,
neg_efe8c96f93432f62,9ZE0J,person taking a towel or cloth around their neck.,person putting a towel or cloth around their neck.,A1:test,,,
neg_efed9e13c527472d,RJNAB,person they put a box.,person they open a box.,A1:test,,,
neg_effd683550fe8e56,YMM1Z,the person takes to the refrigerator.,the person runs to the refrigerator.,A1:val,,,
neg_f01163afb31ece5c,5XA4R,person sits on the bed.,person sits on the sofa.,A1:train;A2_alt:train;A3:train,,,
neg_f02d2862648f5920,WZO6V,person closing the cabinet behind them.,person closing the door behind them.,A1:train;A2_alt:train;A3:train,,,
neg_f02fb63165fcf3b9,YPRUL,person puts a drink from a glass.,person takes a drink from a glass.,A1:test,,,
neg_f0883660d8536614,CR1OK,person they go sit in the bed.,person they go sit in the chair.,A1:val;A2_alt:val;A3:val;C1:val;C2_alt:val,,,
neg_f08fa3153d56d1c1,8TSU4,person pouring some food.,person eating some food.,A2_alt:test,,,
neg_f0b0413d10971fcf,Z6B6S,person pouring the food back on the shelf.,person putting the food back on the shelf.,A2_alt:test,,,
neg_f0b7ea713052522e,J2XFQ,the person puts a sandwich from the refrigerator.,the person takes a sandwich from the refrigerator.,A1:test,,,
neg_f0ba51bab328d3d5,V4Q75,person they pour some water out of a glass.,person they drink some water out of a glass.,C1:train;C2_alt:train,,,
neg_f0d24edda731ca83,358JF,the person pours a glass of water from nearby.,the person takes a glass of water from nearby.,A2_alt:test,,,
neg_f0d806189851d8c3,C10FA,person put it into a glass.,person pour it into a glass.,A1:test,,,
neg_f0e857f309ae2315,BEJVY,a person is pouring food in the man cave.,a person is eating food in the man cave.,A2_alt:test,,,
neg_f0f6c28dcf527ac7,W8P6Q,person sits in a bed.,person sits in a chair.,A1:test;A2_alt:test;A3:test;C1:test;C2_alt:test,,,
neg_f1055b9c80e30e84,SMVKB,person opens the closet.,person opens the door.,A1:train;A2_alt:train;A3:train;C1:train;C2_alt:train,,,
neg_f1099d34d6658083,YLEEO,a person walks a door.,a person closes a door.,A3:test,,,
neg_f111221b3fe46e80,H5CJD,person walks the fridge door.,person closes the fridge door.,A3:test,,,
neg_f12380376d889567,5TKIB,the person takes the bag.,the person opens the bag.,A1:test,,,
neg_f1270f7481f91f9b,W3DYV,person opens the door.,person closes the door.,A1:train;A2_alt:train;A3:train;C1:train;C2_alt:train,,,
neg_f1451de435b834cf,LTYK5,person taking clothes out the washer.,person putting clothes in the washer.,C1:train;C2_alt:train,,,
neg_f14ca53060088536,WQSYC,person pours some water from a bottle.,person drinks some water from a bottle.,C1:train;C2_alt:train,,,
neg_f14cfac80e94815e,WTFOC,person they close a closet door.,person they open a closet door.,A1:train;A2_alt:train;A3:train;C1:train;C2_alt:train,,,
neg_f14fb5eebe2e460e,727IZ,person sits on a sofa to look at them.,person sits on a chair to look at them.,A1:test;A2_alt:test;A3:test;C1:test;C2_alt:test,,,
neg_f1516018f7389eb2,31TDO,person pours some food.,person eats some food.,A2_alt:val,,,
neg_f16240f58c3017ea,VAV4C,person putting a sandwich.,person eating a sandwich.,A1:test,,,
neg_f1628411c6cb6abd,AZMVM,person holding a blanket.,person holding a pillow.,A1:train;A2_alt:train;A3:train;C1:train;C2_alt:train,,,
neg_f162baf066ae66b8,BJ7YW,the person is now taking the glass of the window.,the person is now washing the glass of the window.,A1:test,,,
neg_f19a7b8858bdbf38,PHN7Z,person finally opening a door in a living room.,person finally closing a door in a living room.,A1:train;A2_alt:train;A3:train;C1:train;C2_alt:train,,,
neg_f19e788d296813a6,QYSER,person lays down on a bed eating a sandwich.,person lays down on a couch eating a sandwich.,C1:train;C2_alt:train,,,
neg_f1b280b0e240efa3,DG5TX,person sits down in a couch.,person sits down in a chair.,A1:train;A2_alt:train;A3:train,,,
neg_f1e014788f8b5234,IV1S7,a person walks through the doorway into a dining room.,a person runs through the doorway into a dining room.,A3:test,,,
neg_f1f5123645b89ae8,XJE7I,a person walks a door.,a person opens a door.,A3:test,,,
neg_f1f77dc721407bc4,0UPBN,another person takes a box.,another person holds a box.,A1:test,,,
neg_f1f815df979a72f6,BI6Y4,person sits on the couch at the dining table.,person sits on the chair at the dining table.,A1:test;A2_alt:test;A3:test;C1:test;C2_alt:test,,,
neg_f203ea57c559e364,OE2M1,person puts the box.,person takes the box.,A1:test,,,
neg_f206f506670039ff,0W4F6,person closes his laptop.,person opens his laptop.,A1:train;A2_alt:train;A3:train;C1:train;C2_alt:train,,,
neg_f210c108fdebf181,ST7MR,person walks the door.,person closes the door.,A3:test,,,
neg_f2166fd69c96c89c,OHOFG,a person is pouring some food.,a person is eating some food.,A2_alt:test,,,
neg_f2169c1efa9286f3,X8JVY,the person is putting a bag.,the person is opening a bag.,A1:test,,,
neg_f222fc83cd0ca98a,JQRMQ,person they put a box from a shelf.,person they take a box from a shelf.,A1:test,,,
neg_f231e6802b27873e,7MRKY,person takes a laptop.,person closes a laptop.,A1:test,,,
neg_f233b8691769cdd1,DFEG2,person puts on their shoes.,person takes off their shoes.,C1:train;C2_alt:train,,,
neg_f238526c5b81373c,GFVSV,person puts a book to start reading.,person opens a book to start reading.,A1:val,,,
neg_f258ed8033d11818,41GXC,person at the refrigerator they open the closet.,person at the refrigerator they open the door.,A1:train;A2_alt:train;A3:train;C1:train;C2_alt:train,,,
neg_f25f425a07664152,PC0M6,a person opens a cabinet.,a person opens a door.,A1:train;A2_alt:train;A3:train,,,
neg_f26f200abd3e54e7,N3U9S,person walks a cabinet door twice.,person opens a cabinet door twice.,A3:test,,,
neg_f27684664c62b8ed,B55HG,person closes a book.,person opens a book.,A1:train;A2_alt:train;A3:train;C1:train;C2_alt:train,,,
neg_f2863959f1f94b30,RXLKF,person putting a cup of coffee.,person holding a cup of coffee.,A1:val,,,
neg_f288c3a297084503,UD0P0,person taking the entire cup.,person drinking the entire cup.,A1:test,,,
neg_f296f732cadfe2b9,CR1OK,person sits in a bed.,person sits in a chair.,A1:val;A2_alt:val;A3:val;C1:val;C2_alt:val,,,
neg_f298cc9440a8a47b,3VT73,the person takes a book.,the person throws a book.,A1:test,,,
neg_f2a11e009d834609,ONMCW,person puts a glass from the desk.,person takes a glass from the desk.,A1:test,,,
neg_f2df1036efd124c0,6JGXL,person pour some medicine.,person take some medicine.,A2_alt:val,,,
neg_f2e37ed9c4078f73,TZ9FE,person walks the clothes away.,person puts the clothes away.,A3:test,,,
neg_f2f90e9752c02fb6,CS01T,person they sit down on the sofa.,person they sit down on the bed.,A1:train;A2_alt:train;A3:train,,,
neg_f300d914b77f119f,DEJ35,person lying on the bed who sits up.,person lying on the couch who sits up.,A1:train;A2_alt:train;A3:train;C1:train;C2_alt:train,,,
neg_f349f6fc4bc14320,6E4L5,person takes books.,person takes pictures.,C1:train;C2_alt:train,,,
neg_f34b8c3764b1a571,Z9THH,person put a bag.,person take a bag.,A1:val,,,
neg_f361c86fb6a569b2,I79Q6,person takes the box out the refrigerator.,person puts the box in the refrigerator.,C1:train;C2_alt:train,,,
neg_f3683d715e332df2,7O6FK,a person puts a blanket down the stairs.,a person throws a blanket down the stairs.,A1:test,,,
neg_f368e412460f1f04,EJL2F,a person opens a cabinet.,a person opens a door.,A1:train;A2_alt:train;A3:train,,,
neg_f3808490c9abd498,XJ4T3,a person is closing the door to the closer.,a person is opening the door to the closer.,A1:train;A2_alt:train;A3:train;C1:train;C2_alt:train,,,
neg_f38da16e6f4b38c0,61UIO,person sits in a couch.,person sits in a chair.,A1:train;A2_alt:train;A3:train,,,
neg_f39c264563a8363e,WYZCW,person opens the closet.,person opens the door.,A1:train;A2_alt:train;A3:train;C1:train;C2_alt:train,,,
neg_f3af8bd1fa50dc83,68YR6,another person opens the cabinet.,another person opens the door.,A1:train;A2_alt:train;A3:train,,,
neg_f3bf785b5cb4a0e4,S7PLQ,person sits on a bed.,person sits on a couch.,A1:train;A2_alt:train;A3:train,,,
neg_f3e68ba9e31beb42,GHJPQ,person sits in a couch.,person sits in a chair.,A1:train;A2_alt:train;A3:train,,,
neg_f3f4e3586984440a,RG0JH,a man sitting on a couch.,a man sitting on a bed.,A1:test;A2_alt:test;A3:test;C1:test;C2_alt:test,,,
neg_f403a08b8a5409da,WUTHF,a person walks into a room.,a person runs into a room.,A3:test,,,
neg_f40b23b7b418061a,ME4YL,person they take a laptop.,person they open a laptop.,A1:test,,,
neg_f422a75d568177e2,XI9LI,person closes the door.,person opens the door.,A1:train;A2_alt:train;A3:train;C1:train;C2_alt:train,,,
neg_f431d674e0d1378a,6UDGS,person closes the cabinet.,person closes the door.,A1:train;A2_alt:train;A3:train,,,
neg_f45b10c233585aa8,BID6Z,person takes the towel out the closet.,person puts the towel in the closet.,C1:train;C2_alt:train,,,
neg_f46fee033f5b63b2,LD6TD,a person runs in their dining room holding a book.,a person awakens in their dining room holding a book.,A3:test,,,
neg_f4969753ff0876a3,QWKVM,person takes a glass on the desk.,person puts a glass on the desk.,A1:test,,,
neg_f4a8c965b3d4f4d4,T8O8Y,the person is sitting on the sofa tapping his feet.,the person is sitting on the bed tapping his feet.,A1:val;A2_alt:val;A3:val;C1:val;C2_alt:val,,,
neg_f4ace10d811f63db,0HD0T,person closes the cabinet.,person opens the cabinet.,A1:train;A2_alt:train;A3:train,,,
neg_f4bab91e16e85baf,XJE7I,a person walks the bathroom door using the doorknob.,a person opens the bathroom door using the doorknob.,A3:test,,,
neg_f4c58cae2a838d6c,3N1I2,the person takes the sandwich into the refrigerator.,the person puts the sandwich into the refrigerator.,A1:test,,,
neg_f4c5932585a7620f,BBAVF,person puts on their shoes.,person takes off their shoes.,C1:train;C2_alt:train,,,
neg_f4d6cf8b14694b24,1F4JZ,one person drinks some medicine.,one person takes some medicine.,A2_alt:test,,,
neg_f4d9b58a0cf5161b,XET54,person closing the cabinet behind her.,person closing the door behind her.,A1:train;A2_alt:train;A3:train,,,
neg_f4e7c204baae3b84,SJJLG,person sits on a bed.,person sits on a chair.,A1:test;A2_alt:test;A3:test;C1:test;C2_alt:test,,,
neg_f4eeba73cba7f915,YAPN7,person sits on the bed.,person sits on the couch.,A1:train;A2_alt:train;A3:train,,,
neg_f5054724935d3222,J48N6,the person was taking the bag into the cabinet.,the person was putting the bag into the cabinet.,A1:test,,,
neg_f5086fdce4cd1a1c,TH3M0,person sits on a couch.,person sits on a chair.,A1:test;A2_alt:test;A3:test;C1:test;C2_alt:test,,,
neg_f50ba2f38bf2ed87,KMZDA,person takes the dish on the table.,person puts the dish on the table.,A1:test,,,
neg_f521082b38d04c63,LE7PM,person pours some food onto the table.,person throws some food onto the table.,A2_alt:test,,,
neg_f528d7bb813e36c2,URG8B,person closes a book.,person opens a book.,A1:train;A2_alt:train;A3:train;C1:train;C2_alt:train,,,
neg_f5292c7bb3cbc828,FNM5E,person opens the closet.,person opens the door.,A1:train;A2_alt:train;A3:train;C1:train;C2_alt:train,,,
neg_f52a42d254462508,5AFC1,the person puts a sandwich off the desk.,the person takes a sandwich off the desk.,A1:val,,,
neg_f5365a3cd14b9fb2,68JOO,person sit back down in the bed.,person sit back down in the chair.,A1:train;A2_alt:train;A3:train,,,
neg_f53aa47db86acdfa,VYW49,person sits in a couch.,person sits in a chair.,A1:train;A2_alt:train;A3:train,,,
neg_f55b98166d11dbe6,CUHT0,person puts a picture of the couch with a camera.,person takes a picture of the couch with a camera.,A1:test,,,
neg_f560c135e3d4a6e1,FVPMC,person takes the sandwich.,person eats the sandwich.,A1:val,,,
neg_f56fe5da98f507f3,MOWLI,person opening a cabinet they go in the door.,person opening a door they go in the door.,A1:train;A2_alt:train;A3:train,,,
neg_f57311a5ea8d4303,0NCWX,a person is closing a cabinet.,a person is opening a cabinet.,A1:train;A2_alt:train;A3:train,,,
neg_f5887bd3bf26c4e6,WA3CG,person opens a door.,person opens a cabinet.,A1:train;A2_alt:train;A3:train,,,
neg_f588b82645cabc65,5GWS2,person they picked up the book.,person they put down the book.,C1:train;C2_alt:train,,,
neg_f5b2b83ddd62fe3e,7EJUR,person puts some food from it.,person takes some food from it.,A1:test,,,
neg_f5c5d5650e2634d8,I7GZI,a person is running towards a sofa.,a person is running towards a chair.,A3:test,,,
neg_f5d2b5408a8ad0ef,OJYDD,person taking a glass of water from on the table.,person pouring a glass of water from on the table.,A1:test,,,
neg_f5edf2c001c0ccfa,SR8IK,person pour a drink from a cup on the table.,person take a drink from a cup on the table.,A2_alt:test,,,
neg_f618581718e9faa4,SLMQF,person takes a paper from a chair.,person takes a book from a chair.,C1:train;C2_alt:train,,,
neg_f625b0c3adc60bb9,S7JTZ,person put a timed picture.,person take a timed picture.,A1:test,,,
neg_f63a4373f57e84cf,GPSIM,person sits on a bed.,person sits on a sofa.,A1:train;A2_alt:train;A3:train,,,
neg_f6474b537d97ff05,VKKIQ,a person opens a closet.,a person opens a refrigerator.,A1:train;A2_alt:train;A3:train;C1:train;C2_alt:train,,,
neg_f64cd7c5ed633708,VAV4C,person taking a sandwich.,person eating a sandwich.,A1:test,,,
neg_f64fff8cd3d18ebd,EJFUA,person walks into the living room.,person runs into the living room.,A3:test,,,
neg_f65c46952c4c2da4,SHTLT,a person is opening the doorway to their kitchen.,a person is closing the doorway to their kitchen.,A1:train;A2_alt:train;A3:train;C1:train;C2_alt:train,,,
neg_f66a98bbfc61dae4,H26YY,person pours the food.,person eats the food.,A2_alt:val,,,
neg_f66f3fbd17e33e4a,J0SZG,person opens the closet.,person opens the door.,A1:train;A2_alt:train;A3:train;C1:train;C2_alt:train,,,
neg_f6765342fc62f156,ZSZS4,person sits on the bed.,person sits on the sofa.,A1:val;A2_alt:val;A3:val;C1:val;C2_alt:val,,,
neg_f676cf48da448f76,9LWQ6,person takes the clothes on the bed.,person puts the clothes on the bed.,A1:test,,,
neg_f697b70833969ad6,FJM2Y,a person holding a box walks through a room.,a person holding a bag walks through a room.,C1:train;C2_alt:train,,,
neg_f69955b1478a4a55,EEGGA,person sits in bed.,person sits in chair.,A1:test;A2_alt:test;A3:test;C1:test;C2_alt:test,,,
neg_f69f44667d2b7074,IIL9C,person pours a bottle of medicine from their shirt pocket.,person takes a bottle of medicine from their shirt pocket.,A2_alt:test,,,
neg_f6c8fcfdbb1b6ff9,AQXBN,a person is sitting on a bed.,a person is sitting on a sofa.,A1:train;A2_alt:train;A3:train,,,
neg_f6c9ff1bdfd43f7d,M9NAG,the person runs through the doorway.,the person walks through the doorway.,A3:test,,,
neg_f6eab77440b65455,VUOQF,person closes a cabinet.,person opens a cabinet.,A1:train;A2_alt:train;A3:train,,,
neg_f6ebb438089efc10,JCWVV,person sits on a chair.,person sits on a couch.,A1:train;A2_alt:train;A3:train,,,
neg_f6efb653659c4d92,VG8QP,person drinking out the old water from the glass.,person pouring out the old water from the glass.,C1:train;C2_alt:train,,,
neg_f6f7869510bc0aff,GK7S7,a person is putting a camera.,a person is holding a camera.,A1:val,,,
neg_f6fb254e41a48f16,UVN96,person puts a phone from a cabinet.,person takes a phone from a cabinet.,A1:val,,,
neg_f705c7b0363f8603,CM5SK,a person opens the closet.,a person opens the refrigerator.,A1:train;A2_alt:train;A3:train;C1:train;C2_alt:train,,,
neg_f70a9852c4c7ad08,17P5V,person takes the laptop on a love seat.,person puts the laptop on a love seat.,A1:test,,,
neg_f713b2b1179c088b,F3M1Q,person pours a drink from a glass nearby.,person takes a drink from a glass nearby.,A2_alt:test,,,
neg_f7170e5d370200f3,IZSPN,a person is opening a refrigerator in their home office.,a person is opening a cabinet in their home office.,A1:train;A2_alt:train;A3:train,,,
neg_f729db38d55004c2,XF93D,person opens a closet.,person opens a door.,C1:train;C2_alt:train,,,
neg_f759f34508e82c4b,HVFXT,person walks the door.,person closes the door.,A3:test,,,
neg_f75c9622ffead4fc,EL3N9,person sits in a couch.,person sits in a chair.,A1:train;A2_alt:train;A3:train,,,
neg_f7650a1be1290c12,IO712,person starts to put the book.,person starts to read the book.,A1:val,,,
neg_f787443712bb38ff,VTY0J,person sits in a bed with a phone.,person sits in a chair with a phone.,A1:val;A2_alt:val;A3:val;C1:val;C2_alt:val,,,
neg_f7a0e8407062df90,1LZ53,a person sitting on a sofa stands up.,a person sitting on a bed stands up.,A1:train;A2_alt:train;A3:train,,,
neg_f7a795e4bd3076e2,TS2DM,person taking the phone.,person holding the phone.,A1:test,,,
neg_f7b99ee38ce15d2a,R2ZYS,person putting cup of coffee.,person drinking cup of coffee.,A1:val,,,
neg_f7ce780d720c351e,XRU9O,person taking a sandwich.,person eating a sandwich.,A1:test,,,
neg_f7e113edd72cd509,YGQ7E,person opens the cabinet.,person opens the door.,A1:train;A2_alt:train;A3:train,,,
neg_f7eecd48a150f4d0,SB8G0,a person is sitting on a couch.,a person is sitting on a chair.,A1:test;A2_alt:test;A3:test;C1:test;C2_alt:test,,,
neg_f7fece90741b89b9,4WVTC,person their laptop they take their laptop.,person their laptop they close their laptop.,A1:test,,,
neg_f8025fa3126d31ac,W1VO2,person puts a book.,person reads a book.,A1:val,,,
neg_f805b3f2486f6f9b,1QP1S,a person is putting a sandwich.,a person is eating a sandwich.,A1:test,,,
neg_f806705936505939,BSFVT,one person at a desk opens a laptop.,one person at a desk closes a laptop.,A1:train;A2_alt:train;A3:train;C1:train;C2_alt:train,,,
neg_f80e521bdcb59181,3WMV4,person putting a glass of water.,person drinking a glass of water.,A1:test,,,
neg_f811f226e7c8cdb6,D5IDA,person putting themselves a glass of water.,person pouring themselves a glass of water.,A1:val,,,
neg_f816199a34df0deb,8SA46,a person is opening the refrigerator.,a person is closing the refrigerator.,A1:train;A2_alt:train;A3:train;C1:train;C2_alt:train,,,
neg_f816b64ecda43220,N8WK8,person they take the book.,person they close the book.,A1:val,,,
neg_f81ac89ab5ff7758,XIUJE,person walking dirty clothes behind the door.,person throwing dirty clothes behind the door.,A3:val,,,
neg_f81ad79603201eb9,FNBYE,person pours a glass.,person takes a glass.,A2_alt:test,,,
neg_f81fabad01b3436e,TIWRY,person they take the glass.,person they wash the glass.,A1:test,,,
neg_f82988724946ada2,9U82D,person they start taking a glass of coffee.,person they start drinking a glass of coffee.,A1:test,,,
neg_f829a55c6a5382cc,LFPWI,a person walks a door.,a person opens a door.,A3:test,,,
neg_f8314701ebc2e188,29JK6,person open the door.,person close the door.,A1:train;A2_alt:train;A3:train;C1:train;C2_alt:train,,,
neg_f83435a73168b98c,9YI82,person puts the picture down on a table.,person puts the book down on a table.,C1:train;C2_alt:train,,,
neg_f8374a1283da14ba,WSB7W,the person closes a laptop.,the person opens a laptop.,A1:train;A2_alt:train;A3:train;C1:train;C2_alt:train,,,
neg_f84098caa51374f4,PN1F2,person putting a pillow.,person holding a pillow.,A1:test,,,
neg_f842b99133c264ba,0UPBN,person putting a box.,person holding a box.,A1:test,,,
neg_f849a63db82b3788,FVPMC,person puts the sandwich.,person eats the sandwich.,A1:val,,,
neg_f8634244ea9f9356,99SGB,the person opened the refrigerator.,the person opened the cabinet.,A1:train;A2_alt:train;A3:train,,,
neg_f8742084d8d90352,2XSK6,a person opens a cabinet.,a person opens a door.,A1:train;A2_alt:train;A3:train,,,
neg_f87647e33643a9de,KXIMH,a person in a recreational room is putting a box.,a person in a recreational room is opening a box.,A1:val,,,
neg_f87cf7c0cc0cd594,0F7LW,a person walks into the closet.,a person runs into the closet.,A3:test,,,
neg_f885b380dff298e7,XET54,person opening the door behind her.,person closing the door behind her.,A1:train;A2_alt:train;A3:train;C1:train;C2_alt:train,,,
neg_f8918dafff5b0a32,TCOXG,a person pours a glass of water from the shelf.,a person takes a glass of water from the shelf.,A2_alt:test,,,
neg_f8999293e5f802eb,16IDQ,person opens closet.,person opens door.,A1:train;A2_alt:train;A3:train;C1:train;C2_alt:train,,,
neg_f8c84b154795459a,V4PKW,person they open the cabinet.,person they open the door.,A1:train;A2_alt:train;A3:train,,,
neg_f8cc7b068063bfcd,QZZPS,person pour some medicine.,person take some medicine.,A2_alt:test,,,
neg_f8e0bbed151f4e2c,BQA97,person take a laptop.,person open a laptop.,A1:test,,,
neg_f94033ed7ae7b058,1DGC9,person walk the door behind them.,person close the door behind them.,A3:val,,,
neg_f961c4e167bb1a1f,H3MG3,person closes cabinet.,person closes door.,A1:train;A2_alt:train;A3:train,,,
neg_f9621993dfef85cc,1XBU2,person is pouring tea from glass mug.,person is drinking tea from glass mug.,A2_alt:test,,,
neg_f983c72aaebaafca,BM9NZ,the person puts food.,the person eats food.,A1:test,,,
neg_f98d86dc62316ad6,XE19C,person walks the door.,person closes the door.,A3:test,,,
neg_f9af84359af2d8b9,7O6FK,person walking down the stairs.,person running down the stairs.,A3:test,,,
neg_f9b9802cf14c2658,SQKR0,person puts on their shoes.,person takes off their shoes.,C1:train;C2_alt:train,,,
neg_f9bfb79b3f699e08,FTYFA,a person walks a door.,a person opens a door.,A3:test,,,
neg_f9c4286d915cbe50,AAQHJ,a person is sitting on a bed.,a person is sitting on a chair.,A1:test;A2_alt:test;A3:test;C1:test;C2_alt:test,,,
neg_f9c9f6454e050ef8,D07V2,person they open the closet.,person they open the refrigerator.,A1:train;A2_alt:train;A3:train;C1:train;C2_alt:train,,,
neg_f9f12db7ee9e69a4,72M7T,the person is also running with a phone.,the person is also playing with a phone.,A3:test,,,
neg_f9f2e9702aaa1401,PH5VU,next the person walks the doors to the wardrobe.,next the person closes the doors to the wardrobe.,A3:test,,,
neg_f9fb54435b52907b,SP1QS,person puts coffee into a glass.,person pours coffee into a glass.,A1:val,,,
neg_fa2c7726330fd954,SJ51G,person took the blanket away.,person put the blanket away.,A1:test,,,
neg_fa33932ba4253d5d,YOCRB,person sit down in a bed.,person sit down in a chair.,A1:test;A2_alt:test;A3:test;C1:test;C2_alt:test,,,
neg_fa471e939ee66d9c,GLGQJ,person opens the window.,person closes the window.,C1:train;C2_alt:train,,,
neg_fa626ab951c3c485,6OROW,a person is sitting on a sofa opening a book.,a person is sitting on a chair opening a book.,A1:train;A2_alt:train;A3:train,,,
neg_fa6464c7b6d26c5c,9RRED,person sits down on a bed.,person sits down on a sofa.,A1:test;A2_alt:test;A3:test;C1:test;C2_alt:test,,,
neg_fa9324161cc2ca50,I1OLQ,a person opens a cabinet.,a person opens a door.,A1:train;A2_alt:train;A3:train,,,
neg_fa9356306fab6b37,D04GX,person putting a sandwich.,person eating a sandwich.,A1:test,,,
neg_faa5635813069f74,EJIKG,person takes a picture from a box.,person takes a book from a box.,C1:train;C2_alt:train,,,
neg_fafb38bc03f8989f,UUPJS,a person taking a broom puts it down.,a person holding a broom puts it down.,A1:test,,,
neg_fb046a897166dd2e,5GP8M,a person running into a walk-in closet holding a phone.,a person walking into a walk-in closet holding a phone.,A3:test,,,
neg_fb1cc678ee3763bb,C4E9X,person open a refrigerator.,person open a cabinet.,A1:train;A2_alt:train;A3:train,,,
neg_fb259e1fd83e7264,C2QK3,a person opens up a closet.,a person opens up a refrigerator.,C1:train;C2_alt:train,,,
neg_fb263c24fec3ebd7,CZPU9,a person walks clothes on a doorknob.,a person puts clothes on a doorknob.,A3:val,,,
neg_fb426c25ad05a6db,WF3NY,person opening the refrigerator.,person opening the cabinet.,A1:train;A2_alt:train;A3:train,,,
neg_fb44a785df9dcb51,HY4FS,a person runs into a bathroom holding dishes.,a person walks into a bathroom holding dishes.,A3:test,,,
neg_fb4c2c55fc803b92,V9RT3,a person takes a phone on a chair.,a person puts a phone on a chair.,A1:val,,,
neg_fb5db87973e07515,UQJ58,person walking the door.,person closing the door.,A3:val,,,
neg_fb63caeeb531b79c,IBX56,a person puts a sandwich.,a person eats a sandwich.,A1:val,,,
neg_fb6d2db79220e01a,AQ0CP,person closing a cabinet in a laundry room.,person closing a door in a laundry room.,A1:train;A2_alt:train;A3:train,,,
neg_fb744db394ca8c7c,IWTWJ,person later sits on the bed.,person later sits on the couch.,A1:test;A2_alt:test;A3:test;C1:test;C2_alt:test,,,
neg_fb92a6fa4a5ac880,EJL2F,person closes the door.,person opens the door.,A1:train;A2_alt:train;A3:train;C1:train;C2_alt:train,,,
neg_fbae94b28f494891,00YZL,person open the closet.,person open the refrigerator.,A1:train;A2_alt:train;A3:train;C1:train;C2_alt:train,,,
neg_fbba7ae232d8c51d,QKP9V,person closes a door to another room.,person opens a door to another room.,A1:train;A2_alt:train;A3:train;C1:train;C2_alt:train,,,
neg_fbc15e2a52c6b185,TRUIW,person opens a cabinet.,person opens a door.,A1:train;A2_alt:train;A3:train,,,
neg_fbcbe4258f25020c,OJ6SX,person opens a closet.,person opens a door.,A1:train;A2_alt:train;A3:train;C1:train;C2_alt:train,,,
neg_fbdcf2a69e688e92,W7EDM,person sits on the couch.,person sits on the bed.,A1:test;A2_alt:test;A3:test;C1:test;C2_alt:test,,,
neg_fbe90f872cf888f0,8CCEV,a person is taking a pillow with their laptop open.,a person is snuggling a pillow with their laptop open.,A1:test,,,
neg_fbecc1b8bcd364f8,KTQEL,person puts a paper on the shelf.,person puts a picture on the shelf.,C1:train;C2_alt:train,,,
neg_fbeccf81433a6d87,0O6RK,person takes a light.,person fixes a light.,A1:test,,,
neg_fbff75597953162a,P0DXX,a person walks clothes.,a person throws clothes.,A3:val,,,
neg_fc010c391d287f6b,DYVUY,person opens the door.,person closes the door.,A1:train;A2_alt:train;A3:train;C1:train;C2_alt:train,,,
neg_fc02c8dea63237fa,K8MMX,the person opens the closet.,the person opens the door.,A1:train;A2_alt:train;A3:train;C1:train;C2_alt:train,,,
neg_fc14dc2cb6cd5eda,S2EXT,person opens the cabinet.,person opens the door.,A1:train;A2_alt:train;A3:train,,,
neg_fc303473458e44c6,3Q3YY,a person closes a cabinet.,a person closes a door.,A1:train;A2_alt:train;A3:train,,,
neg_fc30879cd7febadd,NATEB,the person walks doors to a large cupboard.,the person closes doors to a large cupboard.,A3:test,,,
neg_fc3d51cfea55be69,GKBSR,person walks the door.,person opens the door.,A3:test,,,
neg_fc4dd99288b14311,4K0BP,person takes a glass of water from the shelf.,person drinks a glass of water from the shelf.,A1:test,,,
neg_fc4f44fabf43e13b,HKJUR,the person is closing the cabinet.,the person is closing the refrigerator.,A1:train;A2_alt:train;A3:train,,,
neg_fc59b77a6100491c,8H570,a person is pouring junk food.,a person is eating junk food.,A2_alt:test,,,
neg_fc61c8cf2fe41e35,113YU,a person opens a refrigerator in their entryway.,a person opens a cabinet in their entryway.,A1:train;A2_alt:train;A3:train,,,
neg_fc68ed531b0c9ed5,ZF5CP,the person walks the closet door.,the person closes the closet door.,A3:val,,,
neg_fc6caca6ccb3f184,S06H3,a person takes some food on a shelf.,a person puts some food on a shelf.,A1:test,,,
neg_fc724be488853b23,JS3TB,person putting a sandwich.,person eating a sandwich.,A1:test,,,
neg_fc77024af34250eb,GUCB4,person they put something into a glass.,person they pour something into a glass.,A1:val,,,
neg_fc7e755c60881cce,XEJ35,the person puts a book.,the person opens a book.,A1:test,,,
neg_fc81e745b9185d7a,EDVAM,person sitting on a bed.,person sitting on a couch.,A1:val;A2_alt:val;A3:val;C1:val;C2_alt:val,,,
neg_fc977edfd3cfd0ab,TUJF4,person puts a pair of shoes from under a chair.,person takes a pair of shoes from under a chair.,A1:test,,,
neg_fca03300aad43dd0,EMV0A,person sits in a couch.,person sits in a chair.,A1:val;A2_alt:val;A3:val;C1:val;C2_alt:val,,,
neg_fcb237425c626a67,CG9ZL,a person runs through a doorway.,a person walks through a doorway.,A3:val,,,
neg_fcb97f3178a74326,YSE1G,person walked the door.,person closed the door.,A3:test,,,
neg_fcc4d1c4b66ec66f,SJ4QF,person puts a glass.,person washes a glass.,A1:test,,,
neg_fcdfbfa78d0ef33b,0Z1PC,person takes a pillow.,person puts a pillow.,A1:test,,,
neg_fd0513b3e55e2fcf,1440M,person walks a closet door.,person closes a closet door.,A3:test,,,
neg_fd0a3afbd08ecafa,GL7E6,person they put a bag.,person they open a bag.,A1:test,,,
neg_fd19a0154ba04497,JVJZX,the person opens the laptop.,the person closes the laptop.,A1:train;A2_alt:train;A3:train;C1:train;C2_alt:train,,,
neg_fd1fcd37ce87e23a,F2NAW,person close the cabinet.,person close the door.,A1:train;A2_alt:train;A3:train,,,
neg_fd5c55d0cd833fd4,TCI7K,person took a item on the table.,person put a item on the table.,A1:test,,,
neg_fd5c79bfbf9ac557,XWKKZ,person closing door to a room.,person opening door to a room.,A1:train;A2_alt:train;A3:train;C1:train;C2_alt:train,,,
neg_fd6ac460f475ea2b,0O6RK,person putting their food.,person cooking their food.,A1:test,,,
neg_fd6ae53022a83906,OWRDE,person taking some food.,person eating some food.,A1:test,,,
neg_fd70391677ab04b9,7RXMM,the person sits on a bed next to a sink.,the person sits on a chair next to a sink.,A1:test;A2_alt:test;A3:test;C1:test;C2_alt:test,,,
neg_fd704775fab94562,GV9M4,person pours a drink from a glass of water.,person takes a drink from a glass of water.,A2_alt:val,,,
neg_fd71ac35597cf378,W7EDM,a person sits down on a chair.,a person sits down on a bed.,A1:test;A2_alt:test;A3:test;C1:test;C2_alt:test,,,
neg_fd7e5e245ecdc986,HB4AB,person opens a refrigerator.,person opens a cabinet.,A1:train;A2_alt:train;A3:train,,,
neg_fd898cbe5e9d089d,4BEZX,the person sits down in a couch.,the person sits down in a chair.,A1:test;A2_alt:test;A3:test;C1:test;C2_alt:test,,,
neg_fdaa18ac66169167,KXAIZ,person closes a cabinet door.,person opens a cabinet door.,C1:train;C2_alt:train,,,
neg_fdb1a98131083cb3,WKVWF,person taking a cup of water than drinks from it.,person holding a cup of water than drinks from it.,A1:test,,,
neg_fdc6131eb3bc2d72,8ZO48,person sits on a couch.,person sits on a chair.,A1:val;A2_alt:val;A3:val;C1:val;C2_alt:val,,,
neg_fdd113cda71d6b26,UEXO4,a person awakens on a bed.,a person awakens on a sofa.,A1:val;A2_alt:val;A3:val;C1:val;C2_alt:val,,,
neg_fdd22869f75ed419,DRPO3,person opens up box.,person opens up bag.,A1:train;A2_alt:train;A3:train,,,
neg_fdd758ec0c391c0b,N0G70,a person takes food into a sandwich maker.,a person puts food into a sandwich maker.,A1:test,,,
neg_fddad0851537e09d,HA8S9,person takes their shoes under a desk.,person throws their shoes under a desk.,A1:test,,,
neg_fddd2a9c35772950,DR1ZU,a person is putting the light near the stairs.,a person is fixing the light near the stairs.,A1:test,,,
neg_fde11f4bfb85f80c,QXT9W,a person sits down on a sofa.,a person sits down on a chair.,A1:train;A2_alt:train;A3:train,,,
neg_fe0c56d1f8fb88fe,ESM8H,person puts a pair of shoes.,person throws a pair of shoes.,A1:val,,,
neg_fe0f0251e1eb2511,QE4YE,a person is taking a bag.,a person is opening a bag.,A1:test,,,
neg_fe12f3e1e27bc8a8,S8TT8,person sit down in a bed.,person sit down in a chair.,A1:train;A2_alt:train;A3:train,,,
neg_fe24a6500b8600d2,DAA3F,person pour some food.,person take some food.,A2_alt:test,,,
neg_fe287044f7baf220,19MUM,person opens a cabinet.,person opens a door.,A1:train;A2_alt:train;A3:train,,,
neg_fe4726bfe2872e46,5F1AW,the person puts a picture on the shelf.,the person puts a book on the shelf.,C1:train;C2_alt:train,,,
neg_fe57948be04f56cb,0O6RK,person pouring their food.,person cooking their food.,A2_alt:test,,,
neg_fe5a4b2a4194c63f,G87XG,person they sit in a couch.,person they sit in a chair.,A1:train;A2_alt:train;A3:train,,,
neg_fe5b0553486148f3,D6MZ4,person puts a drink from a glass.,person takes a drink from a glass.,A1:test,,,
neg_fe8c9053af85f3e4,UQPO0,person sits down in a bed.,person sits down in a chair.,A1:train;A2_alt:train;A3:train,,,
neg_fe8dc45cd49d0748,1OIPY,person someone is sitting on a sofa in the kitchen.,person someone is sitting on a chair in the kitchen.,A1:train;A2_alt:train;A3:train,,,
neg_fea0fac20cecab36,VPJLN,person walks in through the entryway holding some clothes.,person runs in through the entryway holding some clothes.,A3:val,,,
neg_feaae78c8792ad94,IUVT3,a person is closing the bathroom door.,a person is opening the bathroom door.,A1:train;A2_alt:train;A3:train;C1:train;C2_alt:train,,,
neg_feb5e834667ae879,UCFCB,person opens laptop.,person closes laptop.,A1:train;A2_alt:train;A3:train;C1:train;C2_alt:train,,,
neg_feb7c8a1c456fb65,1OIPY,a person sits in a bed.,a person sits in a chair.,A1:train;A2_alt:train;A3:train,,,
neg_fec2b36bf2aaf1b9,GUCB4,the person puts water into a glass.,the person pours water into a glass.,A1:val,,,
neg_fec907bed8a44e09,E891N,person closes a closet door.,person opens a closet door.,C1:train;C2_alt:train,,,
neg_fedc6ce40eb8573a,QT4WM,a person is opening a refrigerator in their closet.,a person is opening a cabinet in their closet.,A1:train;A2_alt:train;A3:train,,,
neg_fedde91c1bc8ef4f,26RQN,the person starts putting a table.,the person starts washing a table.,A1:test,,,
neg_fee26a994abf86a0,XXS99,the person puts the book.,the person takes the book.,A1:test,,,
neg_ff2174d3a91be582,HQ8ZM,the person takes their phone away.,the person puts their phone away.,A1:test,,,
neg_ff3761666e674a39,EGY7O,person walk the frig door.,person close the frig door.,A3:val,,,
neg_ff3b880997df03c1,7QH3I,a second person is sitting on the chair.,a second person is sitting on the couch.,A1:train;A2_alt:train;A3:train,,,
neg_ff5a4f62f6f005c4,QZZPS,person sitting on the bed wearing a sweater.,person sitting on the couch wearing a sweater.,A1:test;A2_alt:test;A3:test;C1:test;C2_alt:test,,,
neg_ff5bca59985cd1b5,SHMU7,a person takes some bags onto a table.,a person puts some bags onto a table.,A1:val,,,
neg_ff5d50081e1e5742,TK1VC,person sits down on the chair.,person sits down on the couch.,A1:test;A2_alt:test;A3:test;C1:test;C2_alt:test,,,
neg_ff63c60402f875ea,GL2JW,the person walks a cupboard door.,the person closes a cupboard door.,A3:test,,,
neg_ff68cabf252da54c,YMJ6E,a person walks the door.,a person opens the door.,A3:test,,,
neg_ff7b72a20cb61f0d,120YL,person sits down in a bed at the table.,person sits down in a chair at the table.,A1:test;A2_alt:test;A3:test;C1:test;C2_alt:test,,,
neg_ff89beca6a2df00c,2GRGY,the person opens a cabinet.,the person opens a refrigerator.,A1:train;A2_alt:train;A3:train,,,
neg_ffb4de62d3d6b843,T8VDU,person pours a red drinking glass from the table.,person grabs a red drinking glass from the table.,A2_alt:test,,,
neg_ffba350270f6772e,28BVI,the person began putting the kitchen table.,the person began tidying the kitchen table.,A1:test,,,
neg_ffbdd422c37c6880,P36YW,person throwing a pillow.,person holding a pillow.,A1:train;A2_alt:train;A3:train;C1:train;C2_alt:train,,,
neg_ffc0368f93f034d8,06OKE,person is pouring medicine on towel.,person is putting medicine on towel.,A2_alt:val,,,
neg_ffecdf533ba7df2a,U9NI5,a person is running in the kitchen eating a sandwich.,a person is standing in the kitchen eating a sandwich.,A3:test,,,
neg_ffeee581cdec4ab0,DOL47,person closes the cabinet.,person closes the door.,A1:train;A2_alt:train;A3:train,,,
neg_fff088273d89d1e6,TIWRY,person they put the glass.,person they wash the glass.,A1:test,,,
